shape_id,shape_pt_lat,shape_pt_lon,shape_pt_sequence
MBRTB,31.39858134,74.36150052,1
MBRTB,31.40270642,74.36088286,2
MBRTB,31.40636991,74.36036419,3
MBRTB,31.40921021,74.35993431,4
MBRTB,31.41297498,74.35939019,5
MBRTB,31.41395294,74.35922474,6
MBRTB,31.41862949,74.35852252,7
MBRTB,31.4210891,74.35819531,8
MBRTB,31.4215266,74.35808869,9
MBRTB,31.4224053,74.35790487,10
MBRTB,31.42302295,74.35782398,11
MBRTB,31.42431709,74.35770266,12
MBRTB,31.42797525,74.35715118,13
MBRTB,31.43074,74.35675779,14
MBRTB,31.43194591,74.35657028,15
MBRTB,31.43372167,74.35630557,16
MBRTB,31.43463713,74.35616586,17
MBRTB,31.43673643,74.35586806,18
MBRTB,31.43803057,74.35567688,19
MBRTB,31.43967766,74.3554232,20
MBRTB,31.44085415,74.35527982,21
MBRTB,31.44385053,74.35478716,22
MBRTB,31.44592042,74.35440113,23
MBRTB,31.44674764,74.35428348,24
MBRTB,31.44726236,74.35418789,25
MBRTB,31.44773295,74.35406289,26
MBRTB,31.44848664,74.35385332,27
MBRTB,31.45103816,74.35315478,28
MBRTB,31.45239848,74.35277977,29
MBRTB,31.45292422,74.35262168,30
MBRTB,31.45444263,74.35212903,31
MBRTB,31.45518529,74.35187167,32
MBRTB,31.45582501,74.35164372,33
MBRTB,31.45812284,74.3508165,34
MBRTB,31.46035082,74.34987163,35
MBRTB,31.46373691,74.34849293,36
MBRTB,31.46631049,74.34742306,37
MBRTB,31.46778846,74.34681276,38
MBRTB,31.46907157,74.34624657,39
MBRTB,31.46972967,74.34594509,40
MBRTB,31.47060468,74.34557009,41
MBRTB,31.47104587,74.34540832,42
MBRTB,31.47157896,74.34520243,43
MBRTB,31.47174808,74.34509581,44
MBRTB,31.47207162,74.34497081,45
MBRTB,31.4728731,74.34462522,46
MBRTB,31.47636949,74.34324284,47
MBRTB,31.47876292,74.34222444,48
MBRTB,31.47989897,74.34172811,49
MBRTB,31.48286225,74.34050014,50
MBRTB,31.48478876,74.33967292,51
MBRTB,31.48737336,74.3386104,52
MBRTB,31.48958296,74.33766921,53
MBRTB,31.49296905,74.33624272,54
MBRTB,31.49718236,74.33453313,55
MBRTB,31.50010153,74.3332831,56
MBRTB,31.50123023,74.33280148,57
MBRTB,31.50361262,74.33183087,58
MBRTB,31.50439572,74.33149998,59
MBRTB,31.5051825,74.33115439,60
MBRTB,31.50578546,74.3309338,61
MBRTB,31.5081752,74.33001834,62
MBRTB,31.5105098,74.32917641,63
MBRTB,31.51191056,74.32881244,64
MBRTB,31.51308338,74.32858081,65
MBRTB,31.51370471,74.32849625,66
MBRTB,31.5155393,74.32837861,67
MBRTB,31.51705771,74.32827199,68
MBRTB,31.51736287,74.32824625,69
MBRTB,31.51764596,74.32818375,70
MBRTB,31.51812391,74.32804036,71
MBRTB,31.51860921,74.32776095,72
MBRTB,31.51895481,74.3274705,73
MBRTB,31.51920113,74.32718373,74
MBRTB,31.52001365,74.3259815,75
MBRTB,31.52048425,74.32545944,76
MBRTB,31.52067543,74.32527561,77
MBRTB,31.52106882,74.3250256,78
MBRTB,31.52159456,74.32467633,79
MBRTB,31.52198795,74.32452927,80
MBRTB,31.52235744,74.32439508,81
MBRTB,31.52252472,74.32431787,82
MBRTB,31.52281149,74.32422412,83
MBRTB,31.52303209,74.32412118,84
MBRTB,31.52322327,74.32409176,85
MBRTB,31.52337952,74.32404029,86
MBRTB,31.52359276,74.32393551,87
MBRTB,31.52376372,74.32390978,88
MBRTB,31.52402843,74.32383073,89
MBRTB,31.5242674,74.3237572,90
MBRTB,31.52438505,74.32370021,91
MBRTB,31.52463138,74.32366161,92
MBRTB,31.52505234,74.3235458,93
MBRTB,31.52601192,74.32325535,94
MBRTB,31.52673252,74.32301638,95
MBRTB,31.52762592,74.32270387,96
MBRTB,31.52882814,74.32225533,97
MBRTB,31.5297914,74.32197959,98
MBRTB,31.53194585,74.32128841,99
MBRTB,31.53307454,74.3209134,100
MBRTB,31.53450104,74.3204428,101
MBRTB,31.53539444,74.32016339,102
MBRTB,31.53600842,74.31996118,103
MBRTB,31.53707461,74.31968176,104
MBRTB,31.53856361,74.3192994,105
MBRTB,31.53959304,74.31903101,106
MBRTB,31.54027688,74.31881042,107
MBRTB,31.54060409,74.31865968,108
MBRTB,31.54136881,74.31824423,109
MBRTB,31.54180264,74.31800894,110
MBRTB,31.54228794,74.31778834,111
MBRTB,31.54452695,74.3168545,112
MBRTB,31.54619978,74.31617802,113
MBRTB,31.54678067,74.31591331,114
MBRTB,31.54781378,74.31551624,115
MBRTB,31.54956748,74.31479197,116
MBRTB,31.55027706,74.31450152,117
MBRTB,31.55125869,74.31410078,118
MBRTB,31.55140943,74.31400519,119
MBRTB,31.55158223,74.3139096,120
MBRTB,31.55177341,74.31374783,121
MBRTB,31.55206385,74.31345003,122
MBRTB,31.55278813,74.31272943,123
MBRTB,31.55302343,74.31251251,124
MBRTB,31.55384146,74.31160992,125
MBRTB,31.55433411,74.31101433,126
MBRTB,31.55460801,74.31071836,127
MBRTB,31.55482861,74.31055292,128
MBRTB,31.55502714,74.3104463,129
MBRTB,31.5551981,74.31037093,130
MBRTB,31.55584149,74.31016505,131
MBRTB,31.55643341,74.30994445,132
MBRTB,31.55734887,74.30956577,133
MBRTB,31.55778638,74.3093893,134
MBRTB,31.5583158,74.30922385,135
MBRTB,31.55910993,74.30908047,136
MBRTB,31.56005266,74.30885297,137
MBRTB,31.56032748,74.30870315,138
MBRTB,31.56052969,74.30852759,139
MBRTB,31.56071628,74.30829413,140
MBRTB,31.5608376,74.3080956,141
MBRTB,31.56091481,74.30795222,142
MBRTB,31.56104717,74.30774633,143
MBRTB,31.56119423,74.30752206,144
MBRTB,31.56149938,74.30706985,145
MBRTB,31.56222366,74.30580604,146
MBRTB,31.56225767,74.30565162,147
MBRTB,31.56226961,74.30555971,148
MBRTB,31.5622641,74.30546228,149
MBRTB,31.56222825,74.30529776,150
MBRTB,31.56221722,74.30521136,151
MBRTB,31.56223469,74.30513599,152
MBRTB,31.56228616,74.30506062,153
MBRTB,31.56236337,74.30500639,154
MBRTB,31.5624516,74.30495584,155
MBRTB,31.5627972,74.30491816,156
MBRTB,31.56309132,74.30488782,157
MBRTB,31.56329261,74.30487312,158
MBRTB,31.56364678,74.30485061,159
MBRTB,31.56470194,74.30475135,160
MBRTB,31.56508798,74.30468149,161
MBRTB,31.56522401,74.30463002,162
MBRTB,31.56532696,74.3045712,163
MBRTB,31.56551814,74.30443884,164
MBRTB,31.56589682,74.30410428,165
MBRTB,31.56613947,74.30392045,166
MBRTB,31.56644462,74.30376971,167
MBRTB,31.56664683,74.30372927,168
MBRTB,31.5668086,74.30372559,169
MBRTB,31.56697037,74.30374398,170
MBRTB,31.56707699,74.30376603,171
MBRTB,31.56815421,74.30415207,172
MBRTB,31.5683748,74.30423296,173
MBRTB,31.56928291,74.30459326,174
MBRTB,31.57054764,74.30505282,175
MBRTB,31.57163221,74.30545724,176
MBRTB,31.57257341,74.30582857,177
MBRTB,31.57309548,74.30595725,178
MBRTB,31.57355504,74.30608593,179
MBRTB,31.57517272,74.30672932,180
MBRTB,31.57620582,74.30713007,181
MBRTB,31.576397,74.30718154,182
MBRTB,31.57660657,74.30719624,183
MBRTB,31.57681981,74.30716683,184
MBRTB,31.57705878,74.3070933,185
MBRTB,31.57718378,74.30702712,186
MBRTB,31.57755511,74.30678079,187
MBRTB,31.57831616,74.30629917,188
MBRTB,31.57871322,74.30615211,189
MBRTB,31.57897426,74.30608961,190
MBRTB,31.57915808,74.30606387,191
MBRTB,31.57936765,74.30605284,192
MBRTB,31.57968383,74.30609328,193
MBRTB,31.57993751,74.30613005,194
MBRTB,31.58101106,74.30636902,195
MBRTB,31.58224637,74.30651241,196
MBRTB,31.58351846,74.30663373,197
MBRTB,31.58472436,74.30674403,198
MBRTB,31.58559202,74.30677712,199
MBRTB,31.58622071,74.30674771,200
MBRTB,31.58706264,74.30666315,201
MBRTB,31.5881031,74.30658594,202
MBRTB,31.58829428,74.30658594,203
MBRTB,31.58887884,74.3066227,204
MBRTB,31.5898421,74.30664476,205
MBRTB,31.59010681,74.30663741,206
MBRTB,31.59033475,74.3066227,207
MBRTB,31.59047078,74.30659697,208
MBRTB,31.59060682,74.30651241,209
MBRTB,31.59080903,74.30632123,210
MBRTB,31.59177228,74.30503812,211
MBRTB,31.59293774,74.30351235,212
MBRTB,31.59325025,74.30318882,213
MBRTB,31.59415835,74.30245719,214
MBRTB,31.5964856,74.30049759,215
MBRTB,31.59850769,74.29884683,216
MBRTB,31.59873196,74.29870712,217
MBRTB,31.59893417,74.29861153,218
MBRTB,31.59916212,74.29857477,219
MBRTB,31.59933491,74.29857109,220
MBRTB,31.59947094,74.29859315,221
MBRTB,31.59961433,74.29862256,222
MBRTB,31.5999011,74.29873653,223
MBRTB,31.60120639,74.29932678,224
MBRTB,31.60220996,74.29971817,225
MBRTB,31.6024232,74.29975493,226
MBRTB,31.60268056,74.29978435,227
MBRTB,31.60294159,74.29978067,228
MBRTB,31.60327616,74.29973655,229
MBRTB,31.6036769,74.29962258,230
MBRTB,31.60398205,74.29946081,231
MBRTB,31.60441956,74.29913728,232
MBRTB,31.60505928,74.29863727,233
MBRTB,31.6058865,74.29789093,234
MBRTB,31.60659607,74.29735416,235
MBRTB,31.60713285,74.29693503,236
MBRTB,31.60868067,74.29567398,237
MBRTB,31.60997113,74.29463352,238
MBRTB,31.61016966,74.2944166,239
MBRTB,31.61042335,74.29418498,240
MBRTB,31.61115865,74.29353791,241
MBRTB,31.6119197,74.2929607,242
MBRTB,31.61446018,74.29105257,243
MBRTB,31.61469916,74.2909386,244
MBRTB,31.6148646,74.29089081,245
MBRTB,31.61587197,74.29076213,246
MBRTB,31.61612933,74.29073639,247
MBRTF,31.61612892,74.29076212,1
MBRTF,31.61587115,74.29079091,2
MBRTF,31.6148646,74.29089081,3
MBRTF,31.61469916,74.2909386,4
MBRTF,31.61446018,74.29105257,5
MBRTF,31.6119197,74.2929607,6
MBRTF,31.61115865,74.29353791,7
MBRTF,31.61042335,74.29418498,8
MBRTF,31.61016966,74.2944166,9
MBRTF,31.60997113,74.29463352,10
MBRTF,31.60868067,74.29567398,11
MBRTF,31.60713285,74.29693503,12
MBRTF,31.60659607,74.29735416,13
MBRTF,31.6058865,74.29789093,14
MBRTF,31.60505928,74.29863727,15
MBRTF,31.60441956,74.29913728,16
MBRTF,31.60398205,74.29946081,17
MBRTF,31.6036769,74.29962258,18
MBRTF,31.60327616,74.29973655,19
MBRTF,31.60294159,74.29978067,20
MBRTF,31.60268056,74.29978435,21
MBRTF,31.6024232,74.29975493,22
MBRTF,31.60220996,74.29971817,23
MBRTF,31.601193,74.29933883,24
MBRTF,31.5999011,74.29873653,25
MBRTF,31.59961433,74.29862256,26
MBRTF,31.59947094,74.29859315,27
MBRTF,31.59933491,74.29857109,28
MBRTF,31.59916212,74.29857477,29
MBRTF,31.59893417,74.29861153,30
MBRTF,31.59873196,74.29870712,31
MBRTF,31.59850769,74.29884683,32
MBRTF,31.5964856,74.30049759,33
MBRTF,31.59415835,74.30245719,34
MBRTF,31.59325025,74.30318882,35
MBRTF,31.59293774,74.30351235,36
MBRTF,31.59177228,74.30503812,37
MBRTF,31.59080903,74.30632123,38
MBRTF,31.59060682,74.30651241,39
MBRTF,31.59047078,74.30659697,40
MBRTF,31.59033475,74.3066227,41
MBRTF,31.59010681,74.30663741,42
MBRTF,31.5898421,74.30664476,43
MBRTF,31.58887884,74.3066227,44
MBRTF,31.58829038,74.30660248,45
MBRTF,31.58810185,74.30660248,46
MBRTF,31.58707256,74.3066769,47
MBRTF,31.58622628,74.30676929,48
MBRTF,31.58559424,74.30679474,49
MBRTF,31.58472251,74.30676126,50
MBRTF,31.58352137,74.30665547,51
MBRTF,31.58224792,74.30653228,52
MBRTF,31.58102937,74.30639703,53
MBRTF,31.57993751,74.30613005,54
MBRTF,31.57968383,74.30609328,55
MBRTF,31.57936765,74.30605284,56
MBRTF,31.57915808,74.30606387,57
MBRTF,31.57897426,74.30608961,58
MBRTF,31.57871322,74.30615211,59
MBRTF,31.57831616,74.30629917,60
MBRTF,31.57755511,74.30678079,61
MBRTF,31.57718378,74.30702712,62
MBRTF,31.57705878,74.3070933,63
MBRTF,31.57681981,74.30716683,64
MBRTF,31.57660657,74.30719624,65
MBRTF,31.57639353,74.30720181,66
MBRTF,31.57619802,74.30714825,67
MBRTF,31.57517272,74.30672932,68
MBRTF,31.57355504,74.30608593,69
MBRTF,31.57309541,74.30598059,70
MBRTF,31.57257341,74.30582857,71
MBRTF,31.57163221,74.30545724,72
MBRTF,31.57053408,74.30510307,73
MBRTF,31.56926895,74.30464336,74
MBRTF,31.56836079,74.30428304,75
MBRTF,31.56814084,74.30420239,76
MBRTF,31.5670664,74.30381735,77
MBRTF,31.56696424,74.30379621,78
MBRTF,31.56680685,74.30377833,79
MBRTF,31.5666511,74.30378187,80
MBRTF,31.56645738,74.30382061,81
MBRTF,31.56616069,74.30396717,82
MBRTF,31.56592273,74.30414744,83
MBRTF,31.56554332,74.30448265,84
MBRTF,31.5653484,74.30461759,85
MBRTF,31.56524096,74.30467899,86
MBRTF,31.56509845,74.30473291,87
MBRTF,31.56470722,74.30480371,88
MBRTF,31.56367751,74.30488072,89
MBRTF,31.56358548,74.30488561,90
MBRTF,31.56338756,74.30490923,91
MBRTF,31.56324748,74.30494425,92
MBRTF,31.56310087,74.30499963,93
MBRTF,31.5629901,74.30505502,94
MBRTF,31.56293175,74.30508495,95
MBRTF,31.56282232,74.30517556,96
MBRTF,31.56270178,74.30528307,97
MBRTF,31.5626312,74.30535628,98
MBRTF,31.56257473,74.30543456,99
MBRTF,31.56245581,74.3056056,100
MBRTF,31.56236948,74.30572451,101
MBRTF,31.56230921,74.30582713,102
MBRTF,31.56206813,74.30619527,103
MBRTF,31.56153589,74.30710085,104
MBRTF,31.56122985,74.30755438,105
MBRTF,31.56110869,74.3077623,106
MBRTF,31.56100281,74.30801153,107
MBRTF,31.56094579,74.30819886,108
MBRTF,31.56091484,74.30839107,109
MBRTF,31.5608953,74.30849532,110
MBRTF,31.56089367,74.30859306,111
MBRTF,31.56087249,74.30866962,112
MBRTF,31.56081711,74.30873152,113
MBRTF,31.56074706,74.30875921,114
MBRTF,31.5606363,74.30878853,115
MBRTF,31.56042616,74.30883251,116
MBRTF,31.56006696,74.30890331,117
MBRTF,31.55909696,74.30909803,118
MBRTF,31.55831996,74.30924626,119
MBRTF,31.55780684,74.30940427,120
MBRTF,31.55726115,74.30961766,121
MBRTF,31.55646949,74.30994507,122
MBRTF,31.55583421,74.31018778,123
MBRTF,31.55523476,74.31037022,124
MBRTF,31.55503929,74.3104647,125
MBRTF,31.55486662,74.31054289,126
MBRTF,31.55461413,74.31073755,127
MBRTF,31.5543421,74.31102342,128
MBRTF,31.55386157,74.31162124,129
MBRTF,31.55309923,74.312452,130
MBRTF,31.55281742,74.31272892,131
MBRTF,31.55211372,74.31341307,132
MBRTF,31.55178794,74.31374944,133
MBRTF,31.55158839,74.31391885,134
MBRTF,31.55144097,74.31401414,135
MBRTF,31.55125039,74.31412165,136
MBRTF,31.55031213,74.31450934,137
MBRTF,31.5496182,74.31478952,138
MBRTF,31.54781334,74.31553882,139
MBRTF,31.54679363,74.31594117,140
MBRTF,31.54619256,74.31620506,141
MBRTF,31.54454408,74.31686396,142
MBRTF,31.54228149,74.31781526,143
MBRTF,31.54181399,74.31802865,144
MBRTF,31.54139372,74.31824692,145
MBRTF,31.54060695,74.31868837,146
MBRTF,31.54026976,74.31883986,147
MBRTF,31.53959538,74.31905487,148
MBRTF,31.5385382,74.31933505,149
MBRTF,31.53704447,74.31971296,150
MBRTF,31.53599707,74.31998337,151
MBRTF,31.53538133,74.32018698,152
MBRTF,31.53448379,74.32046227,153
MBRTF,31.53305033,74.32094281,154
MBRTF,31.531928,74.32131257,155
MBRTF,31.52978106,74.32200161,156
MBRTF,31.52882488,74.32228668,157
MBRTF,31.52760318,74.32273463,158
MBRTF,31.52672072,74.3230425,159
MBRTF,31.52599931,74.32328174,160
MBRTF,31.52502132,74.32357353,161
MBRTF,31.52466133,74.3236729,162
MBRTF,31.52439256,74.32372339,163
MBRTF,31.52426876,74.32377878,164
MBRTF,31.52399021,74.32386348,165
MBRTF,31.52378659,74.32391887,166
MBRTF,31.52359764,74.32396285,167
MBRTF,31.52337285,74.32406221,168
MBRTF,31.52323113,74.32411597,169
MBRTF,31.5230438,74.32414529,170
MBRTF,31.52281086,74.32424791,171
MBRTF,31.52254046,74.32433587,172
MBRTF,31.52234662,74.32441406,173
MBRTF,31.52196708,74.32455089,174
MBRTF,31.52161197,74.32468772,175
MBRTF,31.52107116,74.32504609,176
MBRTF,31.52069162,74.32529206,177
MBRTF,31.5205043,74.32545658,178
MBRTF,31.52002213,74.32600227,179
MBRTF,31.51921418,74.32720116,180
MBRTF,31.51896007,74.32748949,181
MBRTF,31.51861148,74.32778432,182
MBRTF,31.51810651,74.32806124,183
MBRTF,31.51764596,74.32818375,184
MBRTF,31.51736287,74.32824625,185
MBRTF,31.51634889,74.32832676,186
MBRTF,31.51526728,74.32840495,187
MBRTF,31.51365464,74.3285096,188
MBRTF,31.51257954,74.32873399,189
MBRTF,31.51191923,74.32886413,190
MBRTF,31.5104489,74.32920679,191
MBRTF,31.50798921,74.33010922,192
MBRTF,31.50578038,74.33095952,193
MBRTF,31.50519721,74.33120419,194
MBRTF,31.50441135,74.33154938,195
MBRTF,31.50361716,74.33185543,196
MBRTF,31.50123023,74.33280148,197
MBRTF,31.50011704,74.33333254,198
MBRTF,31.4971845,74.33455783,199
MBRTF,31.49293951,74.33626821,200
MBRTF,31.48959835,74.3377187,201
MBRTF,31.48738859,74.33865996,202
MBRTF,31.48478018,74.33971503,203
MBRTF,31.48287759,74.34054965,204
MBRTF,31.47991442,74.34177756,205
MBRTF,31.47878083,74.34224639,206
MBRTF,31.47636949,74.34324284,207
MBRTF,31.4728731,74.34462522,208
MBRTF,31.47207162,74.34497081,209
MBRTF,31.47174808,74.34509581,210
MBRTF,31.47157896,74.34520243,211
MBRTF,31.47104587,74.34540832,212
MBRTF,31.47060468,74.34557009,213
MBRTF,31.46972967,74.34594509,214
MBRTF,31.46906987,74.3462517,215
MBRTF,31.46778604,74.3468182,216
MBRTF,31.46631049,74.34742306,217
MBRTF,31.463679,74.348508,218
MBRTF,31.46032177,74.34988934,219
MBRTF,31.45812284,74.3508165,220
MBRTF,31.45581614,74.35167302,221
MBRTF,31.45517923,74.35189537,222
MBRTF,31.45436965,74.3521788,223
MBRTF,31.4529359,74.35267252,224
MBRTF,31.45240929,74.35283086,225
MBRTF,31.45103848,74.3531806,226
MBRTF,31.44849246,74.35387615,227
MBRTF,31.44771546,74.35409443,228
MBRTF,31.44725285,74.35420519,229
MBRTF,31.44672181,74.35430782,230
MBRTF,31.44592201,74.35443324,231
MBRTF,31.44385724,74.3548392,232
MBRTF,31.44082182,74.35530798,233
MBRTF,31.43954637,74.35544807,234
MBRTF,31.43790766,74.3557087,235
MBRTF,31.43674786,74.35589277,236
MBRTF,31.43460419,74.35620064,237
MBRTF,31.43370339,74.35633584,238
MBRTF,31.43190505,74.35660298,239
MBRTF,31.43065566,74.35679845,240
MBRTF,31.42795163,74.357178,241
MBRTF,31.4242849,74.35772206,242
MBRTF,31.42300619,74.35784423,243
MBRTF,31.42238068,74.35792405,244
MBRTF,31.4214587,74.35813418,245
MBRTF,31.42107916,74.35821725,246
MBRTF,31.41863493,74.35857474,247
MBRTF,31.41395906,74.35927686,248
MBRTF,31.41298337,74.35941778,249
MBRTF,31.40921571,74.35998652,250
MBRTF,31.40636648,74.36039092,251
MBRTF,31.40266734,74.36090173,252
MBRTF,31.39859501,74.36152887,253
FRT03F,31.6848334,74.2763845,1
FRT03F,31.6843906,74.2765028,2
FRT03F,31.6841219,74.2765739,3
FRT03F,31.6838868,74.2766359,4
FRT03F,31.6833961,74.276754,5
FRT03F,31.6813675,74.2771838,6
FRT03F,31.680055,74.2774533,7
FRT03F,31.6793372,74.2775995,8
FRT03F,31.6780692,74.277861,9
FRT03F,31.6773679,74.2780032,10
FRT03F,31.676767,74.2781239,11
FRT03F,31.675883,74.278309,12
FRT03F,31.6742606,74.2786543,13
FRT03F,31.6730833,74.2789044,14
FRT03F,31.6723511,74.2790593,15
FRT03F,31.6718735,74.2791572,16
FRT03F,31.6703965,74.2794845,17
FRT03F,31.6693658,74.2797279,18
FRT03F,31.6686017,74.2798915,19
FRT03F,31.6675396,74.2801054,20
FRT03F,31.6669392,74.2802348,21
FRT03F,31.6660848,74.2804192,22
FRT03F,31.664868,74.2806767,23
FRT03F,31.6638824,74.2808926,24
FRT03F,31.6631764,74.2810482,25
FRT03F,31.6627255,74.2811441,26
FRT03F,31.6622335,74.2812473,27
FRT03F,31.6617963,74.2813285,28
FRT03F,31.6610441,74.281474,29
FRT03F,31.6606491,74.281541,30
FRT03F,31.6602901,74.2816188,31
FRT03F,31.6600287,74.2816738,32
FRT03F,31.6595618,74.2817677,33
FRT03F,31.6579922,74.2820721,34
FRT03F,31.6569414,74.282282,35
FRT03F,31.6556337,74.2825475,36
FRT03F,31.6542981,74.2828191,37
FRT03F,31.6536263,74.2829646,38
FRT03F,31.6528214,74.2831168,39
FRT03F,31.6519133,74.2833106,40
FRT03F,31.6514618,74.2834018,41
FRT03F,31.6508647,74.2835185,42
FRT03F,31.650476,74.2835929,43
FRT03F,31.6501221,74.2836613,44
FRT03F,31.6494399,74.2838015,45
FRT03F,31.6487943,74.2839282,46
FRT03F,31.6480705,74.2840751,47
FRT03F,31.6472365,74.2842527,48
FRT03F,31.6465744,74.2843962,49
FRT03F,31.6457021,74.2845867,50
FRT03F,31.644714,74.2847986,51
FRT03F,31.6439707,74.2849609,52
FRT03F,31.6431664,74.2851372,53
FRT03F,31.6425082,74.2852827,54
FRT03F,31.6411175,74.2855804,55
FRT03F,31.640429,74.2857327,56
FRT03F,31.6396738,74.2858688,57
FRT03F,31.6385229,74.286072,58
FRT03F,31.6383847,74.2860948,59
FRT03F,31.638057,74.2861652,60
FRT03F,31.6374262,74.2863066,61
FRT03F,31.6367793,74.2864515,62
FRT03F,31.6363106,74.2865548,63
FRT03F,31.6358179,74.2866661,64
FRT03F,31.6349993,74.2868552,65
FRT03F,31.6344615,74.2869759,66
FRT03F,31.6341811,74.2870389,67
FRT03F,31.6335994,74.2871717,68
FRT03F,31.6330724,74.287295,69
FRT03F,31.6325432,74.2873742,70
FRT03F,31.631423,74.2875934,71
FRT03F,31.6308892,74.2877048,72
FRT03F,31.6302703,74.2878288,73
FRT03F,31.6296514,74.2879609,74
FRT03F,31.6289337,74.2881124,75
FRT03F,31.6284992,74.2882023,76
FRT03F,31.6277678,74.2883599,77
FRT03F,31.6272528,74.2884692,78
FRT03F,31.6264232,74.2886435,79
FRT03F,31.6256335,74.2888051,80
FRT03F,31.6240428,74.2891384,81
FRT03F,31.6230053,74.2893563,82
FRT03F,31.6222248,74.2895186,83
FRT03F,31.6212238,74.2897285,84
FRT03F,31.6205563,74.2898666,85
FRT03F,31.6195142,74.2900899,86
FRT03F,31.6186634,74.2902703,87
FRT03F,31.6183431,74.2903474,88
FRT03F,31.618065,74.2904527,89
FRT03F,31.6178743,74.2905352,90
FRT03F,31.6174974,74.2907142,91
FRT03F,31.6174078,74.2907913,92
FRT03F,31.6172898,74.2908919,93
FRT03F,31.6170536,74.2909784,94
FRT03F,31.6169589,74.2910116,95
FRT03F,31.6167928,74.2910394,96
FRT03F,31.6162446,74.2911252,97
FRT03F,31.6157626,74.2911682,98
FRT03F,31.6153721,74.2911708,99
FRT03F,31.6150569,74.2912889,100
FRT03F,31.6146845,74.2914391,101
FRT03F,31.6142209,74.2917261,102
FRT03F,31.6139068,74.2919299,103
FRT03F,31.6134534,74.2922102,104
FRT03F,31.6129737,74.2925012,105
FRT03F,31.6125957,74.2927426,106
FRT03F,31.6122896,74.2929746,107
FRT03F,31.6119401,74.2932428,108
FRT03F,31.6117242,74.2934078,109
FRT03F,31.6113291,74.2936572,110
FRT03F,31.6112388,74.2937297,111
FRT03F,31.6108951,74.2939791,112
FRT03F,31.6104907,74.2942661,113
FRT03F,31.610051,74.2946067,114
FRT03F,31.6096684,74.2949232,115
FRT03F,31.6092618,74.2952652,116
FRT03F,31.6087615,74.2956823,117
FRT03F,31.6082796,74.2960846,118
FRT03F,31.6077153,74.2965379,119
FRT03F,31.6073316,74.2968383,120
FRT03F,31.6069878,74.2971106,121
FRT03F,31.6065812,74.2974378,122
FRT03F,31.6062488,74.2977208,123
FRT03F,31.6052619,74.2985737,124
FRT03F,31.6044738,74.2992014,125
FRT03F,31.6041163,74.2994629,126
FRT03F,31.6037314,74.2997029,127
FRT03F,31.603174,74.2998532,128
FRT03F,31.6026349,74.2999041,129
FRT03F,31.6022739,74.2998585,130
FRT03F,31.601817,74.2997432,131
FRT03F,31.6011066,74.2994562,132
FRT03F,31.6000694,74.2989868,133
FRT03F,31.5996479,74.2987977,134
FRT03F,31.5994686,74.2987427,135
FRT03F,31.5991887,74.2987253,136
FRT03F,31.5988894,74.2987749,137
FRT03F,31.598573,74.2989103,138
FRT03F,31.598147,74.2992577,139
FRT03F,31.5974879,74.2998075,140
FRT03F,31.5971612,74.3000489,141
FRT03F,31.5961937,74.3008724,142
FRT03F,31.595731,74.3012653,143
FRT03F,31.5951176,74.3017951,144
FRT03F,31.5941089,74.3026775,145
FRT03F,31.5935949,74.3030342,146
FRT03F,31.5931357,74.3034285,147
FRT03F,31.5928341,74.3037397,148
FRT03F,31.5923909,74.3043083,149
FRT03F,31.5919156,74.3050057,150
FRT03F,31.5916484,74.3054187,151
FRT03F,31.5915135,74.3056112,152
FRT03F,31.5907595,74.3066297,153
FRT03F,31.5903666,74.3069546,154
FRT03F,31.5898896,74.3071018,155
FRT03F,31.5890186,74.3069093,156
FRT03F,31.587931,74.3069081,157
FRT03F,31.5875061,74.3068909,158
FRT03F,31.587329,74.3068586,159
FRT03F,31.5869114,74.3068585,160
FRT03F,31.5864483,74.3069094,161
FRT03F,31.5860401,74.306955,162
FRT03F,31.5857101,74.3069429,163
FRT03F,31.5850214,74.3069496,164
FRT03F,31.5844674,74.3069429,165
FRT03F,31.5838888,74.3069235,166
FRT03F,31.5832848,74.3068824,167
FRT03F,31.5826379,74.3067921,168
FRT03F,31.5821912,74.3067179,169
FRT03F,31.5821506,74.3066622,170
FRT03F,31.5821699,74.3064756,171
FRT03F,31.5822115,74.3063984,172
FRT03F,31.582963,74.3065607,173
FRT03F,31.5838165,74.3066348,174
FRT03F,31.5848433,74.3066921,175
FRT03F,31.5855929,74.3067216,176
FRT03F,31.5860983,74.3067149,177
FRT03F,31.5866638,74.3066975,178
FRT03F,31.5871443,74.3066196,179
FRT03F,31.5877962,74.3065604,180
FRT03F,31.5886553,74.3065223,181
FRT03F,31.5892951,74.30653,182
FRT03F,31.5898754,74.3065324,183
FRT03F,31.5902878,74.3064584,184
FRT03F,31.5904209,74.3063677,185
FRT03F,31.5906915,74.3060302,186
FRT03F,31.591114,74.3055206,187
FRT03F,31.5915587,74.3049899,188
FRT03F,31.5917045,74.3047994,189
FRT03F,31.5918503,74.3047323,190
FRT03F,31.5920109,74.3047965,191
FRT03F,31.5920821,74.3048877,192
FRT03F,31.5921314,74.3050647,193
FRT03F,31.5920363,74.3052484,194
FRT03F,31.5917905,74.3055341,195
FRT03F,31.5916246,74.3057527,196
FRT03F,31.5915462,74.3058861,197
FRT03F,31.5915501,74.3060249,198
FRT03F,31.5915558,74.3061685,199
FRT03F,31.5915753,74.3062939,200
FRT03F,31.5916404,74.3063978,201
FRT03F,31.5919827,74.3067049,202
FRT03F,31.5922383,74.3069718,203
FRT03F,31.5927061,74.3074948,204
FRT03F,31.5930534,74.3079132,205
FRT03F,31.5932659,74.3081949,206
FRT03F,31.5950228,74.3107939,207
FRT03F,31.5958041,74.3120384,208
FRT03F,31.5962063,74.3128753,209
FRT03F,31.5964347,74.3134439,210
FRT03F,31.5964301,74.3137657,211
FRT03F,31.5963479,74.3140072,212
FRT03F,31.5962291,74.3141681,213
FRT03F,31.596092,74.3143505,214
FRT03F,31.5954523,74.3151605,215
FRT03F,31.5949451,74.3157452,216
FRT03F,31.5941363,74.3165231,217
FRT03F,31.593684,74.3168879,218
FRT03F,31.5931905,74.3170434,219
FRT03F,31.59293,74.3171078,220
FRT03F,31.5923132,74.3171078,221
FRT03F,31.5916369,74.3170112,222
FRT03F,31.5913536,74.3169469,223
FRT03F,31.5910292,74.3170542,224
FRT03F,31.5906636,74.3171319,225
FRT03F,31.5902455,74.3173358,226
FRT03F,31.5895921,74.3177086,227
FRT03F,31.5891557,74.3179876,228
FRT03F,31.5889089,74.3182611,229
FRT03F,31.5886759,74.3187439,230
FRT03F,31.5884999,74.3192643,231
FRT03F,31.5882349,74.3200287,232
FRT03F,31.5877802,74.321292,233
FRT03F,31.5875243,74.322432,234
FRT03F,31.5874375,74.3230247,235
FRT03F,31.5873393,74.3240306,236
FRT03F,31.5872616,74.324457,237
FRT03F,31.5869303,74.3252242,238
FRT03F,31.5866926,74.3257901,239
FRT03F,31.5862288,74.3267289,240
FRT03F,31.5859912,74.3272305,241
FRT03F,31.5858473,74.3275255,242
FRT03F,31.5855616,74.3278688,243
FRT03F,31.5850864,74.3283543,244
FRT03F,31.5847162,74.3287566,245
FRT03F,31.5843187,74.3291563,246
FRT03F,31.5838388,74.329682,247
FRT03F,31.5829957,74.3305215,248
FRT03F,31.5825639,74.3309641,249
FRT03F,31.5819743,74.3315461,250
FRT03F,31.5811632,74.3323749,251
FRT03F,31.5809095,74.3326351,252
FRT03F,31.5804708,74.3330026,253
FRT03F,31.580055,74.3333137,254
FRT03F,31.579454,74.3336892,255
FRT03F,31.5787845,74.3340915,256
FRT03F,31.5782909,74.3343437,257
FRT03F,31.5779436,74.3343866,258
FRT03F,31.5775574,74.3342766,259
FRT03F,31.5773266,74.3343034,260
FRT03F,31.5771027,74.3344429,261
FRT03F,31.5769862,74.3345998,262
FRT03F,31.5770227,74.3350518,263
FRT03F,31.5770136,74.3353468,264
FRT03F,31.5768765,74.3357438,265
FRT03F,31.5766365,74.3359557,266
FRT03F,31.5764423,74.3359932,267
FRT03F,31.5761978,74.3359181,268
FRT03F,31.576031,74.335902,269
FRT03F,31.5758071,74.3359476,270
FRT03F,31.5754505,74.3360563,271
FRT03F,31.57497214,74.33629007,272
FRT03F,31.57455124,74.33651122,273
FRT03F,31.57416886,74.33676365,274
FRT03F,31.57407194,74.33678265,275
FRT03F,31.57406565,74.33644463,276
FRT03F,31.57423459,74.33591183,277
FRT03B,31.5742029,74.335784,1
FRT03B,31.5741412,74.3351376,2
FRT03B,31.5745686,74.3351242,3
FRT03B,31.5752575,74.3351095,4
FRT03B,31.5755854,74.3351269,5
FRT03B,31.5757614,74.3350974,6
FRT03B,31.5759693,74.3349552,7
FRT03B,31.5763578,74.3346655,8
FRT03B,31.5768285,74.3343839,9
FRT03B,31.577137,74.3342283,10
FRT03B,31.5774981,74.3341613,11
FRT03B,31.5779985,74.3343302,12
FRT03B,31.5783298,74.3342685,13
FRT03B,31.5788759,74.3339976,14
FRT03B,31.5790747,74.3338662,15
FRT03B,31.5798722,74.3333754,16
FRT03B,31.5803132,74.3330616,17
FRT03B,31.5806491,74.3328041,18
FRT03B,31.5808319,74.3326297,19
FRT03B,31.5811404,74.3323427,20
FRT03B,31.5814328,74.3319699,21
FRT03B,31.5820475,74.3313342,22
FRT03B,31.5826941,74.3306529,23
FRT03B,31.5833111,74.3299743,24
FRT03B,31.5839326,74.3292743,25
FRT03B,31.5845403,74.3286547,26
FRT03B,31.5851984,74.3279761,27
FRT03B,31.5856417,74.3274665,28
FRT03B,31.5858816,74.3270212,29
FRT03B,31.585989,74.3267798,30
FRT03B,31.5865396,74.3256506,31
FRT03B,31.5869189,74.3248701,32
FRT03B,31.5871062,74.3244409,33
FRT03B,31.5871519,74.3241888,34
FRT03B,31.5872548,74.3233707,35
FRT03B,31.5873439,74.3226734,36
FRT03B,31.5875061,74.3218231,37
FRT03B,31.5876109,74.3212968,38
FRT03B,31.5877483,74.3209138,39
FRT03B,31.5881595,74.3198034,40
FRT03B,31.5882189,74.3195593,41
FRT03B,31.5882052,74.3194279,42
FRT03B,31.5882052,74.319165,43
FRT03B,31.5882258,74.3187091,44
FRT03B,31.588324,74.3184837,45
FRT03B,31.5884314,74.3183389,46
FRT03B,31.5886736,74.3181538,47
FRT03B,31.5890712,74.3178749,48
FRT03B,31.5894984,74.3176201,49
FRT03B,31.5899234,74.3173277,50
FRT03B,31.5900468,74.317199,51
FRT03B,31.5904489,74.3167054,52
FRT03B,31.5907025,74.3165365,53
FRT03B,31.5910086,74.3164721,54
FRT03B,31.5912942,74.3165257,55
FRT03B,31.5918768,74.3167537,56
FRT03B,31.5923338,74.3168959,57
FRT03B,31.5929781,74.3169281,58
FRT03B,31.5932157,74.3168422,59
FRT03B,31.5935424,74.3167215,60
FRT03B,31.5937777,74.3165606,61
FRT03B,31.5939513,74.3164211,62
FRT03B,31.5941912,74.3161502,63
FRT03B,31.5946824,74.3155923,64
FRT03B,31.595313,74.3148815,65
FRT03B,31.5955003,74.314557,66
FRT03B,31.595594,74.3143102,67
FRT03B,31.5956557,74.3141037,68
FRT03B,31.5957379,74.3136611,69
FRT03B,31.5957516,74.3131917,70
FRT03B,31.5956739,74.3126526,71
FRT03B,31.5954775,74.3120357,72
FRT03B,31.5952284,74.31162,73
FRT03B,31.5948263,74.3110567,74
FRT03B,31.59439,74.3104264,75
FRT03B,31.5936543,74.3093723,76
FRT03B,31.5934673,74.3091134,77
FRT03B,31.5933663,74.308982,78
FRT03B,31.5932571,74.3088623,79
FRT03B,31.5929679,74.308492,80
FRT03B,31.5927234,74.3081717,81
FRT03B,31.5921888,74.3075142,82
FRT03B,31.5918703,74.3071662,83
FRT03B,31.59171,74.3070022,84
FRT03B,31.5915919,74.3068845,85
FRT03B,31.5914456,74.3067404,86
FRT03B,31.5913791,74.3066827,87
FRT03B,31.5912988,74.3066384,88
FRT03B,31.5911878,74.3065848,89
FRT03B,31.5910538,74.3065688,90
FRT03B,31.5908917,74.3065591,91
FRT03B,31.5905648,74.3068383,92
FRT03B,31.5902722,74.3070107,93
FRT03B,31.5901129,74.3070709,94
FRT03B,31.5898896,74.3071018,95
FRT03B,31.5896845,74.307079,96
FRT03B,31.5893622,74.3069889,97
FRT03B,31.5892239,74.3069573,98
FRT03B,31.5890627,74.3069231,99
FRT03B,31.5888863,74.3068944,100
FRT03B,31.5887988,74.306892,101
FRT03B,31.5887792,74.3068946,102
FRT03B,31.5887224,74.306893,103
FRT03B,31.5876381,74.3069109,104
FRT03B,31.5873963,74.3068822,105
FRT03B,31.5872999,74.3068489,106
FRT03B,31.5870551,74.306852,107
FRT03B,31.5860722,74.3069515,108
FRT03B,31.5843367,74.3069516,109
FRT03B,31.5831398,74.3068765,110
FRT03B,31.5821912,74.3067179,111
FRT03B,31.5821506,74.3066622,112
FRT03B,31.5821557,74.3065743,113
FRT03B,31.5821699,74.3064756,114
FRT03B,31.5822115,74.3063984,115
FRT03B,31.5826086,74.3064786,116
FRT03B,31.582963,74.3065607,117
FRT03B,31.5835772,74.306618,118
FRT03B,31.5841955,74.3066606,119
FRT03B,31.5848132,74.3066948,120
FRT03B,31.585124,74.3067082,121
FRT03B,31.58548,74.3067183,122
FRT03B,31.5857725,74.3067228,123
FRT03B,31.5860713,74.306718,124
FRT03B,31.5866638,74.3066975,125
FRT03B,31.5870259,74.3066316,126
FRT03B,31.5872571,74.306557,127
FRT03B,31.5873589,74.3065212,128
FRT03B,31.5875229,74.3064928,129
FRT03B,31.5878596,74.3064561,130
FRT03B,31.5880007,74.3064411,131
FRT03B,31.5881446,74.3064315,132
FRT03B,31.5884394,74.3064278,133
FRT03B,31.5890488,74.3064497,134
FRT03B,31.5896235,74.3064861,135
FRT03B,31.589788,74.3065117,136
FRT03B,31.5898988,74.3065219,137
FRT03B,31.5900193,74.3065247,138
FRT03B,31.5902187,74.3065141,139
FRT03B,31.5903623,74.3064884,140
FRT03B,31.5904434,74.3064515,141
FRT03B,31.5904868,74.3064199,142
FRT03B,31.5905561,74.3063389,143
FRT03B,31.5906239,74.3062485,144
FRT03B,31.5907509,74.3060838,145
FRT03B,31.5910061,74.3057483,146
FRT03B,31.5914896,74.3051613,147
FRT03B,31.5916112,74.3050114,148
FRT03B,31.5917123,74.3048273,149
FRT03B,31.5917888,74.3046583,150
FRT03B,31.5919185,74.3044658,151
FRT03B,31.5921064,74.3041727,152
FRT03B,31.5924367,74.3036873,153
FRT03B,31.592753,74.3033091,154
FRT03B,31.5930432,74.3030476,155
FRT03B,31.593716,74.3026238,156
FRT03B,31.5950777,74.3014598,157
FRT03B,31.5968277,74.3000972,158
FRT03B,31.59797,74.2991262,159
FRT03B,31.5985914,74.2986434,160
FRT03B,31.5989203,74.2985093,161
FRT03B,31.5994503,74.2984718,162
FRT03B,31.5998433,74.2985844,163
FRT03B,31.6002819,74.2987937,164
FRT03B,31.6008519,74.2990391,165
FRT03B,31.6014367,74.2992966,166
FRT03B,31.6020764,74.2996305,167
FRT03B,31.602515,74.2997888,168
FRT03B,31.6031066,74.2997847,169
FRT03B,31.6038525,74.2995608,170
FRT03B,31.60433,74.2992013,171
FRT03B,31.6048508,74.2987641,172
FRT03B,31.6050632,74.2985362,173
FRT03B,31.6055041,74.298217,174
FRT03B,31.605977,74.2978576,175
FRT03B,31.6065846,74.2973453,176
FRT03B,31.6075372,74.2965942,177
FRT03B,31.608508,74.2958084,178
FRT03B,31.6093281,74.2951378,179
FRT03B,31.6099585,74.2945906,180
FRT03B,31.6105319,74.2940917,181
FRT03B,31.6109179,74.2936921,182
FRT03B,31.6113634,74.2933327,183
FRT03B,31.6118796,74.2928928,184
FRT03B,31.6125512,74.2923644,185
FRT03B,31.6128846,74.2921391,186
FRT03B,31.6135676,74.2916268,187
FRT03B,31.6141295,74.2911923,188
FRT03B,31.614527,74.2909375,189
FRT03B,31.6152122,74.2907175,190
FRT03B,31.6159609,74.2905868,191
FRT03B,31.6163862,74.2905056,192
FRT03B,31.6171677,74.2903651,193
FRT03B,31.6172873,74.2903641,194
FRT03B,31.6175072,74.2903655,195
FRT03B,31.6176017,74.2903662,196
FRT03B,31.6176645,74.2903494,197
FRT03B,31.6179523,74.2902827,198
FRT03B,31.6181222,74.2902458,199
FRT03B,31.6183631,74.2901955,200
FRT03B,31.618517,74.2901633,201
FRT03B,31.6187331,74.2901191,202
FRT03B,31.6189964,74.2900614,203
FRT03B,31.61916,74.2900282,204
FRT03B,31.6193607,74.2899849,205
FRT03B,31.6197213,74.2899095,206
FRT03B,31.6198854,74.289875,207
FRT03B,31.6202729,74.2897955,208
FRT03B,31.6204522,74.2897576,209
FRT03B,31.6211422,74.2896161,210
FRT03B,31.6221517,74.2894079,211
FRT03B,31.6225272,74.2893295,212
FRT03B,31.6227364,74.2892856,213
FRT03B,31.6230271,74.2892219,214
FRT03B,31.6231544,74.2891937,215
FRT03B,31.6235732,74.2891062,216
FRT03B,31.6238184,74.2890525,217
FRT03B,31.6241242,74.2889872,218
FRT03B,31.624354,74.2889375,219
FRT03B,31.6246658,74.2888722,220
FRT03B,31.6248839,74.2888299,221
FRT03B,31.6251097,74.288784,222
FRT03B,31.6254603,74.2887139,223
FRT03B,31.625798,74.2886452,224
FRT03B,31.6261366,74.2885764,225
FRT03B,31.6263727,74.2885292,226
FRT03B,31.6266236,74.2884782,227
FRT03B,31.626878,74.2884266,228
FRT03B,31.6271723,74.2883672,229
FRT03B,31.627421,74.2883133,230
FRT03B,31.6276919,74.2882553,231
FRT03B,31.6279837,74.2881929,232
FRT03B,31.6284201,74.2880973,233
FRT03B,31.6289651,74.2879797,234
FRT03B,31.6293896,74.2878881,235
FRT03B,31.6297916,74.2878026,236
FRT03B,31.6299974,74.2877607,237
FRT03B,31.6306323,74.2876306,238
FRT03B,31.6312046,74.287513,239
FRT03B,31.6315249,74.2874472,240
FRT03B,31.6317602,74.2873996,241
FRT03B,31.6319254,74.2873641,242
FRT03B,31.632127,74.2873225,243
FRT03B,31.6324407,74.2872578,244
FRT03B,31.6326931,74.2872058,245
FRT03B,31.6328586,74.2871703,246
FRT03B,31.6330208,74.2871354,247
FRT03B,31.6333197,74.2870737,248
FRT03B,31.633564,74.2870218,249
FRT03B,31.6337498,74.2869835,250
FRT03B,31.633934,74.2869447,251
FRT03B,31.6341449,74.2868991,252
FRT03B,31.6343033,74.2868652,253
FRT03B,31.6345217,74.2868186,254
FRT03B,31.6347096,74.2867784,255
FRT03B,31.6349633,74.2867247,256
FRT03B,31.635218,74.2866711,257
FRT03B,31.6354726,74.2866164,258
FRT03B,31.6357891,74.2865487,259
FRT03B,31.6360906,74.2864853,260
FRT03B,31.6365938,74.2863814,261
FRT03B,31.6374996,74.2861936,262
FRT03B,31.6377616,74.2861403,263
FRT03B,31.6380442,74.2860786,264
FRT03B,31.6382811,74.2860294,265
FRT03B,31.6384661,74.2859942,266
FRT03B,31.6387901,74.2859338,267
FRT03B,31.6391052,74.2858738,268
FRT03B,31.639335,74.2858292,269
FRT03B,31.6395305,74.2857937,270
FRT03B,31.6397152,74.2857585,271
FRT03B,31.6401359,74.2856649,272
FRT03B,31.6406272,74.2855513,273
FRT03B,31.6409968,74.2854668,274
FRT03B,31.6411858,74.2854265,275
FRT03B,31.6413431,74.285396,276
FRT03B,31.6415092,74.2853655,277
FRT03B,31.641685,74.2853313,278
FRT03B,31.6419448,74.2852824,279
FRT03B,31.6421363,74.2852431,280
FRT03B,31.6422613,74.28522,281
FRT03B,31.6426629,74.2851412,282
FRT03B,31.6432067,74.2850202,283
FRT03B,31.6435592,74.2849417,284
FRT03B,31.6437627,74.2848981,285
FRT03B,31.6440381,74.2848358,286
FRT03B,31.6443438,74.2847697,287
FRT03B,31.6445896,74.2847154,288
FRT03B,31.6447448,74.2846812,289
FRT03B,31.6450734,74.2846108,290
FRT03B,31.6453594,74.2845511,291
FRT03B,31.6458363,74.2844495,292
FRT03B,31.6462279,74.2843681,293
FRT03B,31.6464548,74.2843188,294
FRT03B,31.6467125,74.2842638,295
FRT03B,31.6470282,74.2841967,296
FRT03B,31.6472177,74.2841542,297
FRT03B,31.6474292,74.2841008,298
FRT03B,31.6475933,74.2840626,299
FRT03B,31.6477557,74.2840207,300
FRT03B,31.6480757,74.2839708,301
FRT03B,31.6485652,74.2838913,302
FRT03B,31.6489305,74.2838242,303
FRT03B,31.6490746,74.2837961,304
FRT03B,31.6492998,74.2837522,305
FRT03B,31.6496164,74.2836888,306
FRT03B,31.6497896,74.2836553,307
FRT03B,31.6498704,74.2836338,308
FRT03B,31.6500793,74.2835835,309
FRT03B,31.6502785,74.2835362,310
FRT03B,31.6504184,74.2835007,311
FRT03B,31.6506487,74.2834467,312
FRT03B,31.6507877,74.2834155,313
FRT03B,31.65127,74.2833153,314
FRT03B,31.6515226,74.283264,315
FRT03B,31.6517666,74.2832137,316
FRT03B,31.6519367,74.2831782,317
FRT03B,31.6523508,74.2830917,318
FRT03B,31.6526816,74.2830229,319
FRT03B,31.6531914,74.2829173,320
FRT03B,31.6534827,74.2828573,321
FRT03B,31.6536951,74.2828151,322
FRT03B,31.6540184,74.282749,323
FRT03B,31.6542371,74.2827071,324
FRT03B,31.6544908,74.2826535,325
FRT03B,31.6547502,74.2826022,326
FRT03B,31.6551087,74.2825307,327
FRT03B,31.6554297,74.2824677,328
FRT03B,31.6556435,74.2824258,329
FRT03B,31.6559192,74.2823691,330
FRT03B,31.6561971,74.2823158,331
FRT03B,31.6564257,74.2822699,332
FRT03B,31.6567411,74.2822062,333
FRT03B,31.6570759,74.2821402,334
FRT03B,31.6573535,74.2820852,335
FRT03B,31.6577967,74.2819896,336
FRT03B,31.6579771,74.2819511,337
FRT03B,31.6581258,74.2819192,338
FRT03B,31.6583347,74.2818743,339
FRT03B,31.6585231,74.281833,340
FRT03B,31.6586669,74.2818029,341
FRT03B,31.658837,74.281768,342
FRT03B,31.6590333,74.2817278,343
FRT03B,31.6592302,74.2816882,344
FRT03B,31.6594408,74.2816456,345
FRT03B,31.6597077,74.281593,346
FRT03B,31.6598989,74.2815544,347
FRT03B,31.6602102,74.2814911,348
FRT03B,31.6605264,74.2814247,349
FRT03B,31.660749,74.2813761,350
FRT03B,31.6610361,74.281316,351
FRT03B,31.6613866,74.2812483,352
FRT03B,31.6616953,74.2811883,353
FRT03B,31.6618982,74.2811457,354
FRT03B,31.6621094,74.2810961,355
FRT03B,31.6624059,74.281025,356
FRT03B,31.6627104,74.2809529,357
FRT03B,31.6629281,74.2809023,358
FRT03B,31.6631584,74.2808483,359
FRT03B,31.6633753,74.2808007,360
FRT03B,31.6636692,74.2807394,361
FRT03B,31.6639706,74.2806777,362
FRT03B,31.6641615,74.2806374,363
FRT03B,31.6644052,74.2805865,364
FRT03B,31.6648783,74.2804933,365
FRT03B,31.6651069,74.2804494,366
FRT03B,31.6653486,74.2804011,367
FRT03B,31.6655855,74.2803545,368
FRT03B,31.6658446,74.2803025,369
FRT03B,31.6660948,74.2802569,370
FRT03B,31.6663508,74.2802029,371
FRT03B,31.6666076,74.2801536,372
FRT03B,31.6668545,74.2801054,373
FRT03B,31.6671344,74.2800437,374
FRT03B,31.6673299,74.2800028,375
FRT03B,31.6685247,74.2797409,376
FRT03B,31.6689005,74.2796574,377
FRT03B,31.6691524,74.2796024,378
FRT03B,31.6694954,74.2795287,379
FRT03B,31.6697719,74.2794717,380
FRT03B,31.6700071,74.2794201,381
FRT03B,31.6703515,74.279348,382
FRT03B,31.6706297,74.279288,383
FRT03B,31.6711895,74.2791696,384
FRT03B,31.6714883,74.2791059,385
FRT03B,31.6718281,74.2790348,386
FRT03B,31.6722504,74.2789423,387
FRT03B,31.6724679,74.2788953,388
FRT03B,31.6728619,74.2787951,389
FRT03B,31.6740375,74.278543,390
FRT03B,31.6751743,74.2783016,391
FRT03B,31.6766945,74.2779636,392
FRT03B,31.677902,74.2777035,393
FRT03B,31.6789862,74.2774808,394
FRT03B,31.6808739,74.2770946,395
FRT03B,31.6821475,74.2768398,396
FRT03B,31.6839164,74.276467,397
FRT03B,31.6844483,74.2763248,398
FRT03B,31.6856671,74.2760378,399
FRT03B,31.6868585,74.2757857,400
FRT03B,31.6882964,74.2754799,401
FRT03B,31.6887369,74.2753914,402
FRT03B,31.6887688,74.2755926,403
FRT03B,31.6885109,74.2756489,404
FRT03B,31.6880522,74.2757428,405
FRT03B,31.6861578,74.276121,406
FRT03B,31.6849641,74.2763436,407
FRT04F,31.50606626,74.38466794,1
FRT04F,31.50613223,74.38461048,2
FRT04F,31.5062514,74.38455728,3
FRT04F,31.50633227,74.38247389,4
FRT04F,31.50638547,74.38051819,5
FRT04F,31.50643654,74.37859867,6
FRT04F,31.50643442,74.37852419,7
FRT04F,31.5064259,74.37845396,8
FRT04F,31.50638973,74.37841991,9
FRT04F,31.50633865,74.37837097,10
FRT04F,31.50629609,74.37833692,11
FRT04F,31.50622799,74.37830712,12
FRT04F,31.5060769,74.37829223,13
FRT04F,31.5041744,74.37821349,14
FRT04F,31.50302524,74.37813688,15
FRT04F,31.50248471,74.37822626,16
FRT04F,31.50209314,74.37828584,17
FRT04F,31.50160369,74.37827307,18
FRT04F,31.50094398,74.37823477,19
FRT04F,31.5007482,74.37822626,20
FRT04F,31.50057796,74.37820923,21
FRT04F,31.50042048,74.37814539,22
FRT04F,31.50021618,74.37804324,23
FRT04F,31.50005019,74.37796663,24
FRT04F,31.49982887,74.37789002,25
FRT04F,31.4995352,74.37778362,26
FRT04F,31.4991564,74.37764316,27
FRT04F,31.49879463,74.37748143,28
FRT04F,31.49853926,74.377358,29
FRT04F,31.49808811,74.3771154,30
FRT04F,31.49776039,74.37689408,31
FRT04F,31.49741564,74.37660041,32
FRT04F,31.49688788,74.376145,33
FRT04F,31.496109,74.37540017,34
FRT04F,31.49534715,74.37478729,35
FRT04F,31.49527054,74.37473622,36
FRT04F,31.4952067,74.37465961,37
FRT04F,31.49507901,74.37442126,38
FRT04F,31.49495133,74.37430634,39
FRT04F,31.49415543,74.37353598,40
FRT04F,31.49378089,74.37313165,41
FRT04F,31.49288284,74.37226339,42
FRT04F,31.49242743,74.37183778,43
FRT04F,31.49201033,74.37145047,44
FRT04F,31.49073774,74.37023321,45
FRT04F,31.49003122,74.36956074,46
FRT04F,31.48903528,74.36859885,47
FRT04F,31.48812447,74.36773485,48
FRT04F,31.48707746,74.36674317,49
FRT04F,31.48605598,74.36578979,50
FRT04F,31.48472806,74.36452997,51
FRT04F,31.48367733,74.36354462,52
FRT04F,31.48248933,74.36239339,53
FRT04F,31.4817743,74.3617124,54
FRT04F,31.480706,74.36071221,55
FRT04F,31.4789014,74.35900549,56
FRT04F,31.47802889,74.35817555,57
FRT04F,31.47662861,74.35689019,58
FRT04F,31.47566247,74.35597086,59
FRT04F,31.47406216,74.35442162,60
FRT04F,31.47295556,74.35339164,61
FRT04F,31.47131268,74.35182537,62
FRT04F,31.47053381,74.35107204,63
FRT04F,31.47015501,74.35072729,64
FRT04F,31.46988262,74.35047192,65
FRT04F,31.46952085,74.35023357,66
FRT04F,31.46921015,74.35003353,67
FRT04F,31.46881858,74.34983775,68
FRT04F,31.46811632,74.34962069,69
FRT04F,31.4674481,74.34941639,70
FRT04F,31.4667884,74.34925466,71
FRT04F,31.46615849,74.34915251,72
FRT04F,31.46528172,74.34903334,73
FRT04F,31.46499231,74.34897375,74
FRT04F,31.46466033,74.34897801,75
FRT04F,31.46351117,74.34905036,76
FRT04F,31.46308981,74.34909293,77
FRT04F,31.46285146,74.34910569,78
FRT04F,31.46241308,74.34917379,79
FRT04F,31.4598977,74.3501825,80
FRT04F,31.45822929,74.35088476,81
FRT04F,31.45657365,74.35155298,82
FRT04F,31.453356,74.35262553,83
FRT04F,31.44981488,74.35365552,84
FRT04F,31.44846994,74.35400026,85
FRT04F,31.44712074,74.35434501,86
FRT04F,31.44687389,74.35442588,87
FRT04F,31.44659724,74.35451951,88
FRT04F,31.44560981,74.3547153,89
FRT04F,31.44469474,74.35491959,90
FRT04F,31.44462238,74.3549281,91
FRT04F,31.4445628,74.35491321,92
FRT04F,31.44451598,74.35488661,93
FRT04F,31.4444798,74.35483979,94
FRT04F,31.44445852,74.35478978,95
FRT04F,31.44443724,74.3547419,96
FRT04F,31.4444383,74.3546589,97
FRT04F,31.44446171,74.35457591,98
FRT04F,31.44449257,74.35453015,99
FRT04F,31.44454152,74.35449185,100
FRT04F,31.44461493,74.35446099,101
FRT04F,31.44707499,74.35404815,102
FRT04F,31.448471,74.35376298,103
FRT04F,31.45016495,74.35320969,104
FRT04B,31.4501942,74.35315381,1
FRT04B,31.45238158,74.35270019,2
FRT04B,31.45428511,74.35209908,3
FRT04B,31.45646414,74.35126698,4
FRT04B,31.45827328,74.35059195,5
FRT04B,31.46082195,74.34943146,6
FRT04B,31.46129936,74.34927722,7
FRT04B,31.46220278,74.34889161,8
FRT04B,31.46252596,74.34886958,9
FRT04B,31.46288585,74.34886591,10
FRT04B,31.4635065,74.34886958,11
FRT04B,31.46439522,74.34884754,12
FRT04B,31.46490202,74.34882,13
FRT04B,31.46526375,74.34882735,14
FRT04B,31.46623879,74.34894854,15
FRT04B,31.4669696,74.3490734,16
FRT04B,31.46758106,74.34922948,17
FRT04B,31.4682017,74.34943146,18
FRT04B,31.46885356,74.34971607,19
FRT04B,31.46925385,74.3499254,20
FRT04B,31.46956417,74.35011821,21
FRT04B,31.46993509,74.35037895,22
FRT04B,31.47017931,74.35058277,23
FRT04B,31.47057593,74.35096103,24
FRT04B,31.47137468,74.35173591,25
FRT04B,31.47299973,74.35327833,26
FRT04B,31.47409228,74.35430111,27
FRT04B,31.47567326,74.3558013,28
FRT04B,31.4765877,74.35668635,29
FRT04B,31.47806902,74.35811243,30
FRT04B,31.47894178,74.35894262,31
FRT04B,31.48074625,74.3606492,32
FRT04B,31.48181461,74.36164945,33
FRT04B,31.48252963,74.36233043,34
FRT04B,31.4838493,74.36356495,35
FRT04B,31.48478273,74.36444987,36
FRT04B,31.48610206,74.36571044,37
FRT04B,31.48711769,74.36668014,38
FRT04B,31.48816484,74.36767196,39
FRT04B,31.48907583,74.36853611,40
FRT04B,31.49007179,74.36949803,41
FRT04B,31.49077823,74.37017042,42
FRT04B,31.4919908,74.37131457,43
FRT04B,31.49238191,74.37168548,44
FRT04B,31.4929034,74.37211332,45
FRT04B,31.49382255,74.37306999,46
FRT04B,31.4941971,74.37347433,47
FRT04B,31.49485713,74.3739275,48
FRT04B,31.49513624,74.3741809,49
FRT04B,31.49531802,74.3743278,50
FRT04B,31.49546676,74.37446735,51
FRT04B,31.49567792,74.37467301,52
FRT04B,31.49620675,74.37520367,53
FRT04B,31.49642159,74.37542586,54
FRT04B,31.49663459,74.37572883,55
FRT04B,31.49695593,74.37604466,56
FRT04B,31.49746089,74.3765129,57
FRT04B,31.49780793,74.376792,58
FRT04B,31.49811458,74.37698113,59
FRT04B,31.49856629,74.37724187,60
FRT04B,31.49882153,74.37738143,61
FRT04B,31.49918051,74.37754852,62
FRT04B,31.49955601,74.37769726,63
FRT04B,31.4998443,74.37778907,64
FRT04B,31.50003159,74.37783865,65
FRT04B,31.50019869,74.37788271,66
FRT04B,31.50037864,74.37793229,67
FRT04B,31.50050166,74.37795984,68
FRT04B,31.50066509,74.37796902,69
FRT04B,31.50097541,74.37800023,70
FRT04B,31.50145833,74.37802594,71
FRT04B,31.50196696,74.37806083,72
FRT04B,31.50240766,74.37805348,73
FRT04B,31.50303528,74.37806198,74
FRT04B,31.5041897,74.37811959,75
FRT04B,31.50609153,74.37821762,76
FRT04B,31.5062224,74.37821966,77
FRT04B,31.50642989,74.37823068,78
FRT04B,31.50649415,74.37823343,79
FRT04B,31.50651619,74.37823251,80
FRT04B,31.50654695,74.37823205,81
FRT04B,31.50654557,74.37844092,82
FRT04B,31.50653363,74.37867504,83
FRT04B,31.50646569,74.38047453,84
FRT04B,31.50641428,74.38243745,85
FRT04B,31.50636837,74.38456011,86
FRT04B,31.50633532,74.38538825,87
FRT04B,31.50611681,74.38537907,88
FRT05F,31.60794506,74.3362404,1
FRT05F,31.60811602,74.33632496,2
FRT05F,31.60815462,74.33633416,3
FRT05F,31.60818771,74.33631026,4
FRT05F,31.60819139,74.33628085,5
FRT05F,31.60817484,74.33624408,6
FRT05F,31.60807374,74.33618158,7
FRT05F,31.60723549,74.33571098,8
FRT05F,31.60646709,74.33532495,9
FRT05F,31.6061362,74.33516685,10
FRT05F,31.60579429,74.3349095,11
FRT05F,31.60538619,74.33462273,12
FRT05F,31.60513618,74.33446464,13
FRT05F,31.60501486,74.33439846,14
FRT05F,31.60478691,74.33427346,15
FRT05F,31.60452772,74.33417511,16
FRT05F,31.60392844,74.3339343,17
FRT05F,31.60355711,74.33380194,18
FRT05F,31.60317843,74.33363834,19
FRT05F,31.60295232,74.33355561,20
FRT05F,31.60262695,74.33344532,21
FRT05F,31.6024082,74.33333134,22
FRT05F,31.60224091,74.33316958,23
FRT05F,31.60208834,74.33294163,24
FRT05F,31.60184936,74.33257582,25
FRT05F,31.60166002,74.33220265,26
FRT05F,31.60151296,74.33172837,27
FRT05F,31.60127215,74.33104638,28
FRT05F,31.6010056,74.3302982,29
FRT05F,31.6008328,74.3298129,30
FRT05F,31.60074824,74.32953348,31
FRT05F,31.60071883,74.32935149,32
FRT05F,31.60070964,74.3291309,33
FRT05F,31.60071331,74.32896362,34
FRT05F,31.60073353,74.32876325,35
FRT05F,31.60072618,74.3283864,36
FRT05F,31.60072618,74.32772095,37
FRT05F,31.60072802,74.32722278,38
FRT05F,31.60071515,74.32671726,39
FRT05F,31.60071883,74.32627056,40
FRT05F,31.60069861,74.32588636,41
FRT05F,31.60070964,74.32540473,42
FRT05F,31.60072067,74.32524113,43
FRT05F,31.60076662,74.32509774,44
FRT05F,31.60080339,74.32503156,45
FRT05F,31.60091368,74.32492127,46
FRT05F,31.60111405,74.32478707,47
FRT05F,31.60122619,74.32469884,48
FRT05F,31.60132178,74.32461244,49
FRT05F,31.60141737,74.32446722,50
FRT05F,31.60202767,74.32346904,51
FRT05F,31.60232731,74.32296535,52
FRT05F,31.60259754,74.3224874,53
FRT05F,31.60282732,74.32214181,54
FRT05F,31.60296887,74.3218918,55
FRT05F,31.60301115,74.32177967,56
FRT05F,31.60303137,74.3216657,57
FRT05F,31.60305894,74.3215076,58
FRT05F,31.60309019,74.32131642,59
FRT05F,31.60312696,74.32107194,60
FRT05F,31.60315086,74.32089546,61
FRT05F,31.60320968,74.32061788,62
FRT05F,31.6034266,74.31957558,63
FRT05F,31.60351299,74.31882189,64
FRT05F,31.60352219,74.31859211,65
FRT05F,31.60351299,74.31848365,66
FRT05F,31.60347991,74.31834211,67
FRT05F,31.60345785,74.31821343,68
FRT05F,31.60341189,74.31811232,69
FRT05F,31.60336961,74.31802776,70
FRT05F,31.60330159,74.31794504,71
FRT05F,31.60317659,74.31782923,72
FRT05F,31.60317659,74.31782923,73
FRT05F,31.60316387,74.31781513,74
FRT05F,31.60315094,74.31780129,75
FRT05F,31.60313781,74.31778771,76
FRT05F,31.60312447,74.3177744,77
FRT05F,31.60311095,74.31776136,78
FRT05F,31.60309723,74.3177486,79
FRT05F,31.60308332,74.31773612,80
FRT05F,31.60306923,74.31772392,81
FRT05F,31.60305496,74.31771201,82
FRT05F,31.60304052,74.31770039,83
FRT05F,31.6030259,74.31768906,84
FRT05F,31.60301112,74.31767803,85
FRT05F,31.60299618,74.31766731,86
FRT05F,31.60298108,74.31765688,87
FRT05F,31.60296583,74.31764677,88
FRT05F,31.60295044,74.31763696,89
FRT05F,31.60293489,74.31762747,90
FRT05F,31.60291921,74.31761829,91
FRT05F,31.6029034,74.31760944,92
FRT05F,31.60288746,74.3176009,93
FRT05F,31.60287139,74.31759269,94
FRT05F,31.60285521,74.31758481,95
FRT05F,31.6028389,74.31757725,96
FRT05F,31.60282249,74.31757003,97
FRT05F,31.60280598,74.31756314,98
FRT05F,31.60278936,74.31755659,99
FRT05F,31.60277265,74.31755037,100
FRT05F,31.60275585,74.31754449,101
FRT05F,31.60273897,74.31753896,102
FRT05F,31.60272201,74.31753376,103
FRT05F,31.60270497,74.31752891,104
FRT05F,31.60268786,74.31752441,105
FRT05F,31.60267069,74.31752026,106
FRT05F,31.60265346,74.31751645,107
FRT05F,31.60263617,74.31751299,108
FRT05F,31.60261884,74.31750988,109
FRT05F,31.60260146,74.31750713,110
FRT05F,31.60258405,74.31750473,111
FRT05F,31.6025666,74.31750268,112
FRT05F,31.60254912,74.31750098,113
FRT05F,31.60253162,74.31749964,114
FRT05F,31.60251411,74.31749865,115
FRT05F,31.60249658,74.31749802,116
FRT05F,31.60247904,74.31749774,117
FRT05F,31.60246151,74.31749782,118
FRT05F,31.60244398,74.31749825,119
FRT05F,31.60242645,74.31749904,120
FRT05F,31.60240894,74.31750019,121
FRT05F,31.60239145,74.31750168,122
FRT05F,31.60237399,74.31750354,123
FRT05F,31.60235655,74.31750574,124
FRT05F,31.60233916,74.3175083,125
FRT05F,31.6023218,74.31751121,126
FRT05F,31.60206076,74.31759209,127
FRT05F,31.60140266,74.31783107,128
FRT05F,31.60093574,74.31799467,129
FRT05F,31.60084015,74.31801306,130
FRT05F,31.60077398,74.31801857,131
FRT05F,31.60069493,74.31802593,132
FRT05F,31.60061956,74.3180057,133
FRT05F,31.60053316,74.31797078,134
FRT05F,31.60047801,74.31792482,135
FRT05F,31.60034934,74.31783291,136
FRT05F,31.60003315,74.3175204,137
FRT05F,31.5999633,74.31746158,138
FRT05F,31.5996655,74.31761599,139
FRT05F,31.59952211,74.31759393,140
FRT05F,31.59929785,74.31749467,141
FRT05F,31.59915446,74.31740643,142
FRT05F,31.59897431,74.31710495,143
FRT05F,31.59878681,74.31649832,144
FRT05F,31.59872431,74.31591008,145
FRT05F,31.59869122,74.31531448,146
FRT05F,31.59868386,74.31502403,147
FRT05F,31.59874269,74.31460491,148
FRT05F,31.59880151,74.31432549,149
FRT05F,31.59895593,74.3139174,150
FRT05F,31.59910667,74.31364901,151
FRT05F,31.59924637,74.31342842,152
FRT05F,31.59940814,74.31322988,153
FRT05F,31.59966918,74.31293576,154
FRT05F,31.60112876,74.31141367,155
FRT05F,31.60115082,74.31132176,156
FRT05F,31.6011067,74.31127397,157
FRT05F,31.60097802,74.31132544,158
FRT05F,31.60081993,74.31146147,159
FRT05F,31.60017286,74.31211957,160
FRT05F,31.59927946,74.31307179,161
FRT05F,31.59852945,74.3138071,162
FRT05F,31.59852945,74.3138071,163
FRT05F,31.5985145,74.31382247,164
FRT05F,31.59849932,74.31383754,165
FRT05F,31.59848392,74.3138523,166
FRT05F,31.59846831,74.31386675,167
FRT05F,31.59845249,74.31388088,168
FRT05F,31.59843646,74.3138947,169
FRT05F,31.59842022,74.31390818,170
FRT05F,31.5984038,74.31392134,171
FRT05F,31.59838718,74.31393416,172
FRT05F,31.59837037,74.31394665,173
FRT05F,31.59835338,74.3139588,174
FRT05F,31.59833621,74.3139706,175
FRT05F,31.59831888,74.31398206,176
FRT05F,31.59830137,74.31399316,177
FRT05F,31.59828371,74.31400391,178
FRT05F,31.59826589,74.3140143,179
FRT05F,31.59824792,74.31402434,180
FRT05F,31.5982298,74.314034,181
FRT05F,31.59821154,74.31404331,182
FRT05F,31.59819315,74.31405224,183
FRT05F,31.59817463,74.3140608,184
FRT05F,31.59815599,74.31406899,185
FRT05F,31.59813722,74.3140768,186
FRT05F,31.59811835,74.31408423,187
FRT05F,31.59809937,74.31409128,188
FRT05F,31.59808029,74.31409794,189
FRT05F,31.59806111,74.31410422,190
FRT05F,31.59804184,74.31411012,191
FRT05F,31.59802249,74.31411562,192
FRT05F,31.59800306,74.31412073,193
FRT05F,31.59798355,74.31412545,194
FRT05F,31.59796398,74.31412978,195
FRT05F,31.59794435,74.31413371,196
FRT05F,31.59792467,74.31413725,197
FRT05F,31.59790493,74.31414039,198
FRT05F,31.59788515,74.31414313,199
FRT05F,31.59786533,74.31414547,200
FRT05F,31.59784549,74.31414742,201
FRT05F,31.59782561,74.31414896,202
FRT05F,31.59780572,74.3141501,203
FRT05F,31.59778581,74.31415084,204
FRT05F,31.5977659,74.31415118,205
FRT05F,31.59774598,74.31415112,206
FRT05F,31.59772607,74.31415066,207
FRT05F,31.59770616,74.31414979,208
FRT05F,31.59768627,74.31414853,209
FRT05F,31.59766641,74.31414686,210
FRT05F,31.59764657,74.3141448,211
FRT05F,31.59762676,74.31414233,212
FRT05F,31.597607,74.31413947,213
FRT05F,31.59758728,74.31413621,214
FRT05F,31.59756761,74.31413255,215
FRT05F,31.59754799,74.3141285,216
FRT05F,31.59752844,74.31412405,217
FRT05F,31.59750896,74.31411921,218
FRT05F,31.59748955,74.31411398,219
FRT05F,31.59747023,74.31410835,220
FRT05F,31.59745099,74.31410234,221
FRT05F,31.59743184,74.31409594,222
FRT05F,31.59741278,74.31408916,223
FRT05F,31.59739383,74.31408199,224
FRT05F,31.59737499,74.31407445,225
FRT05F,31.59735627,74.31406652,226
FRT05F,31.59733766,74.31405822,227
FRT05F,31.59731918,74.31404955,228
FRT05F,31.59730083,74.3140405,229
FRT05F,31.59728261,74.31403109,230
FRT05F,31.59726454,74.31402131,231
FRT05F,31.59724661,74.31401116,232
FRT05F,31.59722884,74.31400066,233
FRT05F,31.59721122,74.3139898,234
FRT05F,31.59719377,74.31397859,235
FRT05F,31.59717648,74.31396703,236
FRT05F,31.59693567,74.31371886,237
FRT05F,31.59665625,74.31336408,238
FRT05F,31.59645956,74.31304422,239
FRT05F,31.59634007,74.31279789,240
FRT05F,31.59617463,74.3124045,241
FRT05F,31.5960533,74.31212508,242
FRT05F,31.59595404,74.31195964,243
FRT05F,31.59583639,74.31176478,244
FRT05F,31.59568933,74.31158096,245
FRT05F,31.59528858,74.31113242,246
FRT05F,31.59488992,74.31051465,247
FRT05F,31.59440989,74.30978681,248
FRT05F,31.59397606,74.30911033,249
FRT05F,31.59347605,74.30835664,250
FRT05F,31.59289516,74.30759559,251
FRT05F,31.59239515,74.30703676,252
FRT05F,31.59172234,74.30639704,253
FRT05F,31.59165249,74.30626101,254
FRT05F,31.5916194,74.30611762,255
FRT05F,31.59163411,74.3059338,256
FRT05F,31.59167087,74.30577203,257
FRT05F,31.59175911,74.30564335,258
FRT05F,31.59204588,74.30529408,259
FRT05F,31.59210838,74.3051507,260
FRT05F,31.59210838,74.30503305,261
FRT05F,31.59210103,74.30495216,262
FRT05F,31.59200911,74.30484922,263
FRT05F,31.59190617,74.30479959,264
FRT05F,31.59183815,74.30479959,265
FRT05F,31.59173889,74.30482348,266
FRT05F,31.59165617,74.3048915,267
FRT05F,31.5915569,74.30502202,268
FRT05F,31.59050173,74.30636947,269
FRT05F,31.59038408,74.30646138,270
FRT05F,31.59021496,74.30652756,271
FRT05F,31.59004952,74.30656065,272
FRT05F,31.58965613,74.306568,273
FRT05F,31.58883626,74.30653491,274
FRT05F,31.58811199,74.30649079,275
FRT05F,31.58760095,74.30650918,276
FRT05F,31.58583989,74.30668565,277
FRT05F,31.58543914,74.30668013,278
FRT05F,31.58387662,74.30653859,279
FRT05F,31.582281,74.30636028,280
FRT05B,31.582281,74.30636028,1
FRT05B,31.58167253,74.30626928,2
FRT05B,31.58115046,74.30622884,3
FRT05B,31.58105671,74.30626101,4
FRT05B,31.58101104,74.30636913,5
FRT05B,31.58101076,74.30642002,6
FRT05B,31.58102914,74.30647149,7
FRT05B,31.5823315,74.30665151,8
FRT05B,31.58354757,74.30677297,9
FRT05B,31.58428287,74.30683547,10
FRT05B,31.58517312,74.306899,11
FRT05B,31.58593089,74.30691428,12
FRT05B,31.58671616,74.30683484,13
FRT05B,31.58712116,74.30680606,14
FRT05B,31.58753198,74.30679512,15
FRT05B,31.58863807,74.30682873,16
FRT05B,31.58897418,74.30686539,17
FRT05B,31.58980222,74.3070365,18
FRT05B,31.59010123,74.30704584,19
FRT05B,31.59033653,74.30711202,20
FRT05B,31.59055345,74.30714878,21
FRT05B,31.59065063,74.30707077,22
FRT05B,31.59073152,74.30697518,23
FRT05B,31.59084181,74.30680606,24
FRT05B,31.59106081,74.30667451,25
FRT05B,31.59118949,74.30660465,26
FRT05B,31.59136964,74.30663039,27
FRT05B,31.59147993,74.30671127,28
FRT05B,31.59177565,74.30697702,29
FRT05B,31.59228877,74.30752379,30
FRT05B,31.59250545,74.30778401,31
FRT05B,31.59285839,74.30822152,32
FRT05B,31.59332899,74.30878403,33
FRT05B,31.59365276,74.30918558,34
FRT05B,31.59387312,74.30952302,35
FRT05B,31.59406797,74.30983185,36
FRT05B,31.59439335,74.31035208,37
FRT05B,31.59484924,74.31099363,38
FRT05B,31.59527204,74.31165357,39
FRT05B,31.59540256,74.31186865,40
FRT05B,31.59548895,74.31205063,41
FRT05B,31.59558822,74.31228226,42
FRT05B,31.59566175,74.31256167,43
FRT05B,31.59571322,74.31277124,44
FRT05B,31.5957408,74.31301389,45
FRT05B,31.59574631,74.31321242,46
FRT05B,31.59574631,74.31338154,47
FRT05B,31.59572609,74.31359294,48
FRT05B,31.59571139,74.31376206,49
FRT05B,31.59573528,74.31384846,50
FRT05B,31.59577021,74.31399185,51
FRT05B,31.59582903,74.31408927,52
FRT05B,31.59589729,74.31415259,53
FRT05B,31.59595244,74.31422979,54
FRT05B,31.59602781,74.31427391,55
FRT05B,31.59609031,74.3142923,56
FRT05B,31.596162,74.31429046,57
FRT05B,31.59624104,74.31427575,58
FRT05B,31.59630906,74.31422428,59
FRT05B,31.59637684,74.31412788,60
FRT05B,31.59651103,74.3140617,61
FRT05B,31.5966967,74.31402861,62
FRT05B,31.59679045,74.31401758,63
FRT05B,31.59687317,74.3140231,64
FRT05B,31.59692097,74.31403413,65
FRT05B,31.59699266,74.31404699,66
FRT05B,31.59710112,74.31408744,67
FRT05B,31.59737686,74.31417567,68
FRT05B,31.5976287,74.31425288,69
FRT05B,31.59782539,74.31429332,70
FRT05B,31.59804415,74.31427494,71
FRT05B,31.59816547,74.31424553,72
FRT05B,31.59824819,74.314172,73
FRT05B,31.59845776,74.31398265,74
FRT05B,31.59865078,74.31380986,75
FRT05B,31.59895409,74.3135286,76
FRT05B,31.59930888,74.31342566,77
FRT05B,31.59959565,74.31326205,78
FRT05B,31.59975741,74.31311683,79
FRT05B,31.60005154,74.31281903,80
FRT05B,31.60043573,74.31241461,81
FRT05B,31.60081993,74.31201755,82
FRT05B,31.60144127,74.31148261,83
FRT05B,31.60157546,74.31136496,84
FRT05B,31.60155892,74.31133003,85
FRT05B,31.60144862,74.31137967,86
FRT05B,31.60132913,74.31140173,87
FRT05B,31.60121148,74.3113907,88
FRT05B,31.60114163,74.31136496,89
FRT05B,31.60103133,74.31146239,90
FRT05B,31.60060853,74.31195321,91
FRT05B,31.60032911,74.31224549,92
FRT05B,31.60003131,74.31256167,93
FRT05B,31.59966918,74.31293576,94
FRT05B,31.59940814,74.31322988,95
FRT05B,31.59924637,74.31342842,96
FRT05B,31.59895593,74.3139174,97
FRT05B,31.59880151,74.31432549,98
FRT05B,31.59874637,74.31456722,99
FRT05B,31.59868386,74.31502403,100
FRT05B,31.59869673,74.31557459,101
FRT05B,31.59871879,74.31587239,102
FRT05B,31.59878681,74.31649832,103
FRT05B,31.59884563,74.31690734,104
FRT05B,31.59898534,74.31734301,105
FRT05B,31.59900372,74.31753786,106
FRT05B,31.59937138,74.31756544,107
FRT05B,31.59950557,74.31760956,108
FRT05B,31.59965815,74.31763897,109
FRT05B,31.59993756,74.31749191,110
FRT05B,31.60027948,74.31786691,111
FRT05B,31.60040264,74.31797353,112
FRT05B,31.60055522,74.31805626,113
FRT05B,31.60063794,74.31807648,114
FRT05B,31.60072618,74.31809118,115
FRT05B,31.60080706,74.31808015,116
FRT05B,31.60088795,74.31807096,117
FRT05B,31.6010056,74.31803604,118
FRT05B,31.60116001,74.31798089,119
FRT05B,31.60190819,74.31772537,120
FRT05B,31.60234753,74.31758566,121
FRT05B,31.60246886,74.31755992,122
FRT05B,31.6025479,74.31755992,123
FRT05B,31.60258835,74.31757463,124
FRT05B,31.60271702,74.31760404,125
FRT05B,31.60281078,74.31766103,126
FRT05B,31.60292291,74.31772904,127
FRT05B,31.60303321,74.31779522,128
FRT05B,31.60310858,74.31785405,129
FRT05B,31.60315453,74.31789081,130
FRT05B,31.60320049,74.31795331,131
FRT05B,31.60324461,74.31802317,132
FRT05B,31.60330527,74.31812243,133
FRT05B,31.60334939,74.31820699,134
FRT05B,31.60339718,74.31833567,135
FRT05B,31.60344498,74.31854707,136
FRT05B,31.60344314,74.31867391,137
FRT05B,31.60344314,74.31878421,138
FRT05B,31.60342843,74.31894414,139
FRT05B,31.60340454,74.31911142,140
FRT05B,31.60336593,74.319264,141
FRT05B,31.60329976,74.31960959,142
FRT05B,31.60326299,74.31984673,143
FRT05B,31.60321152,74.320071,144
FRT05B,31.60317843,74.3202585,145
FRT05B,31.60307181,74.32079528,146
FRT05B,31.60300196,74.32118131,147
FRT05B,31.60295048,74.32153794,148
FRT05B,31.60291372,74.32175301,149
FRT05B,31.60287879,74.32185963,150
FRT05B,31.60282916,74.32196993,151
FRT05B,31.60273908,74.32211515,152
FRT05B,31.60262695,74.32230633,153
FRT05B,31.60246151,74.32255817,154
FRT05B,31.60220231,74.32297178,155
FRT05B,31.60194679,74.32340745,156
FRT05B,31.60165267,74.32387805,157
FRT05B,31.6013034,74.32447365,158
FRT05B,31.60122251,74.32460233,159
FRT05B,31.60115633,74.32466299,160
FRT05B,31.60107177,74.32472549,161
FRT05B,31.60092287,74.32480821,162
FRT05B,31.6008714,74.32484314,163
FRT05B,31.60081626,74.32489278,164
FRT05B,31.60077214,74.32494608,165
FRT05B,31.60071883,74.32501962,166
FRT05B,31.60069125,74.32507844,167
FRT05B,31.60066736,74.32516116,168
FRT05B,31.60064897,74.32524205,169
FRT05B,31.60063427,74.32534683,170
FRT05B,31.60063243,74.32552146,171
FRT05B,31.60063978,74.32586154,172
FRT05B,31.60063427,74.32615383,173
FRT05B,31.60065081,74.32660972,174
FRT05B,31.60066,74.32697186,175
FRT05B,31.60068206,74.32715017,176
FRT05B,31.60068022,74.32723473,177
FRT05B,31.60065816,74.32735605,178
FRT05B,31.60064346,74.32746635,179
FRT05B,31.60063794,74.32762076,180
FRT05B,31.6006453,74.32805827,181
FRT05B,31.60065633,74.32858769,182
FRT05B,31.60066368,74.32890204,183
FRT05B,31.60068206,74.32924212,184
FRT05B,31.60069309,74.32940205,185
FRT05B,31.60070596,74.32950499,186
FRT05B,31.60072986,74.3295969,187
FRT05B,31.60075743,74.32970536,188
FRT05B,31.60084015,74.32995169,189
FRT05B,31.60096332,74.33029728,190
FRT05B,31.60115817,74.33087818,191
FRT05B,31.60143759,74.33164657,192
FRT05B,31.60158465,74.33203996,193
FRT05B,31.60165267,74.33222746,194
FRT05B,31.6018126,74.33254732,195
FRT05B,31.60208098,74.33302343,196
FRT05B,31.60219128,74.33318336,197
FRT05B,31.60229974,74.3333341,198
FRT05B,31.60235856,74.33340947,199
FRT05B,31.60249092,74.33347749,200
FRT05B,31.60265636,74.33355286,201
FRT05B,31.60294129,74.33361536,202
FRT05B,31.60317843,74.33370543,203
FRT05B,31.6037152,74.33391683,204
FRT05B,31.60451669,74.33426059,205
FRT05B,31.60481081,74.33437456,206
FRT05B,31.60499648,74.3344628,207
FRT05B,31.6051178,74.33451978,208
FRT05B,31.60521339,74.33457861,209
FRT05B,31.6053145,74.33464479,210
FRT05B,31.60559208,74.33485067,211
FRT05B,31.6061215,74.33525509,212
FRT05B,31.60646525,74.33544443,213
FRT05B,31.60713438,74.33576062,214
FRT05B,31.60788991,74.33618342,215
FRT05B,31.60794506,74.3362404,216
FRT07F,31.43131692,74.31171791,1
FRT07F,31.43114412,74.31162232,2
FRT07F,31.4310375,74.31155982,3
FRT07F,31.4309125,74.31148261,4
FRT07F,31.43079853,74.31141092,5
FRT07F,31.43067904,74.31132452,6
FRT07F,31.4306533,74.31129694,7
FRT07F,31.4306386,74.31124547,8
FRT07F,31.43065514,74.31121238,9
FRT07F,31.43069374,74.311194,10
FRT07F,31.43072683,74.311194,11
FRT07F,31.43088676,74.31131533,12
FRT07F,31.43119375,74.31148629,13
FRT07F,31.43168273,74.31175284,14
FRT07F,31.43249709,74.31220137,15
FRT07F,31.43325261,74.31261498,16
FRT07F,31.43461661,74.3133797,17
FRT07F,31.43513868,74.31367383,18
FRT07F,31.4354953,74.31387236,19
FRT07F,31.4364512,74.31439075,20
FRT07F,31.43694753,74.31465546,21
FRT07F,31.43830785,74.3154018,22
FRT07F,31.43915713,74.31587975,23
FRT07F,31.44042186,74.31657829,24
FRT07F,31.44157629,74.31718492,25
FRT07F,31.44195497,74.31740183,26
FRT07F,31.44265719,74.31778419,27
FRT07F,31.44373074,74.31836141,28
FRT07F,31.44516827,74.31918863,29
FRT07F,31.44718668,74.32028424,30
FRT07F,31.44868671,74.32111513,31
FRT07F,31.44939996,74.32153426,32
FRT07F,31.45081543,74.32232104,33
FRT07F,31.45242942,74.32322547,34
FRT07F,31.45406916,74.32412622,35
FRT07F,31.45483388,74.32456005,36
FRT07F,31.45596993,74.32519609,37
FRT07F,31.45720525,74.3258836,38
FRT07F,31.45865748,74.32669979,39
FRT07F,31.4594994,74.32715201,40
FRT07F,31.45961889,74.32726598,41
FRT07F,31.45967036,74.3273873,42
FRT07F,31.45971816,74.32752701,43
FRT07F,31.45972,74.32757297,44
FRT07F,31.45914646,74.32906932,45
FRT07F,31.45900307,74.32945536,46
FRT07F,31.45857292,74.33056567,47
FRT07F,31.45769055,74.33281203,48
FRT07F,31.45729716,74.33385985,49
FRT07F,31.45698098,74.33466133,50
FRT07F,31.45681737,74.33504553,51
FRT07F,31.45670156,74.33533965,52
FRT07F,31.45661884,74.33554186,53
FRT07F,31.45657288,74.33568892,54
FRT07F,31.4565545,74.33578084,55
FRT07F,31.45655817,74.3358654,56
FRT07F,31.45659126,74.33598121,57
FRT07F,31.45664274,74.33608967,58
FRT07F,31.45681921,74.33624224,59
FRT07F,31.45760783,74.3366246,60
FRT07F,31.4583174,74.33688196,61
FRT07F,31.4586152,74.33698858,62
FRT07F,31.45912991,74.33717241,63
FRT07F,31.45931006,74.33727535,64
FRT07F,31.45975125,74.33752535,65
FRT07F,31.46025493,74.33780477,66
FRT07F,31.4609498,74.33819081,67
FRT07F,31.46141304,74.33850699,68
FRT07F,31.46227335,74.33911729,69
FRT07F,31.46292777,74.33959157,70
FRT07F,31.46327337,74.33981951,71
FRT07F,31.46373661,74.3400879,72
FRT07F,31.46505281,74.34081953,73
FRT07F,31.46591312,74.34129748,74
FRT07F,31.4665749,74.34164675,75
FRT07F,31.46794625,74.34242618,76
FRT07F,31.46872567,74.34285265,77
FRT07F,31.46943524,74.34324237,78
FRT07F,31.47019629,74.34368355,79
FRT07F,31.47105659,74.34417621,80
FRT07F,31.47138013,74.344349,81
FRT07F,31.47182499,74.34466151,82
FRT07F,31.47239118,74.3450696,83
FRT07F,31.47257868,74.34507696,84
FRT07F,31.47288016,74.34500343,85
FRT07F,31.47339487,74.34477916,86
FRT07F,31.47364488,74.34465416,87
FRT07F,31.47391694,74.34455121,88
FRT07F,31.47404562,74.34451812,89
FRT07F,31.474189,74.34451812,90
FRT07F,31.47439857,74.34451445,91
FRT07F,31.47452724,74.34448504,92
FRT07F,31.47460078,74.3444115,93
FRT07F,31.4746118,74.34432327,94
FRT07F,31.47458607,74.34426444,95
FRT07F,31.47456033,74.344224,96
FRT07F,31.47449416,74.34418172,97
FRT07F,31.47440408,74.34416885,98
FRT07F,31.4742754,74.3441854,99
FRT07F,31.47411731,74.34422032,100
FRT07F,31.47365039,74.34434533,101
FRT07F,31.4718397,74.34517255,102
FRT07F,31.47139484,74.34539682,103
FRT07F,31.47008967,74.3458858,104
FRT07F,31.46556017,74.34783804,105
FRT07F,31.46384691,74.34859173,106
FRT07F,31.46174393,74.34940056,107
FRT07F,31.45952698,74.35034176,108
FRT07F,31.45685855,74.35133802,109
FRT07F,31.45297246,74.35264687,110
FRT07F,31.44838524,74.35404954,111
FRT07F,31.44702124,74.35440984,112
FRT07F,31.44670506,74.35450176,113
FRT07F,31.44530062,74.35477382,114
FRT07F,31.44469474,74.35491959,115
FRT07F,31.44462238,74.3549281,116
FRT07F,31.4445628,74.35491321,117
FRT07F,31.44451598,74.35488661,118
FRT07F,31.4444798,74.35483979,119
FRT07F,31.44443724,74.3547419,120
FRT07F,31.4444383,74.3546589,121
FRT07F,31.44446171,74.35457591,122
FRT07F,31.44449257,74.35453015,123
FRT07F,31.44454152,74.35449185,124
FRT07F,31.44461493,74.35446099,125
FRT07F,31.44592563,74.35426646,126
FRT07F,31.44739992,74.35406425,127
FRT07F,31.45026027,74.35321865,128
FRT07B,31.45033262,74.35320375,1
FRT07B,31.45045788,74.35315431,2
FRT07B,31.45282557,74.35258812,3
FRT07B,31.45660873,74.35122045,4
FRT07B,31.45948378,74.35014322,5
FRT07B,31.46148749,74.34929027,6
FRT07B,31.46361364,74.34840965,7
FRT07B,31.46532616,74.34765628,8
FRT07B,31.47031853,74.34556226,9
FRT07B,31.47088472,74.3453049,10
FRT07B,31.47114575,74.3451413,11
FRT07B,31.47121009,74.3450071,12
FRT07B,31.47123583,74.344906,13
FRT07B,31.47126891,74.34475158,14
FRT07B,31.47120825,74.34453835,15
FRT07B,31.47108325,74.34435636,16
FRT07B,31.47083692,74.34420746,17
FRT07B,31.47008507,74.34375157,18
FRT07B,31.46941226,74.3433784,19
FRT07B,31.46854828,74.34297949,20
FRT07B,31.46768429,74.34251074,21
FRT07B,31.46637177,74.34179933,22
FRT07B,31.46566771,74.34138204,23
FRT07B,31.46478534,74.34088019,24
FRT07B,31.46393974,74.34043717,25
FRT07B,31.4633901,74.3401265,26
FRT07B,31.46309414,74.33994268,27
FRT07B,31.46275957,74.3397037,28
FRT07B,31.4620739,74.33922759,29
FRT07B,31.46123381,74.33862096,30
FRT07B,31.46077424,74.33831397,31
FRT07B,31.46009225,74.33794264,32
FRT07B,31.45959775,74.33764668,33
FRT07B,31.45913083,74.33739116,34
FRT07B,31.45887347,74.33728086,35
FRT07B,31.45841758,74.3371099,36
FRT07B,31.45813081,74.33699225,37
FRT07B,31.45744406,74.33671082,38
FRT07B,31.45669145,74.33636632,39
FRT07B,31.4564727,74.33628176,40
FRT07B,31.45615284,74.33609518,41
FRT07B,31.45616203,74.33608323,42
FRT07B,31.45623004,74.33596191,43
FRT07B,31.45629622,74.33581484,44
FRT07B,31.45637159,74.33565859,45
FRT07B,31.45646534,74.33544903,46
FRT07B,31.45651233,74.33535403,47
FRT07B,31.45662829,74.33505953,48
FRT07B,31.4567919,74.33467531,49
FRT07B,31.45710763,74.33387498,50
FRT07B,31.457501,74.33282721,51
FRT07B,31.45838348,74.33058057,52
FRT07B,31.45881344,74.32947076,53
FRT07B,31.45895679,74.32908482,54
FRT07B,31.45952606,74.32759962,55
FRT07B,31.45952507,74.32757501,56
FRT07B,31.45948076,74.32744547,57
FRT07B,31.45943441,74.32733623,58
FRT07B,31.45932693,74.32723371,59
FRT07B,31.45848988,74.32678411,60
FRT07B,31.45703737,74.32596776,61
FRT07B,31.45580208,74.32528027,62
FRT07B,31.45466588,74.32464414,63
FRT07B,31.45390131,74.3242104,64
FRT07B,31.45226167,74.3233097,65
FRT07B,31.45064758,74.32240522,66
FRT07B,31.44923173,74.32161823,67
FRT07B,31.44851851,74.32119912,68
FRT07B,31.44701912,74.32036857,69
FRT07B,31.4450004,74.3192728,70
FRT07B,31.44356294,74.31844562,71
FRT07B,31.44248984,74.31786864,72
FRT07B,31.44178712,74.31748601,73
FRT07B,31.44140871,74.31726925,74
FRT07B,31.44025457,74.31666277,75
FRT07B,31.4389893,74.31596393,76
FRT07B,31.43814007,74.31548601,77
FRT07B,31.43678018,74.31473991,78
FRT07B,31.43628394,74.31447525,79
FRT07B,31.4353277,74.31395667,80
FRT07B,31.43497078,74.31375797,81
FRT07B,31.43444865,74.31346382,82
FRT07B,31.43308489,74.31269923,83
FRT07B,31.4323295,74.31228569,84
FRT07B,31.43151518,74.31183717,85
FRT07B,31.43131854,74.31172998,86
FRT07B,31.43102802,74.31157162,87
FRT08F,31.51897013,74.32776415,1
FRT08F,31.51875689,74.32792959,2
FRT08F,31.51851792,74.32809504,3
FRT08F,31.51827159,74.32822372,4
FRT08F,31.51797379,74.32834137,5
FRT08F,31.51763555,74.32845166,6
FRT08F,31.51741496,74.32849946,7
FRT08F,31.51713186,74.32852519,8
FRT08F,31.51675318,74.32854725,9
FRT08F,31.51605096,74.32851416,10
FRT08F,31.51414652,74.32858402,11
FRT08F,31.51354356,74.32866122,12
FRT08F,31.51171265,74.32900314,13
FRT08F,31.5101685,74.32944433,14
FRT08F,31.50866848,74.32996639,15
FRT08F,31.50692212,74.33073479,16
FRT08F,31.50521989,74.33140392,17
FRT08F,31.50491841,74.33150686,18
FRT08F,31.5047787,74.33151422,19
FRT08F,31.5046537,74.3314848,20
FRT08F,31.50444046,74.33136715,21
FRT08F,31.50423825,74.3312348,22
FRT08F,31.50411325,74.3311098,23
FRT08F,31.50403236,74.33095538,24
FRT08F,31.50377133,74.3301061,25
FRT08F,31.50323456,74.32861711,26
FRT08F,31.5030397,74.32805827,27
FRT08F,31.50280073,74.32727885,28
FRT08F,31.50263896,74.32666854,29
FRT08F,31.50240734,74.32581191,30
FRT08F,31.50221248,74.32502513,31
FRT08F,31.50189262,74.32367952,32
FRT08F,31.50157276,74.32234494,33
FRT08F,31.50110217,74.32072358,34
FRT08F,31.50092937,74.32026034,35
FRT08F,31.50075657,74.31965003,36
FRT08F,31.50063525,74.31927503,37
FRT08F,31.50043671,74.31834119,38
FRT08F,31.50034848,74.31798089,39
FRT08F,31.50028597,74.31779706,40
FRT08F,31.50022347,74.31756912,41
FRT08F,31.50023083,74.31743676,42
FRT08F,31.50024186,74.31735588,43
FRT08F,31.50028597,74.31720514,44
FRT08F,31.50039995,74.31701028,45
FRT08F,31.50067385,74.3166555,46
FRT08F,31.50162607,74.31525474,47
FRT08F,31.50250109,74.31400839,48
FRT08F,31.50363898,74.3122749,49
FRT08F,31.50366655,74.31208005,50
FRT08F,31.50362611,74.31187416,51
FRT08F,31.50326765,74.31152489,52
FRT08F,31.50302316,74.31129143,53
FRT08F,31.50228969,74.3105212,54
FRT08F,31.50189997,74.31005795,55
FRT08F,31.50093672,74.30913882,56
FRT08F,31.50030068,74.30850645,57
FRT08F,31.49924184,74.30749173,58
FRT08F,31.49848447,74.30677481,59
FRT08F,31.49799917,74.30636303,60
FRT08F,31.49743298,74.30578582,61
FRT08F,31.49666091,74.3050836,62
FRT08F,31.49559839,74.30405049,63
FRT08F,31.49524544,74.30370857,64
FRT08F,31.49489617,74.30335195,65
FRT08F,31.49453955,74.302999,66
FRT08F,31.49404322,74.30249899,67
FRT08F,31.49299173,74.30132618,68
FRT08F,31.49207995,74.30030778,69
FRT08F,31.49106522,74.29910188,70
FRT08F,31.49041448,74.29830039,71
FRT08F,31.48969755,74.29744743,72
FRT08F,31.48908725,74.2966386,73
FRT08F,31.48860194,74.29591064,74
FRT08F,31.48791075,74.29505401,75
FRT08F,31.4874806,74.29450988,76
FRT08F,31.48719751,74.29411649,77
FRT08F,31.4870578,74.29391061,78
FRT08F,31.48699162,74.29381502,79
FRT08F,31.48690706,74.29373781,80
FRT08F,31.48684088,74.29367163,81
FRT08F,31.48671956,74.29363487,82
FRT08F,31.48664235,74.29363854,83
FRT08F,31.48648794,74.29371943,84
FRT08F,31.48629308,74.29386649,85
FRT08F,31.48493644,74.29513489,86
FRT08F,31.48481143,74.29498048,87
FRT08F,31.48632249,74.29349148,88
FRT08F,31.48644014,74.29331501,89
FRT08F,31.48647323,74.29316427,90
FRT08F,31.48646955,74.29304294,91
FRT08F,31.48642176,74.29294368,92
FRT08F,31.4862894,74.29273044,93
FRT08F,31.48614602,74.29249146,94
FRT08F,31.48589234,74.29205028,95
FRT08F,31.48566071,74.29160174,96
FRT08F,31.48545851,74.29114585,97
FRT08F,31.48527835,74.29077084,98
FRT08F,31.484896,74.29006495,99
FRT08F,31.48435187,74.28910905,100
FRT08F,31.48362391,74.28769726,101
FRT08F,31.48297684,74.28637371,102
FRT08F,31.48246948,74.28535898,103
FRT08F,31.48188124,74.28405749,104
FRT08F,31.48141799,74.28314571,105
FRT08F,31.4810724,74.28252805,106
FRT08F,31.48069004,74.28161627,107
FRT08F,31.48033709,74.28075596,108
FRT08F,31.48019003,74.28036625,109
FRT08F,31.47992164,74.27948388,110
FRT08F,31.47975252,74.2790574,111
FRT08F,31.47961281,74.27856107,112
FRT08F,31.47948046,74.27800224,113
FRT08F,31.4792709,74.2773809,114
FRT08F,31.47896574,74.27634044,115
FRT08F,31.47860912,74.27514924,116
FRT08F,31.47825617,74.2738551,117
FRT08F,31.47798043,74.27281097,118
FRT08F,31.47781499,74.27220434,119
FRT08F,31.47760542,74.27125947,120
FRT08F,31.47739954,74.27031092,121
FRT08F,31.47714953,74.26920061,122
FRT08F,31.4767782,74.26756087,123
FRT08F,31.47646937,74.26620791,124
FRT08F,31.47615319,74.26486597,125
FRT08F,31.47566421,74.26292844,126
FRT08F,31.47542891,74.26199827,127
FRT08F,31.47529288,74.26135856,128
FRT08F,31.47512376,74.2603328,129
FRT08F,31.47499141,74.25965264,130
FRT08F,31.47483332,74.25878498,131
FRT08F,31.47468993,74.25814526,132
FRT08F,31.47449507,74.25727025,133
FRT08F,31.47432228,74.25647979,134
FRT08F,31.47407595,74.25542463,135
FRT08F,31.47387374,74.25450549,136
FRT08F,31.47363109,74.25346136,137
FRT08F,31.47339947,74.25234737,138
FRT08F,31.4732377,74.25158265,139
FRT08F,31.47292887,74.25042454,140
FRT08F,31.47260166,74.24941349,141
FRT08F,31.47241783,74.24866348,142
FRT08F,31.47230018,74.24822229,143
FRT08F,31.47220459,74.24791346,144
FRT08F,31.47212371,74.24767817,145
FRT08F,31.47198768,74.24743919,146
FRT08F,31.4718112,74.24716713,147
FRT08F,31.4715612,74.2467958,148
FRT08F,31.47124869,74.24636932,149
FRT08F,31.47097663,74.24609358,150
FRT08F,31.47074133,74.24583622,151
FRT08F,31.47052258,74.24563401,152
FRT08F,31.47031485,74.24537482,153
FRT08F,31.47015309,74.24503106,154
FRT08F,31.47008323,74.24486378,155
FRT08F,31.47000051,74.24462848,156
FRT08F,31.46996926,74.24452002,157
FRT08F,31.46992514,74.24435458,158
FRT08F,31.46984793,74.24411193,159
FRT08F,31.46983323,74.24402737,160
FRT08F,31.46981852,74.24394281,161
FRT08F,31.46982587,74.24339868,162
FRT08F,31.46985896,74.24296485,163
FRT08F,31.46990676,74.24256778,164
FRT08F,31.47000235,74.24230675,165
FRT08F,31.47013103,74.24203468,166
FRT08F,31.47033324,74.2415935,167
FRT08F,31.47047662,74.24120379,168
FRT08F,31.47053545,74.24095011,169
FRT08F,31.47051706,74.24067437,170
FRT08F,31.47040309,74.24001259,171
FRT08F,31.47012,74.23876992,172
FRT08B,31.47005364,74.23878071,1
FRT08B,31.47006832,74.23853115,2
FRT08B,31.47001327,74.23809076,3
FRT08B,31.46985546,74.2370595,4
FRT08B,31.46964994,74.23608329,5
FRT08B,31.46950314,74.23533462,6
FRT08B,31.46931231,74.23457493,7
FRT08B,31.46918569,74.23427033,8
FRT08B,31.46896733,74.2337547,9
FRT08B,31.46881686,74.23334917,10
FRT08B,31.4688242,74.23329045,11
FRT08B,31.46885723,74.23326109,12
FRT08B,31.46891595,74.23326109,13
FRT08B,31.46895449,74.23329412,14
FRT08B,31.46922973,74.23386663,15
FRT08B,31.4694903,74.23451255,16
FRT08B,31.46969215,74.2352025,17
FRT08B,31.46986831,74.23578969,18
FRT08B,31.47004813,74.23685031,19
FRT08B,31.4702353,74.23772376,20
FRT08B,31.4703087,74.23829995,21
FRT08B,31.47037843,74.23864492,22
FRT08B,31.47056193,74.23950002,23
FRT08B,31.47067937,74.23991106,24
FRT08B,31.47090089,74.24062383,25
FRT08B,31.47113811,74.24126528,26
FRT08B,31.47140235,74.24194055,27
FRT08B,31.47149777,74.24240296,28
FRT08B,31.47162255,74.24293511,29
FRT08B,31.4719088,74.24413886,30
FRT08B,31.47222075,74.24540866,31
FRT08B,31.47240241,74.24598485,32
FRT08B,31.47257674,74.24688215,33
FRT08B,31.47267216,74.24749871,34
FRT08B,31.47274556,74.24796846,35
FRT08B,31.47293823,74.24882723,36
FRT08B,31.47310521,74.24963462,37
FRT08B,31.47328137,74.25047137,38
FRT08B,31.47355662,74.25163475,39
FRT08B,31.47366672,74.25211552,40
FRT08B,31.47400802,74.25363121,41
FRT08B,31.47426125,74.25475422,42
FRT08B,31.47448879,74.25572309,43
FRT08B,31.47464293,74.25650112,44
FRT08B,31.47488881,74.25753605,45
FRT08B,31.47507965,74.2584095,46
FRT08B,31.47530352,74.25921689,47
FRT08B,31.47548783,74.2599908,48
FRT08B,31.47572923,74.2609638,49
FRT08B,31.47589438,74.26163907,50
FRT08B,31.47608889,74.26253454,51
FRT08B,31.47641552,74.26435484,52
FRT08B,31.47665774,74.26547785,53
FRT08B,31.47704675,74.26724677,54
FRT08B,31.47733301,74.26847988,55
FRT08B,31.47747614,74.26915515,56
FRT08B,31.47771468,74.27027449,57
FRT08B,31.4779936,74.27150393,58
FRT08B,31.47815141,74.2721792,59
FRT08B,31.47845602,74.2733279,60
FRT08B,31.47875695,74.27444724,61
FRT08B,31.47905422,74.27547482,62
FRT08B,31.47941021,74.27672628,63
FRT08B,31.4795937,74.2772988,64
FRT08B,31.4797772,74.2778236,65
FRT08B,31.47998639,74.27842914,66
FRT08B,31.48019558,74.27903836,67
FRT08B,31.48043046,74.2794604,68
FRT08B,31.48063597,74.27995585,69
FRT08B,31.481036,74.28091371,70
FRT08B,31.48142502,74.28204773,71
FRT08B,31.48168558,74.28276704,72
FRT08B,31.48221406,74.28396712,73
FRT08B,31.48262876,74.28492131,74
FRT08B,31.4831866,74.28612138,75
FRT08B,31.48385086,74.2874389,76
FRT08B,31.48431331,74.2883013,77
FRT08B,31.48465463,74.2889619,78
FRT08B,31.48486015,74.28933625,79
FRT08B,31.48555746,74.29056938,80
FRT08B,31.48593548,74.29118595,81
FRT08B,31.48623643,74.29162269,82
FRT08B,31.48640892,74.29192731,83
FRT08B,31.48655939,74.29213283,84
FRT08B,31.4867612,74.29245887,85
FRT08B,31.4869264,74.29274889,86
FRT08B,31.48706117,74.29294385,87
FRT08B,31.48726047,74.29328671,88
FRT08B,31.48734347,74.29344613,89
FRT08B,31.48741303,74.29354659,90
FRT08B,31.48755247,74.29375209,91
FRT08B,31.48783447,74.29414396,92
FRT08B,31.48826376,74.29468699,93
FRT08B,31.48884364,74.29553435,94
FRT08B,31.48939064,74.29638605,95
FRT08B,31.49010283,74.2973075,96
FRT08B,31.49074161,74.29822161,97
FRT08B,31.49139507,74.29898887,98
FRT08B,31.49276072,74.30065556,99
FRT08B,31.49321227,74.30111812,100
FRT08B,31.49422183,74.30219743,101
FRT08B,31.49462932,74.30263429,102
FRT08B,31.49500378,74.30304178,103
FRT08B,31.49547001,74.30351169,104
FRT08B,31.49596194,74.30397058,105
FRT08B,31.49678427,74.30475252,106
FRT08B,31.49759191,74.30550143,107
FRT08B,31.49817195,74.30604109,108
FRT08B,31.49886579,74.30669822,109
FRT08B,31.49966609,74.30744345,110
FRT08B,31.50095099,74.3086072,111
FRT08B,31.50158609,74.30919825,112
FRT08B,31.50237171,74.30983702,113
FRT08B,31.50276452,74.31017476,114
FRT08B,31.5033831,74.3107034,115
FRT08B,31.50381262,74.31107969,116
FRT08B,31.50400719,74.31126509,117
FRT08B,31.50432474,74.31154776,118
FRT08B,31.50370616,74.31241231,119
FRT08B,31.5028565,74.31370998,120
FRT08B,31.50198125,74.31495667,121
FRT08B,31.5013493,74.31590171,122
FRT08B,31.50111251,74.31622293,123
FRT08B,31.50092345,74.31652947,124
FRT08B,31.50076009,74.31680113,125
FRT08B,31.50064812,74.31703241,126
FRT08B,31.5005891,74.31723147,127
FRT08B,31.50045355,74.31768954,128
FRT08B,31.5004719,74.31801627,129
FRT08B,31.50055634,74.31835768,130
FRT08B,31.50067014,74.31865137,131
FRT08B,31.500828,74.31906254,132
FRT08B,31.50090877,74.3193599,133
FRT08B,31.50100055,74.31987753,134
FRT08B,31.50119879,74.32060441,135
FRT08B,31.50156223,74.32190031,136
FRT08B,31.50203947,74.323567,137
FRT08B,31.50260482,74.32535851,138
FRT08B,31.5030021,74.32632176,139
FRT08B,31.50327439,74.32705593,140
FRT08B,31.50334673,74.32760133,141
FRT08B,31.50344969,74.32800759,142
FRT08B,31.50373074,74.32886185,143
FRT08B,31.50404795,74.32974672,144
FRT08B,31.50420378,74.33017803,145
FRT08B,31.50441248,74.33075681,146
FRT08B,31.50447369,74.33090985,147
FRT08B,31.50457665,74.33100168,148
FRT08B,31.50469352,74.33103785,149
FRT08B,31.50481595,74.33104064,150
FRT08B,31.50497178,74.33101837,151
FRT08B,31.50553109,74.33077629,152
FRT08B,31.50797422,74.32994707,153
FRT08B,31.50897415,74.32958538,154
FRT08B,31.51047678,74.3290624,155
FRT08B,31.5120238,74.32862039,156
FRT08B,31.51385763,74.32827791,157
FRT08B,31.51446343,74.32820034,158
FRT08B,31.51637125,74.32813035,159
FRT08B,31.51698432,74.32807715,160
FRT08B,31.51733493,74.3280382,161
FRT08B,31.51761598,74.32799089,162
FRT08B,31.51785806,74.32792133,163
FRT08B,31.51815859,74.32778498,164
FRT08B,31.51839511,74.32763472,165
FRT08B,31.51873459,74.32729524,166
FRT08B,31.51911302,74.32762637,167
FRT08B,31.5188292,74.32787959,168
FRT08B,31.51851792,74.32809504,169
FRT09F,31.57411174,74.33639022,1
FRT09F,31.57412644,74.33684611,2
FRT09F,31.57289848,74.3375998,3
FRT09F,31.57285661,74.33757792,4
FRT09F,31.57259604,74.33687879,5
FRT09F,31.57245475,74.33660354,6
FRT09F,31.57198316,74.33545301,7
FRT09F,31.57193545,74.33538145,8
FRT09F,31.57186205,74.33534291,9
FRT09F,31.57176296,74.33527318,10
FRT09F,31.57158313,74.33527135,11
FRT09F,31.57105833,74.33531539,12
FRT09F,31.57015001,74.33548421,13
FRT09F,31.56943254,74.33555393,14
FRT09F,31.56868019,74.33561632,15
FRT09F,31.56782509,74.33564568,16
FRT09F,31.56728928,74.33559797,17
FRT09F,31.56576991,74.33549155,18
FRT09F,31.56414045,74.33537778,19
FRT09F,31.56335141,74.33535576,20
FRT09F,31.56324314,74.33535576,21
FRT09F,31.56316241,74.33535943,22
FRT09F,31.56307066,74.3353998,23
FRT09F,31.56296056,74.3355099,24
FRT09F,31.56286697,74.33572092,25
FRT09F,31.56274953,74.33601085,26
FRT09F,31.56263393,74.33626407,27
FRT09F,31.56250365,74.33645858,28
FRT09F,31.56243575,74.3365173,29
FRT09F,31.56189994,74.33681824,30
FRT09F,31.5618559,74.33683842,31
FRT09F,31.56181553,74.33678704,32
FRT09F,31.56176048,74.33666777,33
FRT09F,31.56171277,74.33655216,34
FRT09F,31.56169809,74.33645675,35
FRT09F,31.56169809,74.33634848,36
FRT09F,31.56171094,74.3360347,37
FRT09F,31.56176048,74.33575395,38
FRT09F,31.56185039,74.33556127,39
FRT09F,31.5620082,74.33541264,40
FRT09F,31.56213849,74.33526951,41
FRT09F,31.56225226,74.33516675,42
FRT09F,31.56233483,74.33505666,43
FRT09F,31.56238621,74.33495573,44
FRT09F,31.56241006,74.33479792,45
FRT09F,31.56239171,74.33469516,46
FRT09F,31.5623018,74.33436303,47
FRT09F,31.5621183,74.33366757,48
FRT09F,31.56188342,74.33270971,49
FRT09F,31.56166323,74.33182158,50
FRT09F,31.5613733,74.33068573,51
FRT09F,31.56116962,74.32998844,52
FRT09F,31.56112191,74.32993339,53
FRT09F,31.5610742,74.32987467,54
FRT09F,31.5610063,74.32983613,55
FRT09F,31.56096226,74.32980861,56
FRT09F,31.56089804,74.32979576,57
FRT09F,31.56073106,74.3298398,58
FRT09F,31.56051453,74.32990403,59
FRT09F,31.56040259,74.32992421,60
FRT09F,31.5603402,74.32992972,61
FRT09F,31.56028516,74.32992238,62
FRT09F,31.56021543,74.32990219,63
FRT09F,31.56014386,74.32987467,64
FRT09F,31.56006679,74.32983246,65
FRT09F,31.55997321,74.32976457,66
FRT09F,31.55977503,74.32959392,67
FRT09F,31.55957318,74.32944528,68
FRT09F,31.55898966,74.32896819,69
FRT09F,31.55789968,74.32809474,70
FRT09F,31.5576593,74.32795711,71
FRT09F,31.55785564,74.32755892,72
FRT09F,31.55808501,74.32703412,73
FRT09F,31.55851807,74.32623774,74
FRT09F,31.55885204,74.32571293,75
FRT09F,31.55901718,74.32549824,76
FRT09F,31.55917316,74.32525969,77
FRT09F,31.55935666,74.32495325,78
FRT09F,31.55941537,74.32480829,79
FRT09F,31.55940803,74.32475324,80
FRT09F,31.55936767,74.32469635,81
FRT09F,31.5593273,74.32463396,82
FRT09F,31.55930161,74.32454955,83
FRT09F,31.55929427,74.32445414,84
FRT09F,31.55928509,74.32436239,85
FRT09F,31.55927775,74.32429266,86
FRT09F,31.55925206,74.32424862,87
FRT09F,31.55920435,74.32421375,88
FRT09F,31.55845017,74.32361004,89
FRT09F,31.55785197,74.32314396,90
FRT09F,31.55724643,74.32265952,91
FRT09F,31.5569932,74.32246318,92
FRT09F,31.55638766,74.32199159,93
FRT09F,31.55604818,74.32172919,94
FRT09F,31.55568486,74.32147413,95
FRT09F,31.55522244,74.32108511,96
FRT09F,31.55485912,74.32080619,97
FRT09F,31.55457469,74.32059334,98
FRT09F,31.55409943,74.32019514,99
FRT09F,31.55381318,74.31998963,100
FRT09F,31.55358381,74.31980613,101
FRT09F,31.55335076,74.31966117,102
FRT09F,31.55313056,74.31953822,103
FRT09F,31.55289569,74.31942262,104
FRT09F,31.55276907,74.31937307,105
FRT09F,31.55235987,74.31921159,106
FRT09F,31.55181488,74.31898406,107
FRT09F,31.55116897,74.3186978,108
FRT09F,31.55093695,74.31859553,109
FRT09F,31.5507312,74.31849082,110
FRT09F,31.55065771,74.31842836,111
FRT09F,31.55057321,74.31836038,112
FRT09F,31.55046114,74.31822995,113
FRT09F,31.55034724,74.31800399,114
FRT09F,31.55021865,74.31779272,115
FRT09F,31.55005882,74.31742714,116
FRT09F,31.54987144,74.31705605,117
FRT09F,31.54967854,74.31668128,118
FRT09F,31.54948932,74.31630835,119
FRT09F,31.54931296,74.31594277,120
FRT09F,31.54914578,74.31562679,121
FRT09F,31.54907046,74.31552575,122
FRT09F,31.54897493,74.3154247,123
FRT09F,31.54890145,74.31537143,124
FRT09F,31.54882245,74.3153549,125
FRT09F,31.54868651,74.31538613,126
FRT09F,31.54835951,74.31547982,127
FRT09F,31.54813538,74.31559739,128
FRT09F,31.54795351,74.31560658,129
FRT09F,31.54789105,74.31559372,130
FRT09F,31.54782491,74.31555881,131
FRT09F,31.54774959,74.31549819,132
FRT09F,31.54774959,74.31542103,133
FRT09F,31.54777531,74.31533469,134
FRT09F,31.54784696,74.3152612,135
FRT09F,31.54798841,74.31513628,136
FRT09F,31.54812803,74.31506647,137
FRT09F,31.54825663,74.31499299,138
FRT09F,31.54839992,74.31491216,139
FRT09F,31.54867916,74.31475416,140
FRT09F,31.54875816,74.31464945,141
FRT09F,31.54885736,74.31446758,142
FRT09F,31.54891615,74.31431326,143
FRT09F,31.54895472,74.31421038,144
FRT09F,31.54901167,74.31405791,145
FRT09F,31.54915313,74.31357659,146
FRT09F,31.54925233,74.31328265,147
FRT09F,31.54932582,74.3130622,148
FRT09F,31.54956097,74.3124578,149
FRT09F,31.54962894,74.31224286,150
FRT09F,31.54978142,74.31185707,151
FRT09F,31.54988246,74.31159987,152
FRT09F,31.54991185,74.31151169,153
FRT09F,31.54999085,74.31129675,154
FRT09F,31.55005698,74.31110753,155
FRT09F,31.5501323,74.3109128,156
FRT09F,31.55016721,74.31079155,157
FRT09F,31.55022048,74.31064826,158
FRT09F,31.5502756,74.31050496,159
FRT09F,31.55033438,74.31035065,160
FRT09F,31.55039684,74.31016694,161
FRT09F,31.55045931,74.3100016,162
FRT09F,31.55056769,74.30970032,163
FRT09F,31.55065036,74.30948354,164
FRT09F,31.55072752,74.30927044,165
FRT09F,31.55079917,74.30907754,166
FRT09F,31.55090205,74.3088479,167
FRT09F,31.55094614,74.30873768,168
FRT09F,31.55101227,74.3086201,169
FRT09F,31.55109127,74.30847314,170
FRT09F,31.5511868,74.30832433,171
FRT09F,31.55127498,74.30821411,172
FRT09F,31.55134479,74.30811307,173
FRT09F,31.55141827,74.30798447,174
FRT09F,31.55148073,74.30788159,175
FRT09F,31.55156707,74.30771074,176
FRT09F,31.55164607,74.30753989,177
FRT09F,31.55176364,74.30724596,178
FRT09F,31.55182427,74.3070898,179
FRT09F,31.55186836,74.30698876,180
FRT09F,31.55192347,74.30686568,181
FRT09F,31.55200798,74.30671871,182
FRT09F,31.55207962,74.30661767,183
FRT09F,31.55214392,74.30652949,184
FRT09F,31.55235335,74.30635129,185
FRT09F,31.55281263,74.30596366,186
FRT09F,31.55313595,74.30570647,187
FRT09F,31.55339866,74.30551174,188
FRT09F,31.55346112,74.30541621,189
FRT09F,31.55350337,74.30528945,190
FRT09F,31.55353093,74.30518474,191
FRT09F,31.55353093,74.30507451,192
FRT09F,31.55352174,74.30497163,193
FRT09F,31.55352174,74.30486692,194
FRT09F,31.55352542,74.30469607,195
FRT09F,31.55354746,74.30462442,196
FRT09F,31.55361176,74.30452338,197
FRT09F,31.5537275,74.30442785,198
FRT09F,31.55387814,74.30439846,199
FRT09F,31.55408573,74.30440581,200
FRT09F,31.55420331,74.30442785,201
FRT09F,31.55437599,74.30453073,202
FRT09F,31.55456521,74.30468505,203
FRT09F,31.55467728,74.30481364,204
FRT09F,31.55475811,74.30489999,205
FRT09F,31.55478567,74.3049698,206
FRT09F,31.55479669,74.30504328,207
FRT09F,31.55478199,74.30510758,208
FRT09F,31.55475995,74.30518106,209
FRT09F,31.55471402,74.30525638,210
FRT09F,31.55461665,74.30530782,211
FRT09F,31.55448989,74.30530047,212
FRT09F,31.55428965,74.30525454,213
FRT09F,31.55407471,74.30520127,214
FRT09F,31.55403246,74.30519576,215
FRT09F,31.55350337,74.30558339,216
FRT09F,31.55316351,74.30585895,217
FRT09B,31.55316351,74.30585895,1
FRT09B,31.5530542,74.30591791,2
FRT09B,31.55292377,74.3059767,3
FRT09B,31.55265647,74.30618612,4
FRT09B,31.55236882,74.30642332,5
FRT09B,31.55220547,74.30655538,6
FRT09B,31.55210315,74.30668094,7
FRT09B,31.55205115,74.30675287,8
FRT09B,31.55196389,74.30692096,9
FRT09B,31.55190326,74.30706977,10
FRT09B,31.55182243,74.30724337,11
FRT09B,31.55175078,74.30742984,12
FRT09B,31.55167536,74.30759296,13
FRT09B,31.55159534,74.30776604,14
FRT09B,31.5515076,74.30793965,15
FRT09B,31.5514596,74.30802873,16
FRT09B,31.55135765,74.30816468,17
FRT09B,31.55129978,74.30825469,18
FRT09B,31.55121894,74.30836859,19
FRT09B,31.55114179,74.30847606,20
FRT09B,31.55104626,74.30865151,21
FRT09B,31.55097461,74.30879281,22
FRT09B,31.55093146,74.30890066,23
FRT09B,31.55082888,74.30912965,24
FRT09B,31.55075797,74.30932057,25
FRT09B,31.55068072,74.3095339,26
FRT09B,31.55059807,74.30975063,27
FRT09B,31.55048972,74.31005183,28
FRT09B,31.55042743,74.31021669,29
FRT09B,31.55036495,74.31040047,30
FRT09B,31.55030576,74.31055585,31
FRT09B,31.55025073,74.31069893,32
FRT09B,31.55021497,74.31081285,33
FRT09B,31.55016721,74.31093502,34
FRT09B,31.55008741,74.31115772,35
FRT09B,31.54999268,74.31141082,36
FRT09B,31.54994259,74.31156103,37
FRT09B,31.54989624,74.31166434,38
FRT09B,31.54979336,74.31193899,39
FRT09B,31.54965962,74.31229244,40
FRT09B,31.54956556,74.31255074,41
FRT09B,31.54935638,74.31311206,42
FRT09B,31.54928331,74.31333125,43
FRT09B,31.54918445,74.31362419,44
FRT09B,31.54904273,74.31410641,45
FRT09B,31.54901719,74.31423352,46
FRT09B,31.54902637,74.31431252,47
FRT09B,31.5490475,74.31438141,48
FRT09B,31.54909526,74.31445856,49
FRT09B,31.54917885,74.3145247,50
FRT09B,31.5492505,74.31455042,51
FRT09B,31.54944156,74.31449531,52
FRT09B,31.54978142,74.3143612,53
FRT09B,31.54989348,74.31432446,54
FRT09B,31.54999085,74.3143116,55
FRT09B,31.55009372,74.31434283,56
FRT09B,31.5501617,74.31439427,57
FRT09B,31.55019293,74.31441815,58
FRT09B,31.55023151,74.31450817,59
FRT09B,31.55022599,74.31457981,60
FRT09B,31.55018007,74.31464411,61
FRT09B,31.5499541,74.31475434,62
FRT09B,31.54959403,74.31489212,63
FRT09B,31.54933133,74.31503909,64
FRT09B,31.54925601,74.3151732,65
FRT09B,31.54921008,74.31528526,66
FRT09B,31.54919538,74.31540099,67
FRT09B,31.54925601,74.31560124,68
FRT09B,31.54942502,74.31593743,69
FRT09B,31.54954627,74.31619095,70
FRT09B,31.54971345,74.31657306,71
FRT09B,31.54987695,74.3169019,72
FRT09B,31.55001657,74.31719584,73
FRT09B,31.55018558,74.31750814,74
FRT09B,31.55028294,74.31772492,75
FRT09B,31.55038766,74.3179417,76
FRT09B,31.55052544,74.31815847,77
FRT09B,31.55065588,74.31829626,78
FRT09B,31.55074038,74.31838076,79
FRT09B,31.55083407,74.31844506,80
FRT09B,31.55102513,74.3185461,81
FRT09B,31.55126212,74.31865082,82
FRT09B,31.55187938,74.31889515,83
FRT09B,31.55239377,74.31912846,84
FRT09B,31.55280344,74.31931033,85
FRT09B,31.55297245,74.31938565,86
FRT09B,31.55321679,74.31950139,87
FRT09B,31.55346663,74.31964836,88
FRT09B,31.55366504,74.31975491,89
FRT09B,31.55385977,74.31990739,90
FRT09B,31.55415187,74.32012417,91
FRT09B,31.55462951,74.32049159,92
FRT09B,31.55498591,74.32076899,93
FRT09B,31.55525045,74.32098209,94
FRT09B,31.55549478,74.32120438,95
FRT09B,31.5556987,74.32137339,96
FRT09B,31.55594855,74.32154792,97
FRT09B,31.55644273,74.32194473,98
FRT09B,31.55674768,74.32216334,99
FRT09B,31.55707101,74.32244258,100
FRT09B,31.55788117,74.32307271,101
FRT09B,31.558447,74.32352096,102
FRT09B,31.55913958,74.32403718,103
FRT09B,31.55928471,74.32412352,104
FRT09B,31.55942984,74.3241768,105
FRT09B,31.55951802,74.32413455,106
FRT09B,31.55962825,74.32413822,107
FRT09B,31.55969806,74.32414373,108
FRT09B,31.55975685,74.32418047,109
FRT09B,31.55978624,74.32420436,110
FRT09B,31.55987626,74.32426498,111
FRT09B,31.55955844,74.32480325,112
FRT09B,31.55932513,74.32517802,113
FRT09B,31.55924981,74.32532131,114
FRT09B,31.55913774,74.32555278,115
FRT09B,31.55904405,74.32577507,116
FRT09B,31.5587887,74.32628578,117
FRT09B,31.55848374,74.32690856,118
FRT09B,31.55822287,74.32740458,119
FRT09B,31.55798956,74.3278565,120
FRT09B,31.55793812,74.32798326,121
FRT09B,31.55903854,74.32890548,122
FRT09B,31.55959518,74.32937578,123
FRT09B,31.55977522,74.32953193,124
FRT09B,31.55992586,74.32966328,125
FRT09B,31.55999291,74.32971289,126
FRT09B,31.56009395,74.32976984,127
FRT09B,31.56017662,74.32980474,128
FRT09B,31.56029236,74.32983597,129
FRT09B,31.56039707,74.32983597,130
FRT09B,31.56050914,74.32981209,131
FRT09B,31.56061752,74.32978086,132
FRT09B,31.56074245,74.32972758,133
FRT09B,31.56093534,74.32967247,134
FRT09B,31.56101985,74.32966145,135
FRT09B,31.5611411,74.32966145,136
FRT09B,31.56122193,74.32969084,137
FRT09B,31.5613193,74.32989476,138
FRT09B,31.56139645,74.33015379,139
FRT09B,31.56156363,74.33082433,140
FRT09B,31.56180796,74.33179248,141
FRT09B,31.56202658,74.33281023,142
FRT09B,31.56224703,74.33360753,143
FRT09B,31.56247299,74.33451873,144
FRT09B,31.56252627,74.33472448,145
FRT09B,31.56258689,74.3348494,146
FRT09B,31.5626567,74.33495779,147
FRT09B,31.56270998,74.33502025,148
FRT09B,31.56278713,74.33506618,149
FRT09B,31.56304433,74.33516355,150
FRT09B,31.5632905,74.33519662,151
FRT09B,31.56411719,74.33526459,152
FRT09B,31.565405,74.33537298,153
FRT09B,31.56613248,74.33542625,154
FRT09B,31.56724576,74.33547953,155
FRT09B,31.56792365,74.33551076,156
FRT09B,31.56866217,74.33547953,157
FRT09B,31.56940068,74.33544279,158
FRT09B,31.57011163,74.33533256,159
FRT09B,31.57111285,74.33521499,160
FRT09B,31.57163275,74.3351562,161
FRT09B,31.57260457,74.33514701,162
FRT09B,31.57283053,74.33513232,163
FRT09B,31.57306017,74.33513048,164
FRT09B,31.5732549,74.33513415,165
FRT09B,31.57343126,74.33512129,166
FRT09B,31.57377756,74.33511486,167
FRT10F,31.49520132,74.26372534,1
FRT10F,31.49388595,74.26314298,2
FRT10F,31.49360488,74.26299969,3
FRT10F,31.49339361,74.26290967,4
FRT10F,31.49319704,74.26282516,5
FRT10F,31.49299313,74.26274066,6
FRT10F,31.4927543,74.26265064,7
FRT10F,31.4925063,74.26255695,8
FRT10F,31.49197354,74.26235487,9
FRT10F,31.49150324,74.26218769,10
FRT10F,31.49098886,74.26200766,11
FRT10F,31.49103846,74.26184599,12
FRT10F,31.49210397,74.26223913,13
FRT10F,31.4931254,74.26260655,14
FRT10F,31.49354793,74.26278291,15
FRT10F,31.49439299,74.26313196,16
FRT10F,31.49605373,74.26387782,17
FRT10F,31.49623193,74.26396233,18
FRT10F,31.49616946,74.26422687,19
FRT10F,31.49614007,74.26441609,20
FRT10F,31.49613823,74.26458694,21
FRT10F,31.49615477,74.26470451,22
FRT10F,31.49625397,74.26509214,23
FRT10F,31.49639175,74.26557713,24
FRT10F,31.49649647,74.26605661,25
FRT10F,31.49658281,74.26637443,26
FRT10F,31.49679591,74.26714785,27
FRT10F,31.49697228,74.26779083,28
FRT10F,31.49709536,74.26824827,29
FRT10F,31.49724968,74.26880858,30
FRT10F,31.49744625,74.26946259,31
FRT10F,31.49760791,74.2700725,32
FRT10F,31.49794594,74.27113251,33
FRT10F,31.49824722,74.27197941,34
FRT10F,31.49855218,74.27276017,35
FRT10F,31.49892878,74.27373016,36
FRT10F,31.49908861,74.27414902,37
FRT10F,31.49936601,74.27486181,38
FRT10F,31.49957544,74.27542947,39
FRT10F,31.49981977,74.27607981,40
FRT10F,31.49988591,74.27629107,41
FRT10F,31.50011187,74.27691201,42
FRT10F,31.50034151,74.27759357,43
FRT10F,31.50054543,74.27811347,44
FRT10F,31.50077874,74.27879136,45
FRT10F,31.5009551,74.27925431,46
FRT10F,31.50102307,74.27932595,47
FRT10F,31.50127659,74.28005344,48
FRT10F,31.50221902,74.28273928,49
FRT10F,31.50263788,74.28394074,50
FRT10F,31.50290977,74.28474171,51
FRT10F,31.50341313,74.28617097,52
FRT10F,31.50417185,74.28837732,53
FRT10F,31.50466236,74.28978821,54
FRT10F,31.50497834,74.29061858,55
FRT10F,31.50517858,74.29114215,56
FRT10F,31.50550375,74.29188066,57
FRT10F,31.50573706,74.29242628,58
FRT10F,31.50606039,74.29313173,59
FRT10F,31.50624042,74.29348812,60
FRT10F,31.50637453,74.29381512,61
FRT10F,31.50672725,74.29457017,62
FRT10F,31.50726552,74.29567059,63
FRT10F,31.50782583,74.29686103,64
FRT10F,31.50816386,74.29753708,65
FRT10F,31.50854414,74.29833622,66
FRT10F,31.50908424,74.2994348,67
FRT10F,31.50970335,74.30070423,68
FRT10F,31.51018099,74.30167238,69
FRT10F,31.51056311,74.30251745,70
FRT10F,31.51165802,74.30471461,71
FRT10F,31.51220914,74.30592342,72
FRT10F,31.5128411,74.30720204,73
FRT10F,31.51332059,74.30821795,74
FRT10F,31.5140095,74.30962884,75
FRT10F,31.51465799,74.31097176,76
FRT10F,31.51479761,74.31122528,77
FRT10F,31.51522933,74.31211627,78
FRT10F,31.51571616,74.31313218,79
FRT10F,31.51635731,74.31445122,80
FRT10F,31.51726483,74.31632138,81
FRT10F,31.51736771,74.31655653,82
FRT10F,31.51759183,74.31705438,83
FRT10F,31.51776085,74.31741261,84
FRT10F,31.5179023,74.31774513,85
FRT10F,31.51800334,74.3179417,86
FRT10F,31.51817603,74.31826135,87
FRT10F,31.51826972,74.31844874,88
FRT10F,31.51833769,74.31853875,89
FRT10F,31.51888699,74.31913581,90
FRT10F,31.51918827,74.31945914,91
FRT10F,31.51948955,74.3198137,92
FRT10F,31.51981839,74.32026562,93
FRT10F,31.51989188,74.32039789,94
FRT10F,31.52000027,74.32060732,95
FRT10F,31.52010131,74.32084615,96
FRT10F,31.5201656,74.32102985,97
FRT10F,31.52021888,74.32121908,98
FRT10F,31.52028134,74.32142483,99
FRT10F,31.52036401,74.32178306,100
FRT10F,31.52044117,74.32251055,101
FRT10F,31.52051281,74.32334643,102
FRT10F,31.52054221,74.32358525,103
FRT10F,31.52058814,74.32391593,104
FRT10F,31.52062488,74.32409229,105
FRT10F,31.5207002,74.32432744,106
FRT10F,31.5207645,74.32448176,107
FRT10F,31.52084165,74.32461586,108
FRT10F,31.52094821,74.32467465,109
FRT10F,31.52110987,74.32469119,110
FRT10F,31.52119989,74.32467098,111
FRT10F,31.52142218,74.32457361,112
FRT10F,31.52171979,74.32442664,113
FRT10F,31.52224703,74.32426865,114
FRT10F,31.52235175,74.32422824,115
FRT10F,31.52255934,74.32412903,116
FRT10F,31.52264017,74.32410148,117
FRT10F,31.52282939,74.32405739,118
FRT10F,31.52288634,74.32403718,119
FRT10F,31.52304066,74.32396002,120
FRT10F,31.52319681,74.32391042,121
FRT10F,31.52338236,74.32386082,122
FRT10F,31.52353667,74.3237855,123
FRT10F,31.52359362,74.32375427,124
FRT10F,31.52367078,74.32373222,125
FRT10F,31.52381775,74.32370283,126
FRT10F,31.52393349,74.32366058,127
FRT10F,31.52405106,74.32362751,128
FRT10F,31.52415761,74.32359077,129
FRT10F,31.52436704,74.3235081,130
FRT10F,31.52443134,74.32348054,131
FRT10F,31.52468302,74.32343461,132
FRT10F,31.52487775,74.32338317,133
FRT10F,31.52504125,74.32333357,134
FRT10F,31.52530947,74.32323988,135
FRT10F,31.52593959,74.32304699,136
FRT10F,31.52676812,74.3227457,137
FRT10F,31.52723291,74.32258955,138
FRT10F,31.52832782,74.32226255,139
FRT10F,31.52921881,74.32196494,140
FRT10F,31.52977729,74.32184369,141
FRT10F,31.5310853,74.32139911,142
FRT10F,31.53201119,74.32111252,143
FRT10F,31.53310243,74.32075613,144
FRT10F,31.53575887,74.31988534,145
FRT10F,31.53590951,74.31983758,146
FRT10F,31.53611527,74.31973838,147
FRT10F,31.53716608,74.31947384,148
FRT10F,31.53835285,74.31917623,149
FRT10F,31.53965719,74.31886025,150
FRT10F,31.54035896,74.31860305,151
FRT10F,31.54068596,74.31843771,152
FRT10F,31.54114891,74.31821726,153
FRT10F,31.54175147,74.31783882,154
FRT10F,31.5422034,74.31757795,155
FRT10F,31.54247896,74.3174861,156
FRT10F,31.54303377,74.31732811,157
FRT10F,31.54467246,74.31667043,158
FRT10F,31.54498844,74.31653081,159
FRT10F,31.5458335,74.31620013,160
FRT10F,31.54736931,74.31557919,161
FRT10F,31.5479682,74.31523014,162
FRT10F,31.549335,74.31467534,163
FRT10F,31.549741,74.31451735,164
FRT10F,31.54983286,74.31449163,165
FRT10F,31.54990634,74.31449163,166
FRT10F,31.54997431,74.31450266,167
FRT10F,31.55003861,74.31454491,168
FRT10F,31.55006066,74.314589,169
FRT10F,31.55007903,74.31465697,170
FRT10F,31.55003126,74.31472494,171
FRT10F,31.54962159,74.31488661,172
FRT10F,31.54938277,74.31501153,173
FRT10B,31.5495031,74.31502852,1
FRT10B,31.54939103,74.31506527,2
FRT10B,31.5491467,74.31516079,3
FRT10B,31.54885277,74.31527469,4
FRT10B,31.54799301,74.31558057,5
FRT10B,31.5474529,74.31575326,6
FRT10B,31.54586642,74.31640799,7
FRT10B,31.54502196,74.31673842,8
FRT10B,31.54470615,74.31687797,9
FRT10B,31.54306484,74.3175367,10
FRT10B,31.54259195,74.31775202,11
FRT10B,31.5422135,74.31792654,12
FRT10B,31.54182955,74.31809739,13
FRT10B,31.54111859,74.31847216,14
FRT10B,31.54075118,74.31868342,15
FRT10B,31.54042968,74.31883958,16
FRT10B,31.54010268,74.31897736,17
FRT10B,31.53976833,74.31907289,18
FRT10B,31.53899491,74.31926578,19
FRT10B,31.53839051,74.31943112,20
FRT10B,31.53720926,74.31973424,21
FRT10B,31.53627234,74.31998593,22
FRT10B,31.53596003,74.32007043,23
FRT10B,31.53565875,74.3201531,24
FRT10B,31.5344481,74.32056828,25
FRT10B,31.53312907,74.32098898,26
FRT10B,31.53205253,74.32134905,27
FRT10B,31.53116154,74.3216485,28
FRT10B,31.5298223,74.32207103,29
FRT10B,31.52926382,74.32221432,30
FRT10B,31.5284555,74.32250275,31
FRT10B,31.52737896,74.32288854,32
FRT10B,31.52683702,74.32306306,33
FRT10B,31.52600481,74.3233276,34
FRT10B,31.52540959,74.32352601,35
FRT10B,31.52509361,74.32361603,36
FRT10B,31.52493195,74.32367298,37
FRT10B,31.52471884,74.32372625,38
FRT10B,31.52452779,74.32377218,39
FRT10B,31.52437714,74.32381811,40
FRT10B,31.52405198,74.32391364,41
FRT10B,31.52395094,74.32394303,42
FRT10B,31.52389583,74.32395405,43
FRT10B,31.52381683,74.3239761,44
FRT10B,31.52371763,74.32399998,45
FRT10B,31.52363496,74.32403121,46
FRT10B,31.52355413,74.32405509,47
FRT10B,31.52341818,74.3241102,48
FRT10B,31.52324549,74.32417818,49
FRT10B,31.52311873,74.32421859,50
FRT10B,31.5229387,74.32428289,51
FRT10B,31.52284317,74.32432331,52
FRT10B,31.52267783,74.32437107,53
FRT10B,31.52256577,74.32440598,54
FRT10B,31.52239676,74.32446844,55
FRT10B,31.52226265,74.32451988,56
FRT10B,31.52197055,74.32462459,57
FRT10B,31.52157374,74.3248083,58
FRT10B,31.52134594,74.32495343,59
FRT10B,31.5211659,74.32506733,60
FRT10B,31.52106119,74.32513347,61
FRT10B,31.52078379,74.32490567,62
FRT10B,31.52065886,74.32479544,63
FRT10B,31.52059089,74.32461908,64
FRT10B,31.52052659,74.32440047,65
FRT10B,31.52048801,74.3242241,66
FRT10B,31.52041086,74.32393017,67
FRT10B,31.52034288,74.32352968,68
FRT10B,31.5203043,74.32311266,69
FRT10B,31.52023082,74.32227678,70
FRT10B,31.52017938,74.32183772,71
FRT10B,31.52009855,74.3213913,72
FRT10B,31.52000669,74.32108635,73
FRT10B,31.51995893,74.32093754,74
FRT10B,31.5198781,74.32073179,75
FRT10B,31.51975685,74.32050215,76
FRT10B,31.51963009,74.3202817,77
FRT10B,31.51940413,74.31997858,78
FRT10B,31.51905141,74.31952481,79
FRT10B,31.51878286,74.31919647,80
FRT10B,31.51845619,74.31882121,81
FRT10B,31.51830187,74.31864117,82
FRT10B,31.51815583,74.31844663,83
FRT10B,31.51800426,74.31819843,84
FRT10B,31.51788107,74.31792837,85
FRT10B,31.51773924,74.31759499,86
FRT10B,31.51757048,74.31723728,87
FRT10B,31.51734602,74.3167387,88
FRT10B,31.51724347,74.31650429,89
FRT10B,31.51687812,74.31569263,90
FRT10B,31.51634169,74.31460507,91
FRT10B,31.51575566,74.31339443,92
FRT10B,31.51520839,74.31230003,93
FRT10B,31.51477735,74.31141044,94
FRT10B,31.5145248,74.31089598,95
FRT10B,31.51397367,74.30973493,96
FRT10B,31.51329395,74.30835711,97
FRT10B,31.51285488,74.3074404,98
FRT10B,31.51218807,74.30610689,99
FRT10B,31.51159831,74.30486663,100
FRT10B,31.51054203,74.30270091,101
FRT10B,31.51015987,74.30185575,102
FRT10B,31.50967303,74.3008287,103
FRT10B,31.509087,74.29960519,104
FRT10B,31.50842932,74.29826778,105
FRT10B,31.50809313,74.2975752,106
FRT10B,31.50777899,74.29692119,107
FRT10B,31.50720581,74.29572524,108
FRT10B,31.50673368,74.29475526,109
FRT10B,31.50639933,74.29403328,110
FRT10B,31.50621897,74.29367083,111
FRT10B,31.50601354,74.29323047,112
FRT10B,31.50571409,74.29252686,113
FRT10B,31.50546792,74.29198492,114
FRT10B,31.50516296,74.29130152,115
FRT10B,31.50495553,74.29079792,116
FRT10B,31.50463924,74.28996672,117
FRT10B,31.50419665,74.28872775,118
FRT10B,31.50338975,74.2863487,119
FRT10B,31.50288635,74.28491933,120
FRT10B,31.50261443,74.28411827,121
FRT10B,31.50219567,74.28291709,122
FRT10B,31.50125324,74.28023125,123
FRT10B,31.50100359,74.27951486,124
FRT10B,31.50088253,74.27927773,125
FRT10B,31.5007556,74.27896978,126
FRT10B,31.50052238,74.27829216,127
FRT10B,31.5003066,74.27768956,128
FRT10B,31.50008853,74.27708985,129
FRT10B,31.4998804,74.27649912,130
FRT10B,31.49979631,74.27625734,131
FRT10B,31.499524,74.27551628,132
FRT10B,31.49934318,74.27504102,133
FRT10B,31.49906589,74.27432852,134
FRT10B,31.49890606,74.27390964,135
FRT10B,31.49848788,74.27280289,136
FRT10B,31.49819394,74.27205335,137
FRT10B,31.49792238,74.27130969,138
FRT10B,31.49758362,74.27024738,139
FRT10B,31.49742183,74.26963699,140
FRT10B,31.49722534,74.26898326,141
FRT10B,31.4970708,74.26842211,142
FRT10B,31.49694771,74.26796465,143
FRT10B,31.49677139,74.26732183,144
FRT10B,31.49655827,74.26654835,145
FRT10B,31.49647151,74.26622898,146
FRT10B,31.49631643,74.26562536,147
FRT10B,31.496186,74.26520099,148
FRT10B,31.49609782,74.26482989,149
FRT10B,31.49604638,74.26464802,150
FRT10B,31.49595636,74.26446431,151
FRT10B,31.49589574,74.26429897,152
FRT10B,31.49580205,74.26414833,153
FRT10B,31.49566977,74.26397381,154
FRT10B,31.49520315,74.26375703,155
FRT11F,31.52452871,74.34629405,1
FRT11F,31.52448461,74.34635835,2
FRT11F,31.52443318,74.34639509,3
FRT11F,31.52437806,74.34642999,4
FRT11F,31.52429356,74.34646306,5
FRT11F,31.52422191,74.34647592,6
FRT11F,31.52418884,74.34649062,7
FRT11F,31.52413557,74.34650899,8
FRT11F,31.52409515,74.34656227,9
FRT11F,31.52375896,74.34732282,10
FRT11F,31.52366343,74.34756165,11
FRT11F,31.5236469,74.34761676,12
FRT11F,31.52364506,74.34766636,13
FRT11F,31.5236616,74.34771964,14
FRT11F,31.52370936,74.34782251,15
FRT11F,31.52382142,74.34791988,16
FRT11F,31.52457463,74.34839385,17
FRT11F,31.52513311,74.34875392,18
FRT11F,31.52625741,74.34937118,19
FRT11F,31.52699592,74.34973493,20
FRT11F,31.52832966,74.35040731,21
FRT11F,31.52917839,74.35080044,22
FRT11F,31.53056724,74.35142138,23
FRT11F,31.53125247,74.35178145,24
FRT11F,31.53158499,74.35195047,25
FRT11F,31.53172644,74.35203865,26
FRT11F,31.53187158,74.35214152,27
FRT11F,31.53191567,74.35218745,28
FRT11F,31.53193771,74.35222787,29
FRT11F,31.53195057,74.35227747,30
FRT11F,31.53192853,74.35234544,31
FRT11F,31.53185504,74.35237116,32
FRT11F,31.53174849,74.35233074,33
FRT11F,31.53159234,74.35226461,34
FRT11F,31.53097324,74.35193026,35
FRT11F,31.53039822,74.35162714,36
FRT11F,31.52954581,74.35121746,37
FRT11F,31.52866952,74.35078575,38
FRT11F,31.52781159,74.35034852,39
FRT11F,31.52709329,74.34999212,40
FRT11F,31.52650909,74.34969819,41
FRT11F,31.52536642,74.34914155,42
FRT11F,31.52451768,74.34870616,43
FRT11F,31.52419252,74.34852061,44
FRT11F,31.52308107,74.34789783,45
FRT11F,31.52168672,74.34708767,46
FRT11F,31.52015091,74.34623894,47
FRT11F,31.519056,74.34563637,48
FRT11F,31.51816501,74.34512933,49
FRT11F,31.51672472,74.34432468,50
FRT11F,31.51546999,74.34359719,51
FRT11F,31.5141234,74.34284582,52
FRT11F,31.51229365,74.34181889,53
FRT11F,31.5115037,74.34138533,54
FRT11F,31.51134203,74.34131552,55
FRT11F,31.51125753,74.34128613,56
FRT11F,31.51111791,74.34124939,57
FRT11F,31.51088276,74.34123469,58
FRT11F,31.51069905,74.34121264,59
FRT11F,31.51059985,74.34119795,60
FRT11F,31.51052636,74.34115386,61
FRT11F,31.51044553,74.34111344,62
FRT11F,31.51036837,74.34103261,63
FRT11F,31.51028754,74.34097015,64
FRT11F,31.51021038,74.3408342,65
FRT11F,31.51011486,74.34065784,66
FRT11F,31.51002667,74.34054394,67
FRT11F,31.50993115,74.34045576,68
FRT11F,31.50974744,74.34035288,69
FRT11F,31.50954903,74.34025368,70
FRT11F,31.50929551,74.34008467,71
FRT11F,31.5090971,74.339923,72
FRT11F,31.5089832,74.33981278,73
FRT11F,31.50885828,74.33969888,74
FRT11F,31.50869662,74.33951517,75
FRT11F,31.50858272,74.33934615,76
FRT11F,31.5084578,74.33919919,77
FRT11F,31.50804077,74.33859295,78
FRT11F,31.50666166,74.33651852,79
FRT11F,31.50607056,74.33563003,80
FRT11F,31.50557492,74.33506463,81
FRT11F,31.50516005,74.33434503,82
FRT11F,31.50498382,74.33399992,83
FRT11F,31.50482595,74.33362176,84
FRT11F,31.50469745,74.33332804,85
FRT11F,31.50456527,74.33280303,86
FRT11F,31.5043046,74.33174198,87
FRT11F,31.50384934,74.33035785,88
FRT11F,31.50349321,74.32932618,89
FRT11F,31.50300124,74.32796775,90
FRT11F,31.50277361,74.3271637,91
FRT11F,31.50243584,74.32584933,92
FRT11F,31.50221248,74.32502513,93
FRT11F,31.50172725,74.32306271,94
FRT11F,31.50115084,74.32091859,95
FRT11F,31.50066621,74.31947571,96
FRT11F,31.50034312,74.31809158,97
FRT11F,31.50022347,74.31756912,98
FRT11F,31.50023083,74.31743676,99
FRT11F,31.50024186,74.31735588,100
FRT11F,31.50028597,74.31720514,101
FRT11F,31.50039995,74.31701028,102
FRT11F,31.50067385,74.3166555,103
FRT11F,31.50088282,74.31634765,104
FRT11F,31.50167953,74.31519115,105
FRT11F,31.50250109,74.31400839,106
FRT11F,31.50363898,74.3122749,107
FRT11F,31.50374654,74.31217874,108
FRT11F,31.50459832,74.31095064,109
FRT11F,31.50601549,74.30894236,110
FRT11F,31.50668369,74.30794006,111
FRT11F,31.50792464,74.30613739,112
FRT11F,31.50829178,74.3056344,113
FRT11F,31.50845883,74.30539392,114
FRT11F,31.50867178,74.30509837,115
FRT11F,31.50889023,74.30476611,116
FRT11F,31.50906645,74.30446138,117
FRT11F,31.5092078,74.30415665,118
FRT11F,31.50929408,74.30383723,119
FRT11F,31.50932896,74.30351965,120
FRT11F,31.50931611,74.3031727,121
FRT11F,31.50931244,74.30286614,122
FRT11F,31.50928674,74.30254489,123
FRT11F,31.50928858,74.30229523,124
FRT11F,31.50932162,74.30210615,125
FRT11F,31.50938954,74.30188954,126
FRT11F,31.50949051,74.30176104,127
FRT11F,31.50965388,74.30152056,128
FRT11F,31.50970712,74.30145631,129
FRT11F,31.50980074,74.30137737,130
FRT11F,31.51021011,74.30109283,131
FRT11F,31.51073145,74.30074038,132
FRT11F,31.51136477,74.30032734,133
FRT11F,31.51158322,74.30018232,134
FRT11F,31.51179617,74.30002261,135
FRT11F,31.5119981,74.29983537,136
FRT11F,31.51222573,74.29958204,137
FRT11F,31.51255248,74.29919654,138
FRT11F,31.5129747,74.29867519,139
FRT11F,31.5132831,74.29829887,140
FRT11F,31.5140541,74.29737734,141
FRT11F,31.51444511,74.29692025,142
FRT11F,31.5149022,74.29638238,143
FRT11F,31.51541987,74.29573621,144
FRT11F,31.51605687,74.29497622,145
FRT11F,31.51647541,74.29448608,146
FRT11F,31.51747771,74.29328553,147
FRT11F,31.51757684,74.2931607,148
FRT11F,31.51851306,74.29209782,149
FRT11F,31.51882146,74.29171231,150
FRT11F,31.5191372,74.29139015,151
FRT11F,31.51930058,74.2911974,152
FRT11F,31.51940614,74.2911102,153
FRT11F,31.51948874,74.29106247,154
FRT11F,31.51984396,74.29089817,155
FRT11F,31.52058375,74.29055306,156
FRT11F,31.52135292,74.29018592,157
FRT11F,31.52232952,74.28969945,158
FRT11F,31.52305095,74.28933781,159
FRT11F,31.5234181,74.28911753,160
FRT11F,31.5235209,74.28905144,161
FRT11F,31.52362003,74.28897251,162
FRT11F,31.52373568,74.28884584,163
FRT11F,31.5240092,74.28853744,164
FRT11F,31.52427721,74.28822537,165
FRT11F,31.52444426,74.28798856,166
FRT11F,31.52456909,74.2877591,167
FRT11F,31.52473431,74.28746171,168
FRT11F,31.52489218,74.28708355,169
FRT11F,31.52498764,74.28678617,170
FRT11F,31.52506657,74.2863768,171
FRT11F,31.52519691,74.28572696,172
FRT11F,31.52536396,74.2847375,173
FRT11F,31.52545024,74.28426756,174
FRT11F,31.52558241,74.2836324,175
FRT11F,31.52565951,74.28357549,176
FRT11F,31.525777,74.28355347,177
FRT11F,31.52640848,74.28372786,178
FRT11F,31.52670954,74.28382515,179
FRT11F,31.52706567,74.28398302,180
FRT11F,31.52828459,74.28482745,181
FRT11F,31.53036629,74.2862226,182
FRT11F,31.53108956,74.28662279,183
FRT11F,31.53144202,74.28680636,184
FRT11F,31.53163294,74.28686877,185
FRT11F,31.53178897,74.28687612,186
FRT11F,31.53192849,74.28682839,187
FRT11F,31.53209003,74.2867366,188
FRT11F,31.53218732,74.28662646,189
FRT11F,31.53260036,74.28554889,190
FRT11F,31.5329418,74.28464572,191
FRT11F,31.5330648,74.28430427,192
FRT11F,31.53337136,74.28346352,193
FRT11F,31.53375319,74.28248141,194
FRT11F,31.53406159,74.2816278,195
FRT11F,31.53430391,74.28099998,196
FRT11F,31.53448931,74.28046579,197
FRT11F,31.53489134,74.27923035,198
FRT11F,31.53501616,74.27892195,199
FRT11F,31.53526949,74.27820969,200
FRT11F,31.53569905,74.2770073,201
FRT11F,31.53589547,74.27647861,202
FRT11F,31.53604233,74.27606924,203
FRT11F,31.53626078,74.27548181,204
FRT11F,31.53633421,74.27523766,205
FRT11F,31.5364058,74.27497516,206
FRT11F,31.53646271,74.27470714,207
FRT11F,31.53656,74.27424087,208
FRT11F,31.53670686,74.27355982,209
FRT11F,31.53678396,74.27324958,210
FRT11F,31.53685005,74.27297606,211
FRT11F,31.53692164,74.27265848,212
FRT11F,31.53698038,74.27239414,213
FRT11F,31.53706483,74.27199762,214
FRT11F,31.53716579,74.27156623,215
FRT11F,31.53729246,74.2710357,216
FRT11F,31.53744849,74.27026837,217
FRT11F,31.5376853,74.26918163,218
FRT11F,31.53786153,74.26841063,219
FRT11F,31.53802124,74.26780117,220
FRT11F,31.53812771,74.26742668,221
FRT11F,31.53824336,74.2670522,222
FRT11F,31.53849302,74.26619859,223
FRT11F,31.53866924,74.26574884,224
FRT11F,31.53872799,74.26559464,225
FRT11F,31.53875185,74.26549,226
FRT11F,31.53878489,74.26530092,227
FRT11F,31.5388161,74.26509349,228
FRT11F,31.53884731,74.26502556,229
FRT11F,31.53888219,74.26502373,230
FRT11F,31.53888219,74.26502373,231
FRT11F,31.53892074,74.26509165,232
FRT11F,31.53890054,74.26521464,233
FRT11F,31.5388418,74.26551754,234
FRT11F,31.53871881,74.26588835,235
FRT11F,31.53853524,74.26637849,236
FRT11F,31.53832046,74.26709809,237
FRT11B,31.53852847,74.26635699,1
FRT11B,31.53831897,74.26707331,2
FRT11B,31.53820338,74.26744758,3
FRT11B,31.53809726,74.26782084,4
FRT11B,31.53793795,74.26842879,5
FRT11B,31.53776199,74.26919858,6
FRT11B,31.53752534,74.27028462,7
FRT11B,31.53736919,74.27105253,8
FRT11B,31.53724232,74.27158391,9
FRT11B,31.53714152,74.27201459,10
FRT11B,31.53705715,74.27241077,11
FRT11B,31.53699833,74.27267546,12
FRT11B,31.53692661,74.27299358,13
FRT11B,31.53686037,74.27326774,14
FRT11B,31.53678345,74.27357726,15
FRT11B,31.53663683,74.2742572,16
FRT11B,31.53653956,74.27472338,17
FRT11B,31.53648228,74.27499317,18
FRT11B,31.53641004,74.27525805,19
FRT11B,31.53633585,74.27550472,20
FRT11B,31.53611687,74.27609357,21
FRT11B,31.53597001,74.27650293,22
FRT11B,31.53577361,74.27703158,23
FRT11B,31.53534418,74.2782336,24
FRT11B,31.53508678,74.27902594,25
FRT11B,31.53496225,74.27933361,26
FRT11B,31.53456435,74.2804887,27
FRT11B,31.53437843,74.28102437,28
FRT11B,31.53413599,74.28165252,29
FRT11B,31.5338547,74.28249771,30
FRT11B,31.53350031,74.28344336,31
FRT11B,31.53320835,74.28429353,32
FRT11B,31.53304125,74.28469749,33
FRT11B,31.5327089,74.28563213,34
FRT11B,31.53236552,74.28665857,35
FRT11B,31.53230677,74.28691748,36
FRT11B,31.53230677,74.28715619,37
FRT11B,31.53241327,74.28747018,38
FRT11B,31.5324959,74.28763911,39
FRT11B,31.532988,74.28803023,40
FRT11B,31.53289435,74.28824139,41
FRT11B,31.53275664,74.28815692,42
FRT11B,31.53233431,74.28789985,43
FRT11B,31.53165674,74.28741326,44
FRT11B,31.53112241,74.28699644,45
FRT11B,31.53061928,74.28663837,46
FRT11B,31.53008862,74.28628215,47
FRT11B,31.5291044,74.28561193,48
FRT11B,31.52838828,74.28514369,49
FRT11B,31.52759687,74.28459283,50
FRT11B,31.52684035,74.28411908,51
FRT11B,31.52661817,74.28400891,52
FRT11B,31.52639231,74.28391618,53
FRT11B,31.52598743,74.28382621,54
FRT11B,31.52588735,74.28383172,55
FRT11B,31.5257097,74.28393638,56
FRT11B,31.52559999,74.28408787,57
FRT11B,31.52552726,74.28428297,58
FRT11B,31.52544119,74.28475179,59
FRT11B,31.52527406,74.28574173,60
FRT11B,31.52514358,74.28639226,61
FRT11B,31.52506401,74.28680493,62
FRT11B,31.52496671,74.28710805,63
FRT11B,31.5248067,74.28749134,64
FRT11B,31.5246401,74.28779121,65
FRT11B,31.5245139,74.2880232,66
FRT11B,31.52434368,74.28826451,67
FRT11B,31.52407384,74.2885787,68
FRT11B,31.52379982,74.28888766,69
FRT11B,31.52371006,74.28900067,70
FRT11B,31.52359621,74.28911084,71
FRT11B,31.5234585,74.28921458,72
FRT11B,31.52311696,74.28941473,73
FRT11B,31.522399,74.2897783,74
FRT11B,31.52142397,74.29025756,75
FRT11B,31.52065827,74.29061378,76
FRT11B,31.51992562,74.29098102,77
FRT11B,31.51959326,74.29112241,78
FRT11B,31.51948125,74.29119035,79
FRT11B,31.51936658,74.29128178,80
FRT11B,31.51920484,74.29147261,81
FRT11B,31.51893223,74.29180181,82
FRT11B,31.51855947,74.29222598,83
FRT11B,31.51768176,74.29318265,84
FRT11B,31.51754346,74.29332548,85
FRT11B,31.51658921,74.29449738,86
FRT11B,31.51611547,74.29507028,87
FRT11B,31.51555359,74.29572581,88
FRT11B,31.51496774,74.29642259,89
FRT11B,31.51461895,74.29686243,90
FRT11B,31.51408278,74.29748858,91
FRT11B,31.51338134,74.29834058,92
FRT11B,31.5130747,74.2987115,93
FRT11B,31.51266889,74.29919809,94
FRT11B,31.51230165,74.29969204,95
FRT11B,31.51210885,74.29989953,96
FRT11B,31.51191788,74.30005377,97
FRT11B,31.51167733,74.30027044,98
FRT11B,31.51148637,74.30041,99
FRT11B,31.51082717,74.30083783,100
FRT11B,31.51034791,74.30116284,101
FRT11B,31.51004127,74.30138686,102
FRT11B,31.50981908,74.3015356,103
FRT11B,31.50972727,74.30163292,104
FRT11B,31.5095767,74.30185693,105
FRT11B,31.5095106,74.30198363,106
FRT11B,31.50947204,74.30215073,107
FRT11B,31.50943899,74.30234353,108
FRT11B,31.50944082,74.30254368,109
FRT11B,31.50947388,74.30282095,110
FRT11B,31.50946102,74.30309454,111
FRT11B,31.50948122,74.30347831,112
FRT11B,31.50944817,74.30381985,113
FRT11B,31.50939125,74.30418526,114
FRT11B,31.50927373,74.30440927,115
FRT11B,31.50899095,74.30479304,116
FRT11B,31.50876877,74.30513091,117
FRT11B,31.50857046,74.30542103,118
FRT11B,31.50837582,74.30569646,119
FRT11B,31.50801408,74.30622162,120
FRT11B,31.50679484,74.30801009,121
FRT11B,31.50607687,74.30907877,122
FRT11B,31.50478785,74.31092601,123
FRT11B,31.50432474,74.31154776,124
FRT11B,31.50382935,74.31223706,125
FRT11B,31.50366409,74.31248128,126
FRT11B,31.50263213,74.31403839,127
FRT11B,31.50176728,74.31527967,128
FRT11B,31.50102177,74.31636672,129
FRT11B,31.50077021,74.31677986,130
FRT11B,31.50064812,74.31703241,131
FRT11B,31.5005891,74.31723147,132
FRT11B,31.50054252,74.31739316,133
FRT11B,31.50049845,74.31753455,134
FRT11B,31.50045355,74.31768954,135
FRT11B,31.5004719,74.31801627,136
FRT11B,31.5005719,74.31838104,137
FRT11B,31.500828,74.31906254,138
FRT11B,31.50090877,74.3193599,139
FRT11B,31.50100055,74.31987753,140
FRT11B,31.5012917,74.32090768,141
FRT11B,31.50203947,74.323567,142
FRT11B,31.50260482,74.32535851,143
FRT11B,31.50280841,74.32584343,144
FRT11B,31.5030361,74.32640898,145
FRT11B,31.50327806,74.32705593,146
FRT11B,31.50334673,74.32760133,147
FRT11B,31.50345843,74.32803036,148
FRT11B,31.50381649,74.32910455,149
FRT11B,31.50419659,74.33014752,150
FRT11B,31.50455282,74.33117213,151
FRT11B,31.50466482,74.33161649,152
FRT11B,31.50494577,74.33249053,153
FRT11B,31.50511837,74.33305608,154
FRT11B,31.50523222,74.33344353,155
FRT11B,31.50543053,74.33392462,156
FRT11B,31.50565271,74.3343598,157
FRT11B,31.50599241,74.3348519,158
FRT11B,31.50666814,74.33589487,159
FRT11B,31.50706109,74.33660365,160
FRT11B,31.50810222,74.33814975,161
FRT11B,31.50837031,74.3385629,162
FRT11B,31.50866227,74.33898706,163
FRT11B,31.5087651,74.33912294,164
FRT11B,31.50886976,74.33925331,165
FRT11B,31.50901298,74.33941674,166
FRT11B,31.50918559,74.33959852,167
FRT11B,31.50935819,74.33976378,168
FRT11B,31.50962628,74.3399217,169
FRT11B,31.50986499,74.34006676,170
FRT11B,31.5100835,74.34016775,171
FRT11B,31.51021754,74.34021916,172
FRT11B,31.51034791,74.34022284,173
FRT11B,31.51045441,74.34023018,174
FRT11B,31.51056459,74.34023385,175
FRT11B,31.5106766,74.34023753,176
FRT11B,31.51077392,74.34026874,177
FRT11B,31.51089327,74.34032934,178
FRT11B,31.51099426,74.34040829,179
FRT11B,31.51107873,74.34048174,180
FRT11B,31.51118156,74.34065435,181
FRT11B,31.51130642,74.34081777,182
FRT11B,31.51139088,74.34088755,183
FRT11B,31.51148637,74.3409665,184
FRT11B,31.51172691,74.34108586,185
FRT11B,31.51247609,74.3415596,186
FRT11B,31.51422968,74.34254381,187
FRT11B,31.51562704,74.34333339,188
FRT11B,31.51690504,74.34404033,189
FRT11B,31.51835933,74.34485745,190
FRT11B,31.5191948,74.34532935,191
FRT11B,31.52030388,74.34595734,192
FRT11B,31.52099797,74.34633009,193
FRT11B,31.52166819,74.34674508,194
FRT11B,31.52299944,74.34745386,195
FRT11B,31.52320332,74.34756495,196
FRT11B,31.52337588,74.34764389,197
FRT11B,31.52341993,74.34765215,198
FRT11B,31.52347133,74.3476393,199
FRT11B,31.52353375,74.34762003,200
FRT11B,31.52356679,74.347598,201
FRT11B,31.52360167,74.34754476,202
FRT11B,31.52363655,74.347475,203
FRT11B,31.52374118,74.34719047,204
FRT11B,31.52405142,74.34641947,205
FRT11B,31.5239578,74.34627261,206
FRT11B,31.52391558,74.34615879,207
FRT11B,31.52389906,74.34600459,208
FRT11B,31.52392292,74.34588894,209
FRT11B,31.52397616,74.3458045,210
FRT11B,31.52403123,74.34574392,211
FRT11B,31.52408814,74.34568701,212
FRT11B,31.52418359,74.34563929,213
FRT11B,31.52429006,74.3456246,214
FRT11B,31.52440021,74.34567233,215
FRT11B,31.52450484,74.34574943,216
FRT11B,31.52456542,74.34584305,217
FRT11B,31.52458194,74.34599358,218
FRT11B,31.52452653,74.34626483,219
FRT12F,31.50624833,74.3850168,1
FRT12F,31.50633227,74.38247389,2
FRT12F,31.50637913,74.38092867,3
FRT12F,31.50696076,74.38093006,4
FRT12F,31.50781373,74.38097737,5
FRT12F,31.50915649,74.38102886,6
FRT12F,31.51028915,74.38106921,7
FRT12F,31.51242644,74.38116661,8
FRT12F,31.51501456,74.38124732,9
FRT12F,31.51544313,74.38125845,10
FRT12F,31.51732996,74.3813308,11
FRT12F,31.51848487,74.38141708,12
FRT12F,31.52010454,74.38153674,13
FRT12F,31.52106465,74.38160075,14
FRT12F,31.52144035,74.38158405,15
FRT12F,31.52150575,74.38154926,16
FRT12F,31.52161985,74.38146717,17
FRT12F,31.52180909,74.3813155,18
FRT12F,31.52192179,74.38118192,19
FRT12F,31.52193571,74.38083266,20
FRT12F,31.52195241,74.38005483,21
FRT12F,31.52194684,74.37954416,22
FRT12F,31.52196076,74.37922969,23
FRT12F,31.52197189,74.37901123,24
FRT12F,31.5219858,74.37894862,25
FRT12F,31.52204981,74.3788693,26
FRT12F,31.52210825,74.37881643,27
FRT12F,31.52217365,74.37879138,28
FRT12F,31.52226131,74.37879138,29
FRT12F,31.52233228,74.37882617,30
FRT12F,31.5223935,74.37887487,31
FRT12F,31.52243107,74.37890687,32
FRT12F,31.52251317,74.37892496,33
FRT12F,31.52262727,74.37897088,34
FRT12F,31.52273163,74.3790001,35
FRT12F,31.52287356,74.37900984,36
FRT12F,31.5235025,74.37904324,37
FRT12F,31.52476038,74.37911142,38
FRT12F,31.52582764,74.37915455,39
FRT12F,31.52737634,74.37921995,40
FRT12F,31.52853125,74.379277,41
FRT12F,31.52931465,74.37929092,42
FRT12F,31.52945101,74.37926309,43
FRT12F,31.52961242,74.37919351,44
FRT12F,31.52972652,74.37911281,45
FRT12F,31.52984619,74.37901262,46
FRT12F,31.52986706,74.37881643,47
FRT12F,31.52993663,74.37648155,48
FRT12F,31.52995333,74.37614203,49
FRT12F,31.52999786,74.3746476,50
FRT12F,31.53001316,74.37394352,51
FRT12F,31.53006047,74.37241569,52
FRT12F,31.53009248,74.37116059,53
FRT12F,31.53013561,74.36989157,54
FRT12F,31.5301384,74.36932663,55
FRT12F,31.53017597,74.36844445,56
FRT12F,31.53019127,74.36776541,57
FRT12F,31.53019405,74.36757895,58
FRT12F,31.53019684,74.36737997,59
FRT12F,31.53019545,74.36730344,60
FRT12F,31.53020101,74.36717543,61
FRT12F,31.53021214,74.36703628,62
FRT12F,31.53022049,74.36687209,63
FRT12F,31.53023441,74.36671346,64
FRT12F,31.53024971,74.36658266,65
FRT12F,31.53029981,74.36631689,66
FRT12F,31.5303652,74.36597599,67
FRT12F,31.53040834,74.36584519,68
FRT12F,31.53045982,74.36559472,69
FRT12F,31.53056697,74.36518563,70
FRT12F,31.53069637,74.3647014,71
FRT12F,31.53077986,74.36444537,72
FRT12F,31.53082161,74.36433267,73
FRT12F,31.53087448,74.36422135,74
FRT12F,31.53091901,74.36413925,75
FRT12F,31.53098023,74.36404742,76
FRT12F,31.53108877,74.36388044,77
FRT12F,31.53147142,74.36347552,78
FRT12F,31.53203218,74.36284797,79
FRT12F,31.5331871,74.36162627,80
FRT12F,31.53422235,74.360463,81
FRT12F,31.53487355,74.35971996,82
FRT12F,31.53578914,74.35869862,83
FRT12F,31.5360062,74.35845094,84
FRT12F,31.53646539,74.35788044,85
FRT12F,31.53725296,74.3569899,86
FRT12F,31.5375076,74.35671996,87
FRT12F,31.53771771,74.35644862,88
FRT12F,31.53782763,74.35633174,89
FRT12F,31.53808366,74.35606736,90
FRT12F,31.53857068,74.35553443,91
FRT12F,31.53886288,74.35521718,92
FRT12F,31.54006789,74.35386746,93
FRT12F,31.54054377,74.35336653,94
FRT12F,31.54109479,74.35280159,95
FRT12F,31.54141205,74.35243146,96
FRT12F,31.54206047,74.35176913,97
FRT12F,31.54247791,74.35136004,98
FRT12F,31.5428063,74.35107618,99
FRT12F,31.54317921,74.35080623,100
FRT12F,31.54342132,74.35060308,101
FRT12F,31.54363004,74.35040549,102
FRT12F,31.54382763,74.35017729,103
FRT12F,31.54404192,74.34986004,104
FRT12F,31.54444544,74.3492951,105
FRT12F,31.54490462,74.34873851,106
FRT12F,31.54523579,74.34835169,107
FRT12F,31.54589256,74.34758638,108
FRT12F,31.54617086,74.34729974,109
FRT12F,31.54682206,74.34655391,110
FRT12F,31.54754284,74.34577469,111
FRT12F,31.54802429,74.34513462,112
FRT12F,31.54834989,74.34477562,113
FRT12F,31.54888143,74.34421347,114
FRT12F,31.54956603,74.34338137,115
FRT12F,31.5502228,74.34258824,116
FRT12F,31.55097141,74.34166431,117
FRT12F,31.5513972,74.3410465,118
FRT12F,31.55179794,74.34059288,119
FRT12F,31.55204841,74.34037859,120
FRT12F,31.55226826,74.34010308,121
FRT12F,31.55244358,74.33980531,122
FRT12F,31.55281928,74.33920698,123
FRT12F,31.55300295,74.33891755,124
FRT12F,31.55318106,74.33858917,125
FRT12F,31.5533703,74.33822182,126
FRT12F,31.55350666,74.33787117,127
FRT12F,31.55366807,74.3374593,128
FRT12F,31.55377104,74.33718935,129
FRT12F,31.55392688,74.33680809,130
FRT12F,31.55432206,74.3356977,131
FRT12F,31.55450295,74.33519121,132
FRT12F,31.55471167,74.33458731,133
FRT12F,31.55497327,74.33383871,134
FRT12F,31.55505397,74.33363555,135
FRT12F,31.55514581,74.33321533,136
FRT12F,31.55525156,74.33275893,137
FRT12F,31.55539349,74.33211051,138
FRT12F,31.55547141,74.33174872,139
FRT12F,31.55564395,74.33103351,140
FRT12F,31.55569683,74.33078305,141
FRT12F,31.55575249,74.33065225,142
FRT12F,31.55585267,74.33046023,143
FRT12F,31.55594729,74.33033778,144
FRT12F,31.55624785,74.32991477,145
FRT12F,31.55636751,74.32981737,146
FRT12F,31.55669868,74.32948899,147
FRT12F,31.55679887,74.32936375,148
FRT12F,31.55702707,74.32905207,149
FRT12F,31.55726918,74.3286708,150
FRT12F,31.5576593,74.32795711,151
FRT12F,31.55785564,74.32755892,152
FRT12F,31.55803171,74.32716524,153
FRT12F,31.55806232,74.3270901,154
FRT12F,31.5581792,74.32688138,155
FRT12F,31.55851807,74.32623774,156
FRT12F,31.55887494,74.32568472,157
FRT12F,31.55904748,74.32548157,158
FRT12F,31.55927846,74.32505021,159
FRT12F,31.55978624,74.32420436,160
FRT12F,31.55991297,74.32392869,161
FRT12F,31.5601356,74.32351403,162
FRT12F,31.56026083,74.32330531,163
FRT12F,31.56067549,74.3224927,164
FRT12F,31.56080351,74.32220884,165
FRT12F,31.56099275,74.32175522,166
FRT12F,31.56133505,74.3208786,167
FRT12F,31.56184989,74.31943426,168
FRT12F,31.56215323,74.31873574,169
FRT12F,31.56231464,74.3183517,170
FRT12F,31.56255675,74.31793704,171
FRT12F,31.56293801,74.31731088,172
FRT12F,31.56340833,74.3166235,173
FRT12F,31.56373115,74.31616431,174
FRT12F,31.56400666,74.31586098,175
FRT12F,31.56458829,74.31519864,176
FRT12F,31.56500851,74.31468936,177
FRT12F,31.56532298,74.31431923,178
FRT12F,31.56552702,74.31403321,179
FRT12F,31.56603071,74.31352952,180
FRT12F,31.56652939,74.31300012,181
FRT12F,31.56670352,74.31281627,182
FRT12F,31.56691343,74.31255068,183
FRT12F,31.56704701,74.31229326,184
FRT12F,31.56717781,74.31197322,185
FRT12F,31.56735035,74.31148482,186
FRT12F,31.56746167,74.311194,187
FRT12F,31.56752985,74.31098806,188
FRT12F,31.56759664,74.31080996,189
FRT12F,31.56772192,74.31058094,190
FRT12F,31.56797512,74.31016988,191
FRT12F,31.56820354,74.30981622,192
FRT12F,31.56832487,74.3094596,193
FRT12F,31.56844619,74.30916547,194
FRT12F,31.5685859,74.30890812,195
FRT12F,31.56876269,74.30830393,196
FRT12F,31.56878076,74.30826472,197
FRT12F,31.56883223,74.3080331,198
FRT12F,31.56886287,74.30771812,199
FRT12F,31.56888096,74.30747461,200
FRT12F,31.56889106,74.30722426,201
FRT12F,31.56895356,74.30691176,202
FRT12F,31.56899228,74.3068568,203
FRT12F,31.56904655,74.30679975,204
FRT12F,31.5691022,74.30676218,205
FRT12F,31.56914106,74.30673528,206
FRT12F,31.56927475,74.30670096,207
FRT12F,31.56937771,74.30661886,208
FRT12F,31.56944311,74.30659382,209
FRT12F,31.56956,74.30658408,210
FRT12F,31.56969497,74.30661469,211
FRT12F,31.56983133,74.30670792,212
FRT12F,31.57036983,74.30694447,213
FRT12F,31.57081788,74.30711005,214
FRT12F,31.57140647,74.30727564,215
FRT12F,31.57150526,74.30727703,216
FRT12F,31.5716138,74.30726589,217
FRT12F,31.57168198,74.30724502,218
FRT12F,31.57182808,74.30713371,219
FRT12F,31.57205907,74.30692638,220
FRT12F,31.57232623,74.30657851,221
FRT12F,31.57245285,74.30637257,222
FRT12F,31.57254191,74.30621395,223
FRT12F,31.57257391,74.30613603,224
FRT12F,31.57258226,74.30605393,225
FRT12F,31.57256834,74.30600662,226
FRT12F,31.57254469,74.30593426,227
FRT12F,31.57251269,74.30588417,228
FRT12F,31.5724946,74.30585077,229
FRT12F,31.57164163,74.30553491,230
FRT12B,31.57169701,74.30555148,1
FRT12B,31.57053124,74.30510495,2
FRT12B,31.5703086,74.30502557,3
FRT12B,31.57018584,74.30499084,4
FRT12B,31.57012931,74.30499542,5
FRT12B,31.57003154,74.30501834,6
FRT12B,31.56996126,74.30504278,7
FRT12B,31.56983446,74.30511,8
FRT12B,31.56971682,74.30517264,9
FRT12B,31.5696221,74.3053468,10
FRT12B,31.56958226,74.30551265,11
FRT12B,31.56950155,74.30581042,12
FRT12B,31.56947581,74.30590991,13
FRT12B,31.56943824,74.30607132,14
FRT12B,31.56941528,74.3061562,15
FRT12B,31.56937841,74.30629257,16
FRT12B,31.56933458,74.30648807,17
FRT12B,31.56910012,74.30732086,18
FRT12B,31.56899854,74.30768681,19
FRT12B,31.5688648,74.30835089,20
FRT12B,31.56884591,74.30839187,21
FRT12B,31.5686686,74.30899785,22
FRT12B,31.56852744,74.30925789,23
FRT12B,31.56840794,74.30954757,24
FRT12B,31.56828496,74.30990907,25
FRT12B,31.56805318,74.31026793,26
FRT12B,31.567801,74.31067732,27
FRT12B,31.56767829,74.31090165,28
FRT12B,31.56761331,74.31107493,29
FRT12B,31.56754506,74.31128106,30
FRT12B,31.56743354,74.31157241,31
FRT12B,31.56726078,74.31206142,32
FRT12B,31.56712849,74.31238511,33
FRT12B,31.5669914,74.31264931,34
FRT12B,31.56677702,74.31292055,35
FRT12B,31.56660142,74.31310595,36
FRT12B,31.5661023,74.31363582,37
FRT12B,31.56560099,74.31413713,38
FRT12B,31.56539813,74.31442151,39
FRT12B,31.56508251,74.31479299,40
FRT12B,31.56466203,74.31530258,41
FRT12B,31.56407962,74.3159658,42
FRT12B,31.56380593,74.31626713,43
FRT12B,31.56348512,74.31672345,44
FRT12B,31.56301578,74.31740941,45
FRT12B,31.56263551,74.31803394,46
FRT12B,31.56239545,74.31844507,47
FRT12B,31.56223533,74.31882605,48
FRT12B,31.56193262,74.31952312,49
FRT12B,31.56141814,74.32096645,50
FRT12B,31.56107529,74.32184448,51
FRT12B,31.56088548,74.32229945,52
FRT12B,31.56075659,74.32258527,53
FRT12B,31.56034047,74.32340074,54
FRT12B,31.56021494,74.32360995,55
FRT12B,31.55999373,74.32402196,56
FRT12B,31.55986645,74.32429882,57
FRT12B,31.55935781,74.32514611,58
FRT12B,31.55912479,74.32558128,59
FRT12B,31.55882832,74.32607085,60
FRT12B,31.55854725,74.32658987,61
FRT12B,31.55834966,74.32694887,62
FRT12B,31.55823138,74.32716037,63
FRT12B,31.55816598,74.32729256,64
FRT12B,31.55795031,74.3277253,65
FRT12B,31.55777498,74.32809961,66
FRT12B,31.55741598,74.32878143,67
FRT12B,31.55721283,74.32915156,68
FRT12B,31.55694428,74.32943124,69
FRT12B,31.55678704,74.32960656,70
FRT12B,31.55650597,74.32992938,71
FRT12B,31.55636125,74.33010193,72
FRT12B,31.556076,74.33042475,73
FRT12B,31.55600782,74.33054302,74
FRT12B,31.55593407,74.33069886,75
FRT12B,31.5558979,74.33078931,76
FRT12B,31.55581023,74.33107178,77
FRT12B,31.55573649,74.33138068,78
FRT12B,31.55554864,74.33217382,79
FRT12B,31.55545819,74.33249246,80
FRT12B,31.55539975,74.3328292,81
FRT12B,31.55532739,74.33312558,82
FRT12B,31.55528008,74.33336213,83
FRT12B,31.55521886,74.33370304,84
FRT12B,31.55513398,74.3339535,85
FRT12B,31.55495587,74.3344266,86
FRT12B,31.55469984,74.33521278,87
FRT12B,31.55445355,74.3359433,88
FRT12B,31.55411821,74.33683383,89
FRT12B,31.55391784,74.33728884,90
FRT12B,31.55379539,74.33757409,91
FRT12B,31.55368547,74.33790944,92
FRT12B,31.55349483,74.3383394,93
FRT12B,31.55330838,74.33871927,94
FRT12B,31.5531261,74.3390574,95
FRT12B,31.55293129,74.33938439,96
FRT12B,31.55275736,74.33965016,97
FRT12B,31.55253194,74.33993541,98
FRT12B,31.55234526,74.34020293,99
FRT12B,31.55212023,74.34048494,100
FRT12B,31.55186884,74.34070002,101
FRT12B,31.55147232,74.34114885,102
FRT12B,31.55102916,74.3418125,103
FRT12B,31.55029713,74.34269144,104
FRT12B,31.54964024,74.34348472,105
FRT12B,31.54898092,74.34433105,106
FRT12B,31.54843686,74.34493216,107
FRT12B,31.54813769,74.34525081,108
FRT12B,31.54761692,74.34587829,109
FRT12B,31.54688955,74.34669515,110
FRT12B,31.54628287,74.34738114,111
FRT12B,31.54600597,74.34774988,112
FRT12B,31.54536033,74.34851101,113
FRT12B,31.54499437,74.34896045,114
FRT12B,31.54461033,74.34947669,115
FRT12B,31.5441748,74.35007363,116
FRT12B,31.54413445,74.35021277,117
FRT12B,31.54408018,74.3502893,118
FRT12B,31.54378241,74.35057594,119
FRT12B,31.5435389,74.3507791,120
FRT12B,31.54325922,74.35096416,121
FRT12B,31.54291553,74.35120071,122
FRT12B,31.54258018,74.35149153,123
FRT12B,31.54216135,74.35187975,124
FRT12B,31.54150458,74.35255322,125
FRT12B,31.54118176,74.35293587,126
FRT12B,31.54061961,74.35350498,127
FRT12B,31.54014034,74.35397282,128
FRT12B,31.53967759,74.35452214,129
FRT12B,31.53920031,74.35510099,130
FRT12B,31.53894428,74.35535145,131
FRT12B,31.53866182,74.35566314,132
FRT12B,31.53817202,74.35618494,133
FRT12B,31.53791877,74.35647854,134
FRT12B,31.53780607,74.35660655,135
FRT12B,31.53760569,74.35686258,136
FRT12B,31.53739837,74.3570713,137
FRT12B,31.53656488,74.35798132,138
FRT12B,31.5362685,74.35830832,139
FRT12B,31.53604725,74.358556,140
FRT12B,31.53580653,74.35881759,141
FRT12B,31.53493408,74.35979858,142
FRT12B,31.53427453,74.36055414,143
FRT12B,31.53323649,74.36172019,144
FRT12B,31.53209132,74.3629405,145
FRT12B,31.53153056,74.36354718,146
FRT12B,31.53116043,74.36395906,147
FRT12B,31.53105328,74.3641149,148
FRT12B,31.53098928,74.3642137,149
FRT12B,31.53094058,74.36430136,150
FRT12B,31.53090385,74.36442273,151
FRT12B,31.53086338,74.36453199,152
FRT12B,31.53078074,74.36478542,153
FRT12B,31.53065178,74.36526796,154
FRT12B,31.53054508,74.36567537,155
FRT12B,31.53047861,74.36590433,156
FRT12B,31.53042156,74.36607269,157
FRT12B,31.53035616,74.3663969,158
FRT12B,31.53030885,74.36663902,159
FRT12B,31.5303005,74.36678651,160
FRT12B,31.5302852,74.3669354,161
FRT12B,31.53027824,74.36709681,162
FRT12B,31.53027267,74.36723317,163
FRT12B,31.53026154,74.36736815,164
FRT12B,31.53025876,74.36748503,165
FRT12B,31.5302518,74.3677174,166
FRT12B,31.53024484,74.36821833,167
FRT12B,31.53022397,74.3690226,168
FRT12B,31.53021562,74.36932037,169
FRT12B,31.53018362,74.37006202,170
FRT12B,31.53013352,74.37101935,171
FRT12B,31.53013196,74.37228662,172
FRT12B,31.53009178,74.3732944,173
FRT12B,31.53007648,74.37402909,174
FRT12B,31.53005421,74.37472761,175
FRT12B,31.53003056,74.37602723,176
FRT12B,31.53001386,74.37646972,177
FRT12B,31.52996516,74.37762881,178
FRT12B,31.52991228,74.37919143,179
FRT12B,31.52985523,74.37935979,180
FRT12B,31.52970217,74.37941545,181
FRT12B,31.52953659,74.37941406,182
FRT12B,31.52935993,74.37941044,183
FRT12B,31.52851803,74.37937371,184
FRT12B,31.52739234,74.37930831,185
FRT12B,31.52584364,74.37924848,186
FRT12B,31.5247903,74.37920256,187
FRT12B,31.52354494,74.37913994,188
FRT12B,31.52291291,74.37912922,189
FRT12B,31.5227667,74.37911919,190
FRT12B,31.52272329,74.37910703,191
FRT12B,31.52246655,74.37918308,192
FRT12B,31.52223,74.37936953,193
FRT12B,31.52217295,74.37946276,194
FRT12B,31.52211451,74.37957686,195
FRT12B,31.52207833,74.37968957,196
FRT12B,31.52206024,74.38016684,197
FRT12B,31.52203937,74.38087927,198
FRT12B,31.52202824,74.38130367,199
FRT12B,31.52201711,74.38171694,200
FRT12B,31.52173603,74.38169467,201
FRT12B,31.5215941,74.3816738,202
FRT12B,31.52145496,74.38165849,203
FRT12B,31.52111544,74.38164736,204
FRT12B,31.52014976,74.38160701,205
FRT12B,31.51864141,74.38148874,206
FRT12B,31.51735014,74.38141081,207
FRT12B,31.51607138,74.38132454,208
FRT12B,31.51547166,74.3812995,209
FRT12B,31.51504726,74.38128558,210
FRT12B,31.51374346,74.38124105,211
FRT12B,31.51254262,74.3812007,212
FRT12B,31.51104958,74.38114365,213
FRT12B,31.51031954,74.38111347,214
FRT12B,31.50918703,74.38107313,215
FRT12B,31.50788261,74.38101842,216
FRT12B,31.50689884,74.38101425,217
FRT12B,31.50670264,74.38102677,218
FRT12B,31.50656211,74.38112,219
FRT12B,31.50646609,74.38120766,220
FRT12B,31.50641905,74.38254262,221
FRT12B,31.50637982,74.38428975,222
FRT13F,31.43237475,74.31232457,1
FRT13F,31.43146195,74.31180416,2
FRT13F,31.43076065,74.31138672,3
FRT13F,31.43067904,74.31132452,4
FRT13F,31.43059437,74.31125592,5
FRT13F,31.43053314,74.31117382,6
FRT13F,31.43048305,74.31111121,7
FRT13F,31.43045522,74.31104998,8
FRT13F,31.43042461,74.31098737,9
FRT13F,31.43040513,74.31092336,10
FRT13F,31.43036895,74.31082039,11
FRT13F,31.43033695,74.31061446,12
FRT13F,31.43024372,74.31010935,13
FRT13F,31.43013936,74.30960843,14
FRT13F,31.42991672,74.30849804,15
FRT13F,31.42974975,74.3077216,16
FRT13F,31.42967461,74.30732364,17
FRT13F,31.42964539,74.30720954,18
FRT13F,31.42963287,74.3071344,19
FRT13F,31.42962869,74.30704813,20
FRT13F,31.42962452,74.30696603,21
FRT13F,31.42963704,74.30685054,22
FRT13F,31.42967183,74.30671974,23
FRT13F,31.42971496,74.30662095,24
FRT13F,31.4297734,74.30652494,25
FRT13F,31.42980819,74.30645537,26
FRT13F,31.42989863,74.30623273,27
FRT13F,31.43007118,74.30585425,28
FRT13F,31.43020197,74.30558431,29
FRT13F,31.4302799,74.30539507,30
FRT13F,31.43040235,74.30511956,31
FRT13F,31.43052758,74.30483709,32
FRT13F,31.43076134,74.30431112,33
FRT13F,31.43084761,74.30413579,34
FRT13F,31.43099511,74.30379349,35
FRT13F,31.43123166,74.3032536,36
FRT13F,31.43148212,74.30269702,37
FRT13F,31.43169084,74.30221835,38
FRT13F,31.43190513,74.30169238,39
FRT13F,31.43222516,74.30097439,40
FRT13F,31.4324478,74.30047067,41
FRT13F,31.43274001,74.29982225,42
FRT13F,31.43315188,74.29886214,43
FRT13F,31.43336895,74.2983306,44
FRT13F,31.43353871,74.29795769,45
FRT13F,31.4337196,74.2975486,46
FRT13F,31.43379195,74.29735101,47
FRT13F,31.4340786,74.29672207,48
FRT13F,31.43439028,74.29598737,49
FRT13F,31.43464631,74.2953807,50
FRT13F,31.43498861,74.29460982,51
FRT13F,31.4354311,74.29357736,52
FRT13F,31.43583463,74.29265621,53
FRT13F,31.43624372,74.29170444,54
FRT13F,31.43653453,74.29102123,55
FRT13F,31.4366474,74.29077691,56
FRT13F,31.43759483,74.29123274,57
FRT13F,31.43802618,74.29147207,58
FRT13F,31.43824743,74.29160008,59
FRT13F,31.43868991,74.29181437,60
FRT13F,31.43966811,74.29233478,61
FRT13F,31.44048351,74.29275778,62
FRT13F,31.44107906,74.29307225,63
FRT13F,31.44207813,74.2935871,64
FRT13F,31.44226459,74.29369841,65
FRT13F,31.44311895,74.2941409,66
FRT13F,31.44370614,74.29444702,67
FRT13F,31.44437961,74.29481437,68
FRT13F,31.44502247,74.2951511,69
FRT13F,31.44596032,74.29565203,70
FRT13F,31.44715698,74.29628654,71
FRT13F,31.44781932,74.29663997,72
FRT13F,31.44882952,74.29718264,73
FRT13F,31.45058277,74.29812606,74
FRT13F,31.45162636,74.29866038,75
FRT13F,31.45297887,74.29939507,76
FRT13F,31.45465698,74.30029952,77
FRT13F,31.45531375,74.30063348,78
FRT13F,31.45556978,74.30078654,79
FRT13F,31.45751504,74.30179396,80
FRT13F,31.45933786,74.30274572,81
FRT13F,31.46006977,74.30314925,82
FRT13F,31.46185642,74.30406483,83
FRT13F,31.46394361,74.30518078,84
FRT13F,31.46638703,74.30646372,85
FRT13F,31.46724695,74.30690898,86
FRT13F,31.46766439,74.30712605,87
FRT13F,31.46660688,74.30986446,88
FRT13F,31.46588053,74.3117485,89
FRT13F,31.46526829,74.31330416,90
FRT13F,31.46426087,74.31584497,91
FRT13F,31.46333415,74.31827169,92
FRT13F,31.46198165,74.32178931,93
FRT13F,31.4615336,74.32294145,94
FRT13F,31.46103267,74.32420211,95
FRT13F,31.46028963,74.32609729,96
FRT13F,31.45972,74.32757297,97
FRT13F,31.45897887,74.32948968,98
FRT13F,31.45826365,74.33134311,99
FRT13F,31.4576041,74.33302679,100
FRT13F,31.45727293,74.33392567,101
FRT13F,31.45698098,74.33466133,102
FRT13F,31.45681737,74.33504553,103
FRT13F,31.45670156,74.33533965,104
FRT13F,31.45663981,74.33549525,105
FRT13F,31.45657288,74.33568892,106
FRT13F,31.4565545,74.33578084,107
FRT13F,31.45655817,74.3358654,108
FRT13F,31.45659126,74.33598121,109
FRT13F,31.45664274,74.33608967,110
FRT13F,31.45681921,74.33624224,111
FRT13F,31.45715883,74.33640109,112
FRT13F,31.45760783,74.3366246,113
FRT13F,31.45808276,74.33679348,114
FRT13F,31.45846681,74.33694098,115
FRT13F,31.45912991,74.33717241,116
FRT13F,31.45926829,74.33725267,117
FRT13F,31.45960781,74.33744747,118
FRT13F,31.46006143,74.33769793,119
FRT13F,31.46020336,74.33777586,120
FRT13F,31.46032441,74.33784265,121
FRT13F,31.46060549,74.33800267,122
FRT13F,31.4609498,74.33819081,123
FRT13F,31.46126643,74.33840758,124
FRT13F,31.46145985,74.33854395,125
FRT13F,31.46186059,74.3388278,126
FRT13F,31.46225298,74.33910331,127
FRT13F,31.46289723,74.33957502,128
FRT13F,31.46323118,74.33979209,129
FRT13F,31.46347747,74.3399368,130
FRT13F,31.4638476,74.34015387,131
FRT13F,31.464304,74.34040851,132
FRT13F,31.46486755,74.34071602,133
FRT13F,31.46543944,74.34103745,134
FRT13F,31.46608508,74.3413881,135
FRT13F,31.46664862,74.34169005,136
FRT13F,31.46705632,74.34192381,137
FRT13F,31.46825437,74.34259589,138
FRT13F,31.46885131,74.34292149,139
FRT13F,31.46937172,74.34320675,140
FRT13F,31.47004658,74.34359218,141
FRT13F,31.47080632,74.34403606,142
FRT13F,31.47113471,74.34420303,143
FRT13F,31.47138013,74.344349,144
FRT13F,31.47171495,74.34452864,145
FRT13F,31.47187357,74.34457316,146
FRT13F,31.47205725,74.34460656,147
FRT13F,31.47226875,74.34458708,148
FRT13F,31.4725053,74.34452029,149
FRT13F,31.47346819,74.3441279,150
FRT13F,31.4741027,74.34386073,151
FRT13F,31.47444778,74.34372715,152
FRT13F,31.47607858,74.34323736,153
FRT13F,31.47728916,74.34268912,154
FRT13F,31.47923721,74.34184868,155
FRT13F,31.48165836,74.34085239,156
FRT13F,31.48301086,74.34023736,157
FRT13F,31.48471958,74.33956946,158
FRT13F,31.48651735,74.33880137,159
FRT13F,31.48758043,74.33836723,160
FRT13F,31.48975112,74.33748226,161
FRT13F,31.49076411,74.33706482,162
FRT13F,31.49168804,74.33663625,163
FRT13F,31.49252292,74.33630229,164
FRT13F,31.49429286,74.33557873,165
FRT13F,31.49654147,74.33464367,166
FRT13F,31.49963609,74.33333013,167
FRT13F,31.50151178,74.33243402,168
FRT13F,31.50250251,74.33200545,169
FRT13F,31.50318711,74.33172716,170
FRT13F,31.50348766,74.33159914,171
FRT13F,31.5036129,74.33155462,172
FRT13F,31.50373813,74.33149617,173
FRT13F,31.50383275,74.33146556,174
FRT13F,31.50392737,74.33145721,175
FRT13F,31.50399694,74.33147948,176
FRT13F,31.50406373,74.3315407,177
FRT13F,31.50410547,74.33160471,178
FRT13F,31.50412217,74.3317689,179
FRT13F,31.50399137,74.33189692,180
FRT13F,31.50367134,74.3320138,181
FRT13F,31.50278915,74.33245072,182
FRT13B,31.50342783,74.33215573,1
FRT13B,31.50260965,74.3324869,2
FRT13B,31.50161614,74.33290712,3
FRT13B,31.50004379,74.33364181,4
FRT13B,31.49659295,74.33489692,5
FRT13B,31.49429425,74.33580137,6
FRT13B,31.49257162,74.33652215,7
FRT13B,31.49172004,74.33688949,8
FRT13B,31.49079611,74.33726519,9
FRT13B,31.48979147,74.33770767,10
FRT13B,31.48866438,74.33815016,11
FRT13B,31.4876514,74.33860934,12
FRT13B,31.48638238,74.33918541,13
FRT13B,31.48584249,74.33950266,14
FRT13B,31.48494082,74.33988393,15
FRT13B,31.48357719,74.34044886,16
FRT13B,31.4817321,74.34122252,17
FRT13B,31.47989328,74.34190172,18
FRT13B,31.47734203,74.34298133,19
FRT13B,31.47594152,74.34355479,20
FRT13B,31.47457162,74.34406389,21
FRT13B,31.47419036,74.34419469,22
FRT13B,31.47353916,74.3444535,23
FRT13B,31.47255678,74.3448932,24
FRT13B,31.47227292,74.345024,25
FRT13B,31.47211986,74.34507687,26
FRT13B,31.47196124,74.34495721,27
FRT13B,31.47173304,74.34478745,28
FRT13B,31.47139352,74.34458986,29
FRT13B,31.47109018,74.34444097,30
FRT13B,31.47080771,74.34427122,31
FRT13B,31.4701078,74.34386491,32
FRT13B,31.46956931,74.34354209,33
FRT13B,31.4689181,74.34322205,34
FRT13B,31.46828359,74.34283383,35
FRT13B,31.46709667,74.34219376,36
FRT13B,31.46666115,74.34196138,37
FRT13B,31.4660976,74.34163996,38
FRT13B,31.46545057,74.34125869,39
FRT13B,31.46487729,74.34093727,40
FRT13B,31.46432766,74.34063949,41
FRT13B,31.46387822,74.34040294,42
FRT13B,31.46350252,74.34019144,43
FRT13B,31.46322423,74.34002307,44
FRT13B,31.46288749,74.33979348,45
FRT13B,31.46226829,74.33936352,46
FRT13B,31.46186616,74.33907827,47
FRT13B,31.46146959,74.3387958,48
FRT13B,31.46123381,74.33862096,49
FRT13B,31.46077424,74.33831397,50
FRT13B,31.46056931,74.33820443,51
FRT13B,31.46038425,74.3380945,52
FRT13B,31.46024092,74.33802354,53
FRT13B,31.4599849,74.33787882,54
FRT13B,31.45959775,74.33764668,55
FRT13B,31.45932416,74.33749407,56
FRT13B,31.45913083,74.33739116,57
FRT13B,31.45889677,74.33728884,58
FRT13B,31.45841758,74.3371099,59
FRT13B,31.45807163,74.33696602,60
FRT13B,31.45751644,74.336742,61
FRT13B,31.45722284,74.33660981,62
FRT13B,31.45669145,74.33636632,63
FRT13B,31.45662242,74.33633726,64
FRT13B,31.4564727,74.33628176,65
FRT13B,31.45630377,74.33618141,66
FRT13B,31.45615284,74.33609518,67
FRT13B,31.45623004,74.33596191,68
FRT13B,31.45637159,74.33565859,69
FRT13B,31.45646534,74.33544903,70
FRT13B,31.45651233,74.33535403,71
FRT13B,31.45676991,74.33473707,72
FRT13B,31.45710763,74.33387498,73
FRT13B,31.457501,74.33282721,74
FRT13B,31.45810781,74.33126519,75
FRT13B,31.4587451,74.32962883,76
FRT13B,31.45952606,74.32759962,77
FRT13B,31.46015952,74.32595136,78
FRT13B,31.4607829,74.32437065,79
FRT13B,31.461256,74.32313503,80
FRT13B,31.4617291,74.32190498,81
FRT13B,31.46230238,74.32041054,82
FRT13B,31.46352965,74.31729923,83
FRT13B,31.46441184,74.31502279,84
FRT13B,31.46512427,74.31319162,85
FRT13B,31.46576156,74.31150238,86
FRT13B,31.46635154,74.30997177,87
FRT13B,31.46706676,74.30815174,88
FRT13B,31.46731583,74.3072932,89
FRT13B,31.46732418,74.30721389,90
FRT13B,31.46731722,74.30716936,91
FRT13B,31.46721843,74.30709561,92
FRT13B,31.46654078,74.30671714,93
FRT13B,31.46610247,74.30648754,94
FRT13B,31.46504078,74.30591983,95
FRT13B,31.46403197,74.30541612,96
FRT13B,31.46293411,74.30481361,97
FRT13B,31.46180841,74.30423059,98
FRT13B,31.46003986,74.30329691,99
FRT13B,31.45937195,74.30297409,100
FRT13B,31.45853568,74.30251074,101
FRT13B,31.45770081,74.30206547,102
FRT13B,31.45717205,74.30177883,103
FRT13B,31.45621611,74.30131825,104
FRT13B,31.45591138,74.30114293,105
FRT13B,31.45561361,74.30101074,106
FRT13B,31.45517669,74.30076306,107
FRT13B,31.45443365,74.30033309,108
FRT13B,31.45375878,74.29998523,109
FRT13B,31.45305192,74.29959979,110
FRT13B,31.45231862,74.29921853,111
FRT13B,31.45127224,74.29867308,112
FRT13B,31.45069339,74.29834469,113
FRT13B,31.44992112,74.29794951,114
FRT13B,31.44877595,74.29733727,115
FRT13B,31.44782836,74.29682243,116
FRT13B,31.44697122,74.29639107,117
FRT13B,31.44598467,74.29584423,118
FRT13B,31.44508996,74.29535582,119
FRT13B,31.44446658,74.29503718,120
FRT13B,31.4437945,74.29469209,121
FRT13B,31.44307511,74.29428718,122
FRT13B,31.44240165,74.29391844,123
FRT13B,31.442115,74.29378486,124
FRT13B,31.44098792,74.29319905,125
FRT13B,31.44059135,74.29296946,126
FRT13B,31.43998467,74.29268143,127
FRT13B,31.43930564,74.29232243,128
FRT13B,31.43879218,74.29202744,129
FRT13B,31.43841788,74.29184098,130
FRT13B,31.43804914,74.29165174,131
FRT13B,31.43767623,74.29144859,132
FRT13B,31.43722261,74.29123152,133
FRT13B,31.43673142,74.29098801,134
FRT13B,31.43665768,74.29116612,135
FRT13B,31.43631399,74.29190638,136
FRT13B,31.43584228,74.29296946,137
FRT13B,31.4354304,74.2939087,138
FRT13B,31.43502827,74.2948535,139
FRT13B,31.43469154,74.29562855,140
FRT13B,31.43442994,74.29622131,141
FRT13B,31.43412382,74.29693931,142
FRT13B,31.43386501,74.29753207,143
FRT13B,31.43375508,74.29778532,144
FRT13B,31.43359367,74.29816241,145
FRT13B,31.43343504,74.29853115,146
FRT13B,31.43319432,74.29906686,147
FRT13B,31.43281028,74.29990591,148
FRT13B,31.43252363,74.30056547,149
FRT13B,31.43229961,74.30112623,150
FRT13B,31.43199905,74.3017997,151
FRT13B,31.43178477,74.30229367,152
FRT13B,31.43156352,74.30278625,153
FRT13B,31.43128523,74.30341519,154
FRT13B,31.43112104,74.30378393,155
FRT13B,31.43090953,74.30423198,156
FRT13B,31.43080517,74.30447549,157
FRT13B,31.43064376,74.30485118,158
FRT13B,31.43046148,74.30524218,159
FRT13B,31.43034738,74.30554413,160
FRT13B,31.43020963,74.30581407,161
FRT13B,31.43008857,74.30610767,162
FRT13B,31.42993829,74.30644023,163
FRT13B,31.42988681,74.30655433,164
FRT13B,31.42980889,74.30672131,165
FRT13B,31.42977966,74.30680758,166
FRT13B,31.42974905,74.30690498,167
FRT13B,31.42974488,74.30706222,168
FRT13B,31.42975601,74.30718328,169
FRT13B,31.42978106,74.30729042,170
FRT13B,31.42980193,74.30737391,171
FRT13B,31.42983115,74.30750471,172
FRT13B,31.42986872,74.30763272,173
FRT13B,31.4299536,74.30808216,174
FRT13B,31.43012057,74.30879738,175
FRT13B,31.43030425,74.30975192,176
FRT13B,31.43044478,74.31054923,177
FRT13B,31.43051923,74.31081065,178
FRT13B,31.43054706,74.31092614,179
FRT13B,31.43057628,74.31101659,180
FRT13B,31.43063472,74.31110564,181
FRT13B,31.4306876,74.31115852,182
FRT13B,31.43072683,74.311194,183
FRT13B,31.43083092,74.31127123,184
FRT13B,31.43088676,74.31131533,185
FRT13B,31.43097841,74.31137002,186
FRT13B,31.431144,74.31145212,187
FRT13B,31.43180077,74.31182086,188
FRT13B,31.43358741,74.31280601,189
FRT13B,31.4348286,74.31349896,190
FRT13B,31.43601795,74.314158,191
FRT13B,31.43653697,74.31440568,192
FRT13B,31.43646461,74.31456987,193
FRT13B,31.43526517,74.31392145,194
FRT13B,31.43102802,74.31157162,195
FRT14F,31.35080149,74.3739249,1
FRT14F,31.35223192,74.37320413,2
FRT14F,31.35391003,74.37233585,3
FRT14F,31.35549073,74.37152045,4
FRT14F,31.35719945,74.3706494,5
FRT14F,31.35902783,74.36969485,6
FRT14F,31.3603219,74.36903808,7
FRT14F,31.36100371,74.36868186,8
FRT14F,31.36173284,74.36832008,9
FRT14F,31.36306865,74.36764383,10
FRT14F,31.36370316,74.36732936,11
FRT14F,31.36530891,74.36648335,12
FRT14F,31.36677273,74.36574587,13
FRT14F,31.36709833,74.36558446,14
FRT14F,31.36723748,74.36552602,15
FRT14F,31.36737941,74.36547315,16
FRT14F,31.36756308,74.36542584,17
FRT14F,31.36771336,74.36539801,18
FRT14F,31.36793043,74.36538687,19
FRT14F,31.36817254,74.36538131,20
FRT14F,31.36849258,74.36540914,21
FRT14F,31.36876252,74.36547315,22
FRT14F,31.36972542,74.36570691,23
FRT14F,31.37008442,74.36577927,24
FRT14F,31.37037662,74.36581545,25
FRT14F,31.37059648,74.36580988,26
FRT14F,31.3708859,74.36576535,27
FRT14F,31.37157885,74.36559003,28
FRT14F,31.37270594,74.36523103,29
FRT14F,31.3730538,74.36515589,30
FRT14F,31.37425603,74.36497222,31
FRT14F,31.37595918,74.36472454,32
FRT14F,31.37912616,74.364257,33
FRT14F,31.38244341,74.36378391,34
FRT14F,31.38565213,74.36328298,35
FRT14F,31.38686827,74.363116,36
FRT14F,31.3870909,74.36306034,37
FRT14F,31.38732189,74.36295459,38
FRT14F,31.38749721,74.36283771,39
FRT14F,31.38768923,74.36263456,40
FRT14F,31.38778107,74.36251767,41
FRT14F,31.38789239,74.36240636,42
FRT14F,31.38799814,74.36234235,43
FRT14F,31.38812337,74.3623006,44
FRT14F,31.38830704,74.36228391,45
FRT14F,31.38847124,74.36229504,46
FRT14F,31.38863543,74.36240079,47
FRT14F,31.3888525,74.3625455,48
FRT14F,31.38896382,74.36261508,49
FRT14F,31.3891948,74.36267908,50
FRT14F,31.38952319,74.36269021,51
FRT14F,31.39027458,74.36261508,52
FRT14F,31.39153246,74.36243975,53
FRT14F,31.3928627,74.36222825,54
FRT14F,31.39582931,74.36182194,55
FRT14F,31.39651947,74.36165496,56
FRT14F,31.39713728,74.36145459,57
FRT14F,31.39727643,74.36139893,58
FRT14F,31.3974768,74.36137667,59
FRT14F,31.39787198,74.36139337,60
FRT14F,31.39827828,74.36137667,61
FRT14F,31.39946938,74.36122639,62
FRT14F,31.4000204,74.3611763,63
FRT14F,31.40318181,74.3607032,64
FRT14F,31.40502411,74.36040265,65
FRT14F,31.40608719,74.36025237,66
FRT14F,31.40868088,74.35991842,67
FRT14F,31.41155286,74.35947315,68
FRT14F,31.41337846,74.35918929,69
FRT14F,31.41606678,74.35877185,70
FRT14F,31.41785342,74.35848242,71
FRT14F,31.41969572,74.35823196,72
FRT14F,31.42092577,74.35806498,73
FRT14F,31.42163264,74.35799263,74
FRT14F,31.42271798,74.35776999,75
FRT14F,31.42295731,74.35773103,76
FRT14F,31.42412614,74.35763085,77
FRT14F,31.42551761,74.35743048,78
FRT14F,31.42875137,74.35695181,79
FRT14F,31.43171798,74.35648985,80
FRT14F,31.43516324,74.35602231,81
FRT14F,31.43796287,74.35559931,82
FRT14F,31.44168087,74.3549982,83
FRT14F,31.44459181,74.35458632,84
FRT14F,31.44689608,74.35418558,85
FRT14F,31.44985712,74.3533507,86
FRT14F,31.45033021,74.35313363,87
FRT14F,31.45397029,74.35224309,88
FRT14F,31.45705377,74.351052,89
FRT14F,31.45920776,74.35022825,90
FRT14F,31.46097214,74.34950747,91
FRT14F,31.46191834,74.34902603,92
FRT14F,31.46215767,74.34893697,93
FRT14F,31.46235526,74.34891193,94
FRT14F,31.46244988,74.34892584,95
FRT14F,31.46250275,74.34895645,96
FRT14F,31.46253336,74.34898707,97
FRT14F,31.46256954,74.34909282,98
FRT14F,31.46257511,74.34917074,99
FRT14F,31.46255006,74.34929319,100
FRT14F,31.4624944,74.34937389,101
FRT14F,31.46238587,74.34941285,102
FRT14F,31.46145637,74.34969393,103
FRT14F,31.46096101,74.34990822,104
FRT14F,31.46060479,74.35000562,105
FRT14F,31.45956676,74.35043141,106
FRT14F,31.4588265,74.35068187,107
FRT14F,31.45863448,74.35078484,108
FRT14F,31.45855934,74.35088781,109
FRT14F,31.4584522,74.35105339,110
FRT14F,31.45841463,74.3511341,111
FRT14F,31.45839236,74.35123706,112
FRT14F,31.4583868,74.35131777,113
FRT14F,31.45841184,74.35140543,114
FRT14F,31.45878476,74.35250191,115
FRT14F,31.459006,74.3532533,116
FRT14F,31.45974626,74.35564383,117
FRT14F,31.46013309,74.35691285,118
FRT14F,31.46064793,74.35849634,119
FRT14F,31.46108067,74.35990033,120
FRT14F,31.46123791,74.3604096,121
FRT14F,31.46140906,74.36097732,122
FRT14F,31.46181676,74.36229921,123
FRT14F,31.46212427,74.36315636,124
FRT14F,31.46232743,74.36389244,125
FRT14F,31.46249023,74.36446851,126
FRT14F,31.46277409,74.36531591,127
FRT14F,31.46294106,74.36585023,128
FRT14F,31.46329589,74.36700376,129
FRT14F,31.46355887,74.36778437,130
FRT14F,31.46408763,74.36945969,131
FRT14F,31.46456908,74.37098335,132
FRT14F,31.46500321,74.37237064,133
FRT14F,31.46543318,74.37373984,134
FRT14F,31.46564468,74.37438548,135
FRT14F,31.46579635,74.37488919,136
FRT14F,31.46617483,74.37607889,137
FRT14F,31.46667854,74.37769578,138
FRT14F,31.46710989,74.37904271,139
FRT14F,31.46761499,74.38064012,140
FRT14F,31.46833995,74.38294577,141
FRT14F,31.46876156,74.38430663,142
FRT14F,31.4691303,74.3854852,143
FRT14F,31.46952269,74.3867236,144
FRT14F,31.46970637,74.3873108,145
FRT14F,31.47021286,74.3889082,146
FRT14F,31.47045358,74.38951906,147
FRT14F,31.47062613,74.38981126,148
FRT14F,31.47088076,74.39022314,149
FRT14F,31.47171982,74.3913697,150
FRT14F,31.47243086,74.39227694,151
FRT14F,31.47295822,74.39300885,152
FRT14F,31.47393086,74.39428065,153
FRT14F,31.47492019,74.39557054,154
FRT14F,31.47584551,74.39677415,155
FRT14F,31.47696286,74.39825467,156
FRT14F,31.4777713,74.39928018,157
FRT14F,31.47871471,74.40056033,158
FRT14F,31.47928521,74.40129502,159
FRT14F,31.479711,74.40186135,160
FRT14F,31.48061406,74.40301627,161
FRT14F,31.48178289,74.40455801,162
FRT14F,31.48284876,74.40597452,163
FRT14F,31.48322167,74.40646849,164
FRT14F,31.4840315,74.40752044,165
FRT14F,31.48478985,74.40850977,166
FRT14F,31.48516555,74.4090274,167
FRT14F,31.48567204,74.40966191,168
FRT14F,31.48621193,74.4103799,169
FRT14F,31.48694662,74.4112927,170
FRT14F,31.4871456,74.41152786,171
FRT14F,31.48730284,74.41163639,172
FRT14F,31.48743363,74.4116851,173
FRT14F,31.48756443,74.41168927,174
FRT14F,31.4876674,74.41165866,175
FRT14F,31.48815024,74.41135254,176
FRT14F,31.48853846,74.41107285,177
FRT14F,31.488711,74.41093092,178
FRT14F,31.48922862,74.41043834,179
FRT14F,31.48972259,74.40996664,180
FRT14F,31.49013308,74.40953806,181
FRT14F,31.49040163,74.40928064,182
FRT14F,31.49059087,74.40908306,183
FRT14F,31.49103057,74.4086364,184
FRT14F,31.49127129,74.40844298,185
FRT14F,31.49146332,74.40828296,186
FRT14F,31.49180283,74.40803528,187
FRT14F,31.49218131,74.40780012,188
FRT14F,31.4927546,74.40745226,189
FRT14F,31.49310385,74.40720736,190
FRT14F,31.49319708,74.40710578,191
FRT14F,31.49329727,74.40694159,192
FRT14F,31.49346146,74.40669113,193
FRT14F,31.49379263,74.40609001,194
FRT14F,31.49396795,74.40573658,195
FRT14F,31.49410432,74.40545829,196
FRT14F,31.49418641,74.40523009,197
FRT14F,31.49428938,74.40494066,198
FRT14F,31.49441322,74.40454827,199
FRT14F,31.49446471,74.40437295,200
FRT14F,31.49481536,74.40303296,201
FRT14F,31.49496563,74.40253482,202
FRT14F,31.49511452,74.40211182,203
FRT14F,31.49525228,74.40180708,204
FRT14F,31.49550413,74.40132007,205
FRT14F,31.49572677,74.40091516,206
FRT14F,31.49581582,74.40078157,207
FRT14F,31.49595497,74.40061877,208
FRT14F,31.49605237,74.40051163,209
FRT14F,31.4962096,74.40031961,210
FRT14F,31.49660061,74.39989799,211
FRT14F,31.49705283,74.39936645,212
FRT14F,31.4976609,74.39868603,213
FRT14F,31.49772213,74.39856914,214
FRT14F,31.49783066,74.39817119,215
FRT14F,31.49783901,74.39808352,216
FRT14F,31.49784875,74.39788594,217
FRT14F,31.49784597,74.39754363,218
FRT14F,31.49784597,74.39719438,219
FRT14F,31.49784736,74.39696896,220
FRT14F,31.49786267,74.39684929,221
FRT14F,31.4978891,74.39657657,222
FRT14F,31.49793224,74.39631915,223
FRT14F,31.49795589,74.3961466,224
FRT14F,31.49798511,74.3960172,225
FRT14F,31.4980199,74.39590866,226
FRT14F,31.49805051,74.39583909,227
FRT14F,31.49809365,74.39577647,228
FRT14F,31.49845265,74.39533538,229
FRT14F,31.4987045,74.39504178,230
FRT14F,31.4989814,74.39470226,231
FRT14F,31.49937797,74.3941916,232
FRT14F,31.49970218,74.39379224,233
FRT14F,31.49996378,74.39345968,234
FRT14F,31.50052176,74.39279596,235
FRT14F,31.50075552,74.39251627,236
FRT14F,31.50098511,74.3922352,237
FRT14F,31.50126619,74.39188594,238
FRT14F,31.50164745,74.39143232,239
FRT14F,31.50224439,74.39066423,240
FRT14F,31.50245311,74.39039707,241
FRT14F,31.50253799,74.39027462,242
FRT14F,31.502602,74.3901313,243
FRT14F,31.5026827,74.38982935,244
FRT14F,31.50283576,74.38933399,245
FRT14F,31.50289003,74.38909048,246
FRT14F,31.5029109,74.38889846,247
FRT14F,31.50292899,74.3884365,248
FRT14F,31.50292899,74.38822917,249
FRT14F,31.5029429,74.38814429,250
FRT14F,31.50296239,74.38806497,251
FRT14F,31.50299439,74.38801627,252
FRT14F,31.50303613,74.3879787,253
FRT14F,31.50306118,74.38795922,254
FRT14F,31.50310153,74.38793557,255
FRT14F,31.50314049,74.38792861,256
FRT14F,31.5032866,74.38792722,257
FRT14F,31.50391276,74.38793278,258
FRT14F,31.50445543,74.38796618,259
FRT14F,31.50548789,74.38801906,260
FRT14F,31.50583854,74.3880274,261
FRT14F,31.50596517,74.38802462,262
FRT14F,31.50604031,74.38800792,263
FRT14F,31.50609179,74.38797175,264
FRT14F,31.50612936,74.38792444,265
FRT14F,31.50615997,74.38787295,266
FRT14F,31.5061725,74.38779642,267
FRT14F,31.50617806,74.38757518,268
FRT14F,31.5062532,74.38543371,269
FRT14F,31.50626711,74.384571,270
FRT14F,31.50620172,74.38460023,271
FRT14F,31.50613214,74.3846531,272
FRT14F,31.50604031,74.3847352,273
FRT14F,31.50601387,74.38483538,274
FRT14F,31.50601109,74.38495227,275
FRT14F,31.50600969,74.38497314,276
FRT14B,31.5059917,74.3849715,1
FRT14B,31.50599306,74.38495116,2
FRT14B,31.5059959,74.38483193,3
FRT14B,31.50602476,74.38472257,4
FRT14B,31.50612172,74.38463589,5
FRT14B,31.50619348,74.38458136,6
FRT14B,31.50614327,74.38539267,7
FRT14B,31.50634365,74.38540658,8
FRT14B,31.50629355,74.38660602,9
FRT14B,31.50627407,74.38767745,10
FRT14B,31.50626016,74.38785417,11
FRT14B,31.50624068,74.38795296,12
FRT14B,31.50619615,74.38805036,13
FRT14B,31.50612658,74.38813524,14
FRT14B,31.50601665,74.38815611,15
FRT14B,31.50580376,74.38814777,16
FRT14B,31.5055366,74.38809628,17
FRT14B,31.50444569,74.38803367,18
FRT14B,31.50391693,74.3880114,19
FRT14B,31.50334921,74.3879947,20
FRT14B,31.5032212,74.38801558,21
FRT14B,31.50316484,74.38803854,22
FRT14B,31.50312727,74.38806428,23
FRT14B,31.50309179,74.38809559,24
FRT14B,31.503057,74.38813733,25
FRT14B,31.50303265,74.38818116,26
FRT14B,31.50300343,74.38824726,27
FRT14B,31.50298256,74.38834466,28
FRT14B,31.50296378,74.38862504,29
FRT14B,31.50295334,74.3888929,30
FRT14B,31.50292273,74.3890877,31
FRT14B,31.50287959,74.38930686,32
FRT14B,31.50271818,74.38982866,33
FRT14B,31.50264861,74.39010695,34
FRT14B,31.50258043,74.39026766,35
FRT14B,31.50249555,74.39041585,36
FRT14B,31.50227639,74.3906858,37
FRT14B,31.50166058,74.39144677,38
FRT14B,31.50129263,74.39190472,39
FRT14B,31.50101086,74.39224633,40
FRT14B,31.5007924,74.39251836,41
FRT14B,31.50055028,74.39282448,42
FRT14B,31.50000343,74.39347638,43
FRT14B,31.4997321,74.39380616,44
FRT14B,31.49942041,74.39419994,45
FRT14B,31.49900575,74.39472174,46
FRT14B,31.49873164,74.39506474,47
FRT14B,31.49848535,74.39537017,48
FRT14B,31.49813331,74.39579178,49
FRT14B,31.4980846,74.39586553,50
FRT14B,31.49805817,74.39592814,51
FRT14B,31.49802408,74.39604155,52
FRT14B,31.49800112,74.39620574,53
FRT14B,31.49797677,74.39634837,54
FRT14B,31.4979385,74.39655987,55
FRT14B,31.49790789,74.39680338,56
FRT14B,31.49790928,74.39700375,57
FRT14B,31.4979051,74.39728065,58
FRT14B,31.49790093,74.39760486,59
FRT14B,31.49788628,74.39788505,60
FRT14B,31.49787648,74.3980839,61
FRT14B,31.49783275,74.39831868,62
FRT14B,31.497759,74.3985608,63
FRT14B,31.49767273,74.39872777,64
FRT14B,31.4970911,74.39937898,65
FRT14B,31.49661314,74.39991315,66
FRT14B,31.49625204,74.40032239,67
FRT14B,31.49606509,74.40052658,68
FRT14B,31.49596755,74.40063387,69
FRT14B,31.49585687,74.40077879,70
FRT14B,31.49574151,74.40092733,71
FRT14B,31.49551945,74.4013312,72
FRT14B,31.49526799,74.40181745,73
FRT14B,31.49513088,74.40212075,74
FRT14B,31.4949825,74.40254232,75
FRT14B,31.4948325,74.40303954,76
FRT14B,31.49448188,74.40437944,77
FRT14B,31.49443023,74.40455532,78
FRT14B,31.49430619,74.40494834,79
FRT14B,31.49420307,74.4052382,80
FRT14B,31.49412053,74.40546763,81
FRT14B,31.49398359,74.40574708,82
FRT14B,31.49380803,74.40610099,83
FRT14B,31.49347624,74.40670324,84
FRT14B,31.49331179,74.4069541,85
FRT14B,31.49321073,74.40711973,86
FRT14B,31.49311478,74.40722427,87
FRT14B,31.49276341,74.40747064,88
FRT14B,31.49218971,74.40781876,89
FRT14B,31.49181187,74.40805353,90
FRT14B,31.49147335,74.40830048,91
FRT14B,31.49128165,74.40846022,92
FRT14B,31.49104165,74.40865306,93
FRT14B,31.49060281,74.40909884,94
FRT14B,31.49041338,74.40929663,95
FRT14B,31.49014482,74.40955405,96
FRT14B,31.48973433,74.40998264,97
FRT14B,31.48924004,74.41045465,98
FRT14B,31.48872191,74.41094771,99
FRT14B,31.4885484,74.41109043,100
FRT14B,31.48818572,74.41137062,101
FRT14B,31.48781559,74.41171988,102
FRT14B,31.48776132,74.41181033,103
FRT14B,31.48774045,74.41189242,104
FRT14B,31.48774184,74.41202183,105
FRT14B,31.48775297,74.41210393,106
FRT14B,31.48781977,74.4122069,107
FRT14B,31.48773628,74.41229734,108
FRT14B,31.4872604,74.41181868,109
FRT14B,31.48702385,74.41156821,110
FRT14B,31.48674555,74.41118139,111
FRT14B,31.48614722,74.41040495,112
FRT14B,31.48560038,74.40968417,113
FRT14B,31.4851078,74.40899539,114
FRT14B,31.4847488,74.40853204,115
FRT14B,31.48397376,74.40749679,116
FRT14B,31.48321123,74.40651163,117
FRT14B,31.4828091,74.40600235,118
FRT14B,31.48173489,74.40457053,119
FRT14B,31.48053684,74.40302044,120
FRT14B,31.47967969,74.40187527,121
FRT14B,31.47923582,74.40129363,122
FRT14B,31.47868758,74.40058816,123
FRT14B,31.47787496,74.3995376,124
FRT14B,31.47725298,74.39880569,125
FRT14B,31.47687867,74.39822128,126
FRT14B,31.47591021,74.39691608,127
FRT14B,31.47517552,74.39597545,128
FRT14B,31.47487914,74.39557749,129
FRT14B,31.47390859,74.39430083,130
FRT14B,31.47294458,74.39302264,131
FRT14B,31.47240164,74.39230964,132
FRT14B,31.47170629,74.39138365,133
FRT14B,31.47085433,74.39025862,134
FRT14B,31.47060108,74.38985649,135
FRT14B,31.4704021,74.38953367,136
FRT14B,31.47020312,74.38900352,137
FRT14B,31.4697175,74.38743812,138
FRT14B,31.46945312,74.38662829,139
FRT14B,31.46911917,74.38555964,140
FRT14B,31.46872121,74.38428645,141
FRT14B,31.46830377,74.38295064,142
FRT14B,31.4676303,74.38086205,143
FRT14B,31.46749533,74.38047105,144
FRT14B,31.4671419,74.37932588,145
FRT14B,31.46664097,74.37770621,146
FRT14B,31.46612891,74.37605176,147
FRT14B,31.46575461,74.3749038,148
FRT14B,31.4655932,74.37436809,149
FRT14B,31.46536221,74.37363061,150
FRT14B,31.46498627,74.37237787,151
FRT14B,31.46470683,74.37153645,152
FRT14B,31.46452733,74.3709743,153
FRT14B,31.46403893,74.36943256,154
FRT14B,31.46352826,74.36780176,155
FRT14B,31.46323327,74.36691122,156
FRT14B,31.46292409,74.36585739,157
FRT14B,31.46275721,74.36532335,158
FRT14B,31.46247324,74.36447564,159
FRT14B,31.46231027,74.36389896,160
FRT14B,31.46208392,74.36315983,161
FRT14B,31.46179994,74.36230685,162
FRT14B,31.46139206,74.36098438,163
FRT14B,31.46121704,74.36046039,164
FRT14B,31.46103754,74.35987458,165
FRT14B,31.460631,74.35850363,166
FRT14B,31.46011615,74.35692011,167
FRT14B,31.45968921,74.35557774,168
FRT14B,31.45898898,74.35326029,169
FRT14B,31.45876783,74.35250921,170
FRT14B,31.45839489,74.35141265,171
FRT14B,31.45836852,74.35132036,172
FRT14B,31.45835758,74.35120576,173
FRT14B,31.45806398,74.35103739,174
FRT14B,31.45801388,74.35103878,175
FRT14B,31.45791509,74.35103322,176
FRT14B,31.45567901,74.35186114,177
FRT14B,31.45402595,74.35240659,178
FRT14B,31.45342205,74.35260418,179
FRT14B,31.45053059,74.35344462,180
FRT14B,31.44955099,74.35372013,181
FRT14B,31.44694895,74.35443813,182
FRT14B,31.4444798,74.35483979,183
FRT14B,31.44172261,74.35531754,184
FRT14B,31.43964654,74.35552626,185
FRT14B,31.43803244,74.35577394,186
FRT14B,31.43522168,74.35619694,187
FRT14B,31.43192948,74.3566923,188
FRT14B,31.43018736,74.35693998,189
FRT14B,31.42879266,74.35714522,190
FRT14B,31.42555881,74.35762389,191
FRT14B,31.42413171,74.35781661,192
FRT14B,31.42296566,74.35794462,193
FRT14B,31.42247586,74.3579975,194
FRT14B,31.42171891,74.35815613,195
FRT14B,31.42096473,74.35831475,196
FRT14B,31.41996844,74.35848451,197
FRT14B,31.41792299,74.35874611,198
FRT14B,31.41607512,74.35901883,199
FRT14B,31.41348978,74.35944462,200
FRT14B,31.41153616,74.35968674,201
FRT14B,31.40873097,74.36009861,202
FRT14B,31.4062152,74.36048544,203
FRT14B,31.40501019,74.36068859,204
FRT14B,31.40319851,74.36090844,205
FRT14B,31.40010389,74.36136206,206
FRT14B,31.39939702,74.36149286,207
FRT14B,31.39830333,74.36170158,208
FRT14B,31.39801946,74.3617595,209
FRT14B,31.39776344,74.36187134,210
FRT14B,31.39746845,74.36194926,211
FRT14B,31.39722077,74.36198265,212
FRT14B,31.39657235,74.36198265,213
FRT14B,31.39600741,74.36201605,214
FRT14B,31.39294897,74.36246132,215
FRT14B,31.39151855,74.36262829,216
FRT14B,31.39038033,74.36277022,217
FRT14B,31.3895705,74.36288989,218
FRT14B,31.38899165,74.36298729,219
FRT14B,31.38876623,74.36299842,220
FRT14B,31.38844341,74.36304295,221
FRT14B,31.38762244,74.36316818,222
FRT14B,31.38752226,74.36317931,223
FRT14B,31.38686827,74.3632795,224
FRT14B,31.38615862,74.3633936,225
FRT14B,31.38432467,74.36366911,226
FRT14B,31.3828859,74.36388061,227
FRT14B,31.38067903,74.36420343,228
FRT14B,31.37913729,74.3644372,229
FRT14B,31.37612059,74.36489082,230
FRT14B,31.37427551,74.36517189,231
FRT14B,31.37316512,74.36531661,232
FRT14B,31.37267254,74.36541401,233
FRT14B,31.37167069,74.36573961,234
FRT14B,31.37105566,74.36596225,235
FRT14B,31.37077458,74.36601234,236
FRT14B,31.37051855,74.3660346,237
FRT14B,31.37028757,74.36602625,238
FRT14B,31.36984508,74.36596225,239
FRT14B,31.36914657,74.36577579,240
FRT14B,31.36854824,74.36560603,241
FRT14B,31.3681962,74.36555315,242
FRT14B,31.3679847,74.36555176,243
FRT14B,31.3677718,74.36557542,244
FRT14B,31.36761178,74.36561994,245
FRT14B,31.36743089,74.36565612,246
FRT14B,31.36728061,74.36570343,247
FRT14B,31.36713034,74.36576744,248
FRT14B,31.36684787,74.36589824,249
FRT14B,31.36539657,74.36665241,250
FRT14B,31.36376856,74.36746503,251
FRT14B,31.363109,74.36781011,252
FRT14B,31.36186781,74.36843905,253
FRT14B,31.36109694,74.36883423,254
FRT14B,31.36033164,74.36924332,255
FRT14B,31.35909602,74.3698667,256
FRT14B,31.35728989,74.37078785,257
FRT14B,31.35562014,74.37167004,258
FRT14B,31.35474073,74.37210974,259
FRT14B,31.35316281,74.37292514,260
FRT14B,31.35239472,74.37338154,261
FRT14B,31.34997635,74.37455872,262
FRT14B,31.34952274,74.37480361,263
FRT14B,31.3494309,74.37465055,264
FRT14B,31.3513873,74.37362087,265
FRT14B,31.38771985,74.36316818,266
FRT14B,31.38771985,74.36316818,267
FRT14B,31.38771985,74.36316818,268
FRT15F,31.5805964,74.30640753,1
FRT15F,31.57995278,74.30625735,2
FRT15F,31.57982598,74.30625124,3
FRT15F,31.57963807,74.30627873,4
FRT15F,31.57946848,74.30636734,5
FRT15F,31.57936356,74.30648685,6
FRT15F,31.57931724,74.3065247,7
FRT15F,31.5792606,74.30661208,8
FRT15F,31.57920113,74.30669887,9
FRT15F,31.5791171,74.30688678,10
FRT15F,31.57906057,74.30710219,11
FRT15F,31.57905293,74.30743983,12
FRT15F,31.5790346,74.30761094,13
FRT15F,31.57898877,74.30776219,14
FRT15F,31.57893071,74.30789052,15
FRT15F,31.57883599,74.30798829,16
FRT15F,31.57876877,74.30804024,17
FRT15F,31.57864502,74.30806926,18
FRT15F,31.57843878,74.30801427,19
FRT15F,31.57776504,74.30768274,20
FRT15F,31.57701644,74.307394,21
FRT15F,31.5765688,74.3073008,22
FRT15F,31.57625781,74.30718536,23
FRT15F,31.57579863,74.30701839,24
FRT15F,31.57525039,74.30680271,25
FRT15F,31.57492062,74.30667887,26
FRT15F,31.57447167,74.30647821,27
FRT15F,31.57414969,74.30635179,28
FRT15F,31.57375265,74.30617598,29
FRT15F,31.57338721,74.30603968,30
FRT15F,31.57295263,74.30594684,31
FRT15F,31.57248053,74.30579672,32
FRT15F,31.57196398,74.30559918,33
FRT15F,31.57061482,74.30508313,34
FRT15F,31.57032247,74.3049646,35
FRT15F,31.57013679,74.3049093,36
FRT15F,31.56910961,74.30453793,37
FRT15F,31.56805873,74.30412311,38
FRT15F,31.56739557,74.30395647,39
FRT15F,31.56715346,74.30386324,40
FRT15F,31.56702962,74.30382428,41
FRT15F,31.56685708,74.3037881,42
FRT15F,31.56674576,74.30379367,43
FRT15F,31.56668036,74.30378949,44
FRT15F,31.56650503,74.30382567,45
FRT15F,31.56630188,74.30390916,46
FRT15F,31.56614604,74.30401213,47
FRT15F,31.565794,74.30427094,48
FRT15F,31.56555188,74.3044894,49
FRT15F,31.56545448,74.3045715,50
FRT15F,31.56537099,74.30462437,51
FRT15F,31.56529585,74.30466612,52
FRT15F,31.56521932,74.30470229,53
FRT15F,31.56514836,74.30473012,54
FRT15F,31.56497581,74.30476769,55
FRT15F,31.5648798,74.30478857,56
FRT15F,31.5645055,74.30482613,57
FRT15F,31.56349808,74.30494302,58
FRT15F,31.5633311,74.30495832,59
FRT15F,31.56321422,74.30498337,60
FRT15F,31.56307368,74.30501537,61
FRT15F,31.56293175,74.30508495,62
FRT15F,31.56280652,74.30518931,63
FRT15F,31.5626312,74.30535628,64
FRT15F,31.56249344,74.30553717,65
FRT15F,31.56205652,74.30621482,66
FRT15F,31.56122999,74.30759515,67
FRT15F,31.56120634,74.30764803,68
FRT15F,31.56119381,74.30768142,69
FRT15F,31.56118964,74.3077343,70
FRT15F,31.56121329,74.30777326,71
FRT15F,31.56125643,74.30781639,72
FRT15F,31.56197442,74.3081253,73
FRT15F,31.5621734,74.30825888,74
FRT15F,31.56220402,74.30830758,75
FRT15F,31.56221097,74.30836185,76
FRT15F,31.56219288,74.30843699,77
FRT15F,31.56205235,74.30849543,78
FRT15F,31.56145958,74.30859283,79
FRT15F,31.5606581,74.30882521,80
FRT15F,31.55949205,74.30901444,81
FRT15F,31.5583158,74.30922385,82
FRT15F,31.55778638,74.3093893,83
FRT15F,31.55672164,74.30981871,84
FRT15F,31.55643341,74.30994445,85
FRT15F,31.55584149,74.31016505,86
FRT15F,31.5551981,74.31037093,87
FRT15F,31.55482861,74.31055292,88
FRT15F,31.55460801,74.31071836,89
FRT15F,31.55433411,74.31101433,90
FRT15F,31.55391645,74.3115163,91
FRT15F,31.55351849,74.31197827,92
FRT15F,31.55335986,74.31213411,93
FRT15F,31.55302343,74.31251251,94
FRT15F,31.55278813,74.31272943,95
FRT15F,31.55200179,74.31350609,96
FRT15F,31.55177341,74.31374783,97
FRT15F,31.55158223,74.3139096,98
FRT15F,31.55125869,74.31410078,99
FRT15F,31.55061589,74.31444394,100
FRT15F,31.54965857,74.31492261,101
FRT15F,31.54935036,74.31508332,102
FRT15F,31.54894405,74.31523986,103
FRT15F,31.54885277,74.31527469,104
FRT15F,31.54830537,74.31549311,105
FRT15F,31.54813538,74.31559739,106
FRT15F,31.54763746,74.31611927,107
FRT15F,31.54733551,74.31642956,108
FRT15F,31.54688468,74.31701954,109
FRT15F,31.54662587,74.31737576,110
FRT15F,31.54598579,74.31844719,111
FRT15F,31.54543477,74.31943513,112
FRT15F,31.54530676,74.31964385,113
FRT15F,31.5452344,74.31975238,114
FRT15F,31.54508969,74.31993327,115
FRT15F,31.54483923,74.32020043,116
FRT15F,31.5442075,74.32072084,117
FRT15F,31.54394312,74.32097131,118
FRT15F,31.54382902,74.32109932,119
FRT15F,31.54373997,74.3212162,120
FRT15F,31.54368153,74.32133587,121
FRT15F,31.54364257,74.32150841,122
FRT15F,31.54325852,74.3241355,123
FRT15F,31.54300249,74.32679041,124
FRT15F,31.54288839,74.32835442,125
FRT15F,31.54281604,74.32939802,126
FRT15F,31.54259897,74.33079783,127
FRT15F,31.54257392,74.33096481,128
FRT15F,31.54254331,74.33133494,129
FRT15F,31.54252939,74.33151583,130
FRT15F,31.542496,74.33169672,131
FRT15F,31.54244591,74.33192214,132
FRT15F,31.54235685,74.33212807,133
FRT15F,31.54222049,74.33242863,134
FRT15F,31.5420563,74.33264848,135
FRT15F,31.54159711,74.33305757,136
FRT15F,31.54089581,74.33368651,137
FRT15F,31.54047281,74.33407334,138
FRT15F,31.54007763,74.33451026,139
FRT15F,31.5397242,74.33497779,140
FRT15F,31.53929841,74.33554829,141
FRT15F,31.53890045,74.33614106,142
FRT15F,31.53856928,74.33667816,143
FRT15F,31.53772049,74.33785256,144
FRT15F,31.53698858,74.33897686,145
FRT15F,31.53593107,74.3406021,146
FRT15F,31.53532995,74.3414982,147
FRT15F,31.53511845,74.34179319,148
FRT15F,31.5350294,74.34192121,149
FRT15F,31.53492643,74.34212714,150
FRT15F,31.53483181,74.34229968,151
FRT15F,31.5346871,74.34273382,152
FRT15F,31.5346704,74.34307056,153
FRT15F,31.53467318,74.34328484,154
FRT15F,31.5346871,74.34355479,155
FRT15F,31.53479006,74.3440585,156
FRT15F,31.53484572,74.34444532,157
FRT15F,31.53488747,74.34466239,158
FRT15F,31.53490416,74.34493512,159
FRT15F,31.53488747,74.34548614,160
FRT15F,31.53483459,74.34595089,161
FRT15F,31.5345229,74.34705849,162
FRT15F,31.5340832,74.34820228,163
FRT15F,31.5332678,74.35028948,164
FRT15F,31.53271261,74.35164476,165
FRT15F,31.53238979,74.35235024,166
FRT15F,31.53231743,74.35243929,167
FRT15F,31.53224786,74.35247269,168
FRT15F,31.53212263,74.3524866,169
FRT15F,31.53193617,74.35240033,170
FRT15F,31.53185504,74.35237116,171
FRT15F,31.53159234,74.35226461,172
FRT15F,31.53107346,74.35197732,173
FRT15F,31.53021354,74.35153206,174
FRT15F,31.52912263,74.35100608,175
FRT15F,31.52845194,74.35067213,176
FRT15F,31.5273666,74.35013224,177
FRT15F,31.52664304,74.34975376,178
FRT15F,31.52595565,74.34943651,179
FRT15F,31.525605,74.34925284,180
FRT15F,31.52451768,74.34870616,181
FRT15F,31.52386289,74.34835117,182
FRT15F,31.52340927,74.34808122,183
FRT15F,31.52257996,74.34760256,184
FRT15F,31.52174229,74.34712389,185
FRT15F,31.52087959,74.34664245,186
FRT15F,31.51974693,74.3460135,187
FRT15F,31.51859758,74.34537065,188
FRT15F,31.51758181,74.34479458,189
FRT15F,31.51644916,74.34416842,190
FRT15F,31.51560872,74.34367028,191
FRT15F,31.51441206,74.34300794,192
FRT15F,31.51311799,74.34227881,193
FRT15F,31.51222746,74.34178345,194
FRT15F,31.5115037,74.34138533,195
FRT15F,31.51134203,74.34131552,196
FRT15F,31.51125753,74.34128613,197
FRT15F,31.51111791,74.34124939,198
FRT15F,31.51086521,74.34123382,199
FRT15F,31.51059985,74.34119795,200
FRT15F,31.51044553,74.34111344,201
FRT15F,31.51036837,74.34103261,202
FRT15F,31.51028754,74.34097015,203
FRT15F,31.51021038,74.3408342,204
FRT15F,31.51011486,74.34065784,205
FRT15F,31.51002667,74.34054394,206
FRT15F,31.50993115,74.34045576,207
FRT15F,31.50974744,74.34035288,208
FRT15F,31.50954903,74.34025368,209
FRT15F,31.5093833,74.34014848,210
FRT15F,31.5090971,74.339923,211
FRT15F,31.5089832,74.33981278,212
FRT15F,31.50885828,74.33969888,213
FRT15F,31.50882672,74.33966564,214
FRT15F,31.50871984,74.33954203,215
FRT15F,31.50871679,74.3395418,216
FRT15F,31.50870588,74.33952588,217
FRT15F,31.50869662,74.33951517,218
FRT15F,31.50858272,74.33934615,219
FRT15F,31.5084578,74.33919919,220
FRT15F,31.50825204,74.33890729,221
FRT15F,31.50804077,74.33859295,222
FRT15F,31.50759388,74.33792492,223
FRT15F,31.50737959,74.33760766,224
FRT15F,31.50705621,74.33710927,225
FRT15F,31.50690649,74.33687854,226
FRT15F,31.50677848,74.33667816,227
FRT15F,31.50652245,74.33633308,228
FRT15F,31.50607056,74.33563003,229
FRT15F,31.50557492,74.33506463,230
FRT15F,31.50501688,74.33409282,231
FRT15F,31.50469745,74.33332804,232
FRT15F,31.50439351,74.33214895,233
FRT15F,31.50436568,74.33204459,234
FRT15F,31.50435594,74.33199449,235
FRT15F,31.50435455,74.33192909,236
FRT15F,31.50437403,74.33186369,237
FRT15F,31.50441577,74.33182473,238
FRT15F,31.50448117,74.33179551,239
FRT15F,31.5045577,74.33176908,240
FRT15F,31.50467458,74.33178021,241
FRT15F,31.50474276,74.33183587,242
FRT15F,31.50478312,74.3319764,243
FRT15F,31.50494577,74.33249053,244
FRT15F,31.50510315,74.33301026,245
FRT15F,31.50521447,74.33337483,246
FRT15F,31.50534527,74.33373104,247
FRT15F,31.50543053,74.33392462,248
FRT15F,31.50561123,74.33430844,249
FRT15F,31.50635295,74.33542736,250
FRT15F,31.50666814,74.33589487,251
FRT15F,31.50701781,74.33650841,252
FRT15F,31.50708182,74.33663642,253
FRT15F,31.50847885,74.33869857,254
FRT15F,31.50869035,74.33902696,255
FRT15F,31.50882672,74.3391995,256
FRT15F,31.50887124,74.33930386,257
FRT15F,31.50890046,74.339379,258
FRT15F,31.50890325,74.33943187,259
FRT15F,31.5088949,74.33947918,260
FRT15F,31.50886428,74.33951536,261
FRT15F,31.50880863,74.33954876,262
FRT15F,31.50871984,74.33954203,263
FRT15F,31.50870588,74.33952588,264
FRT15F,31.50858272,74.33934615,265
FRT15F,31.5084578,74.33919919,266
FRT15F,31.50801827,74.33855664,267
FRT15F,31.50760779,74.33794301,268
FRT15F,31.50741577,74.33766054,269
FRT15F,31.50728219,74.33744069,270
FRT15F,31.50709295,74.337161,271
FRT15F,31.50705621,74.33710927,272
FRT15F,31.50691902,74.3369161,273
FRT15F,31.50678683,74.33679226,274
FRT15F,31.50673117,74.33672687,275
FRT15F,31.50667829,74.3367046,276
FRT15F,31.50659063,74.3366879,277
FRT15F,31.50651827,74.33669904,278
FRT15F,31.50646122,74.33675191,279
FRT15F,31.50644174,74.33682566,280
FRT15F,31.50601317,74.3381893,281
FRT15F,31.50549276,74.34015126,282
FRT15F,31.50501132,74.34196852,283
FRT15F,31.50475807,74.34280339,284
FRT15F,31.50446308,74.34398057,285
FRT15F,31.50399277,74.34564198,286
FRT15F,31.50383136,74.34646016,287
FRT15F,31.50372839,74.34681638,288
FRT15F,31.50356141,74.34743558,289
FRT15F,31.50326364,74.34853623,290
FRT15F,31.50307718,74.34924727,291
FRT15F,31.50282672,74.35019903,292
FRT15F,31.50278497,74.35036879,293
FRT15F,31.50270705,74.35066656,294
FRT15F,31.50262356,74.35115079,295
FRT15F,31.50241763,74.35279551,296
FRT15F,31.50234527,74.35373335,297
FRT15F,31.50220891,74.35642166,298
FRT15F,31.50210037,74.3578827,299
FRT15F,31.50206419,74.35830014,300
FRT15F,31.50202802,74.35883168,301
FRT15F,31.50200575,74.35956359,302
FRT15F,31.50198627,74.36040682,303
FRT15F,31.50196401,74.36095506,304
FRT15F,31.50184713,74.36157843,305
FRT15F,31.50179703,74.3619597,306
FRT15F,31.50178034,74.36209606,307
FRT15F,31.50173859,74.36237157,308
FRT15F,31.50168293,74.3638994,309
FRT15F,31.50164397,74.36528251,310
FRT15F,31.50160501,74.36870274,311
FRT15F,31.50151317,74.37131591,312
FRT15F,31.50145473,74.37346155,313
FRT15F,31.50140742,74.37596062,314
FRT15F,31.50141855,74.37687899,315
FRT15F,31.50144082,74.3771698,316
FRT15F,31.50147282,74.37733539,317
FRT15F,31.50151039,74.37749958,318
FRT15F,31.50156744,74.37765821,319
FRT15F,31.50171076,74.37781127,320
FRT15F,31.5018179,74.37787527,321
FRT15F,31.50198766,74.3779198,322
FRT15F,31.50265974,74.37799911,323
FRT15F,31.50333738,74.37807008,324
FRT15F,31.50384388,74.37808956,325
FRT15F,31.50466206,74.37814244,326
FRT15F,31.50529657,74.37817305,327
FRT15F,31.50654695,74.37823205,328
FRT15F,31.50650993,74.37943372,329
FRT15F,31.50645148,74.38105895,330
FRT15F,31.50640974,74.38256451,331
FRT15F,31.50637634,74.38451256,332
FRT15F,31.50633532,74.38538825,333
FRT15F,31.50611681,74.38537907,334
FRT15F,31.50613284,74.38503297,335
FRT15B,31.50624,74.38497,1
FRT15B,31.50625,74.38458,2
FRT15B,31.50626,74.38423,3
FRT15B,31.50626967,74.38404429,4
FRT15B,31.50628943,74.38352478,5
FRT15B,31.50631708,74.38259044,6
FRT15B,31.50633684,74.38201957,7
FRT15B,31.50636449,74.38095881,8
FRT15B,31.50641585,74.37958793,9
FRT15B,31.50645634,74.37849063,10
FRT15B,31.5064114,74.37843285,11
FRT15B,31.50638079,74.37840026,12
FRT15B,31.50634227,74.37837803,13
FRT15B,31.50630326,74.37835384,14
FRT15B,31.50623906,74.37832914,15
FRT15B,31.50571609,74.37828569,16
FRT15B,31.50563707,74.3782768,17
FRT15B,31.50548398,74.37826988,18
FRT15B,31.50535855,74.37826593,19
FRT15B,31.50519432,74.37825852,20
FRT15B,31.50508793,74.37825606,21
FRT15B,31.50497533,74.37825013,22
FRT15B,31.50481434,74.37824025,23
FRT15B,31.5044094,74.37821951,24
FRT15B,31.5039452,74.37820173,25
FRT15B,31.50364099,74.37818198,26
FRT15B,31.50304247,74.37815038,27
FRT15B,31.50273234,74.37818593,28
FRT15B,31.50247554,74.37820569,29
FRT15B,31.50238482,74.37819827,30
FRT15B,31.50221678,74.37817803,31
FRT15B,31.5021,74.37817,32
FRT15B,31.50199554,74.37817013,33
FRT15B,31.50180492,74.37816618,34
FRT15B,31.50161,74.37816,35
FRT15B,31.50143,74.37816,36
FRT15B,31.50137,74.37815,37
FRT15B,31.50125182,74.37810099,38
FRT15B,31.50121232,74.3780447,39
FRT15B,31.50120145,74.37798544,40
FRT15B,31.50120145,74.37788371,41
FRT15B,31.50122022,74.37771876,42
FRT15B,31.50122219,74.37755777,43
FRT15B,31.50122417,74.37746,44
FRT15B,31.50123009,74.37733851,45
FRT15B,31.50123306,74.37715876,46
FRT15B,31.50123,74.37709,47
FRT15B,31.50123,74.37698,48
FRT15B,31.50124,74.37677,49
FRT15B,31.50125,74.37655,50
FRT15B,31.50125,74.37634,51
FRT15B,31.50126,74.37613,52
FRT15B,31.50127,74.37592,53
FRT15B,31.50127,74.37571,54
FRT15B,31.50128,74.3755,55
FRT15B,31.50129,74.37529,56
FRT15B,31.5013,74.37508,57
FRT15B,31.5013,74.37487,58
FRT15B,31.50131,74.37466,59
FRT15B,31.50132,74.37444,60
FRT15B,31.50132,74.37423,61
FRT15B,31.50133,74.37402,62
FRT15B,31.50134,74.37381,63
FRT15B,31.50135,74.3736,64
FRT15B,31.50135,74.37339,65
FRT15B,31.50136,74.37318,66
FRT15B,31.50137,74.37299,67
FRT15B,31.50137,74.37297,68
FRT15B,31.50137,74.37276,69
FRT15B,31.50138,74.37254,70
FRT15B,31.50139,74.37233,71
FRT15B,31.50139,74.37212,72
FRT15B,31.5014,74.37191,73
FRT15B,31.50141,74.3717,74
FRT15B,31.50141,74.37168,75
FRT15B,31.50141,74.37152,76
FRT15B,31.50142,74.37149,77
FRT15B,31.50142,74.37128,78
FRT15B,31.50143,74.37107,79
FRT15B,31.50143,74.37086,80
FRT15B,31.50144,74.37065,81
FRT15B,31.50144,74.37044,82
FRT15B,31.50144,74.37041,83
FRT15B,31.50145,74.37022,84
FRT15B,31.50145,74.37001,85
FRT15B,31.50145,74.36998,86
FRT15B,31.50146,74.3698,87
FRT15B,31.50146,74.36959,88
FRT15B,31.50147,74.36941,89
FRT15B,31.50147,74.36938,90
FRT15B,31.50147,74.36917,91
FRT15B,31.50148,74.36896,92
FRT15B,31.50148,74.36875,93
FRT15B,31.50149,74.36853,94
FRT15B,31.50149,74.36836,95
FRT15B,31.50149,74.36816,96
FRT15B,31.50149,74.36797,97
FRT15B,31.50149,74.36778,98
FRT15B,31.50149,74.36768,99
FRT15B,31.50149,74.36757,100
FRT15B,31.50149,74.36737,101
FRT15B,31.5015,74.36724,102
FRT15B,31.50152,74.36667,103
FRT15B,31.50155,74.36546,104
FRT15B,31.50158,74.36456,105
FRT15B,31.50159,74.36392,106
FRT15B,31.50161,74.3635,107
FRT15B,31.50161,74.36318,108
FRT15B,31.50162,74.3629,109
FRT15B,31.50163603,74.36278719,110
FRT15B,31.5016459,74.36269237,111
FRT15B,31.50165282,74.36255212,112
FRT15B,31.50166566,74.3622973,113
FRT15B,31.50169529,74.36208002,114
FRT15B,31.50174368,74.3617926,115
FRT15B,31.50178319,74.36157235,116
FRT15B,31.50181874,74.36137482,117
FRT15B,31.5018464,74.3612563,118
FRT15B,31.50185628,74.3611763,119
FRT15B,31.501878,74.36106765,120
FRT15B,31.50190171,74.36088197,121
FRT15B,31.5019185,74.36062913,122
FRT15B,31.50192344,74.36048888,123
FRT15B,31.50192541,74.36018073,124
FRT15B,31.50193726,74.35959603,125
FRT15B,31.50194122,74.35932343,126
FRT15B,31.50194714,74.35919108,127
FRT15B,31.50194517,74.35911207,128
FRT15B,31.50195307,74.35899355,129
FRT15B,31.50195307,74.3588533,130
FRT15B,31.50196294,74.35877231,131
FRT15B,31.5019748,74.35853132,132
FRT15B,31.50200739,74.35810366,133
FRT15B,31.50201233,74.35794366,134
FRT15B,31.50204591,74.35764538,135
FRT15B,31.50206072,74.35738069,136
FRT15B,31.50208048,74.35714858,137
FRT15B,31.50210074,74.35682148,138
FRT15B,31.50210074,74.35675148,139
FRT15B,31.50212887,74.35647499,140
FRT15B,31.50213875,74.35617079,141
FRT15B,31.50215653,74.35582511,142
FRT15B,31.50219603,74.35520485,143
FRT15B,31.50222369,74.35472089,144
FRT15B,31.50223949,74.35423101,145
FRT15B,31.50226912,74.35382607,146
FRT15B,31.5023106,74.35320581,147
FRT15B,31.50232246,74.35272185,148
FRT15B,31.50233,74.35232,149
FRT15B,31.50236,74.3519,150
FRT15B,31.5024,74.35154,151
FRT15B,31.50248,74.35092,152
FRT15B,31.50249,74.35079,153
FRT15B,31.50252,74.35063,154
FRT15B,31.50255,74.3505,155
FRT15B,31.50255,74.35049,156
FRT15B,31.50269,74.34995,157
FRT15B,31.50279,74.34957,158
FRT15B,31.50284,74.34943,159
FRT15B,31.50297,74.34891,160
FRT15B,31.50311,74.34835,161
FRT15B,31.50315,74.34821,162
FRT15B,31.50319,74.34805,163
FRT15B,31.50349,74.34695,164
FRT15B,31.50381,74.34565,165
FRT15B,31.5051,74.3409,166
FRT15B,31.50524,74.34039,167
FRT15B,31.50547,74.33956,168
FRT15B,31.50552,74.33938,169
FRT15B,31.50571,74.33864,170
FRT15B,31.50607,74.33735,171
FRT15B,31.50615,74.33707,172
FRT15B,31.5062,74.33687,173
FRT15B,31.50623,74.33675,174
FRT15B,31.50626,74.33656,175
FRT15B,31.50627116,74.33638581,176
FRT15B,31.50623,74.33615,177
FRT15B,31.50616646,74.33597099,178
FRT15B,31.50609733,74.33583271,179
FRT15B,31.50602226,74.33571815,180
FRT15B,31.50596695,74.33564703,181
FRT15B,31.50588,74.33553,182
FRT15B,31.50584,74.33549,183
FRT15B,31.50576,74.3354,184
FRT15B,31.50555,74.33509,185
FRT15B,31.50542,74.33489,186
FRT15B,31.50525,74.33458,187
FRT15B,31.5051,74.33433,188
FRT15B,31.50493,74.33394,189
FRT15B,31.50469,74.33334,190
FRT15B,31.50453483,74.33269193,191
FRT15B,31.50453,74.3326,192
FRT15B,31.50455,74.33257,193
FRT15B,31.50457,74.33255,194
FRT15B,31.50461,74.33253,195
FRT15B,31.50464,74.33251,196
FRT15B,31.50468,74.3325,197
FRT15B,31.50472,74.3325,198
FRT15B,31.50476,74.3325,199
FRT15B,31.50479,74.33251,200
FRT15B,31.50483,74.33253,201
FRT15B,31.50485,74.33254,202
FRT15B,31.50487,74.33255,203
FRT15B,31.50488,74.33256,204
FRT15B,31.50489,74.33257,205
FRT15B,31.5049,74.3326,206
FRT15B,31.50504,74.33303,207
FRT15B,31.50505,74.33305,208
FRT15B,31.50506,74.33306,209
FRT15B,31.50508,74.33307,210
FRT15B,31.5051,74.33308,211
FRT15B,31.50513,74.33309,212
FRT15B,31.50521,74.33337,213
FRT15B,31.50528349,74.33356503,214
FRT15B,31.50538753,74.33382778,215
FRT15B,31.50542753,74.33392778,216
FRT15B,31.50549485,74.33405886,217
FRT15B,31.50558374,74.33421689,218
FRT15B,31.50565271,74.3343598,219
FRT15B,31.50584448,74.33466727,220
FRT15B,31.50617041,74.33516505,221
FRT15B,31.50632251,74.33539024,222
FRT15B,31.50666814,74.33589487,223
FRT15B,31.50681,74.33617,224
FRT15B,31.50687,74.33627,225
FRT15B,31.50688,74.3363,226
FRT15B,31.50692104,74.33636606,227
FRT15B,31.50699215,74.3364747,228
FRT15B,31.50708302,74.33666038,229
FRT15B,31.50722129,74.33685989,230
FRT15B,31.50781389,74.33771126,231
FRT15B,31.50786723,74.33780015,232
FRT15B,31.50793587,74.33789991,233
FRT15B,31.50859662,74.33889498,234
FRT15B,31.50893441,74.33933943,235
FRT15B,31.50901342,74.33942437,236
FRT15B,31.50906675,74.33948166,237
FRT15B,31.50915564,74.3395587,238
FRT15B,31.50924058,74.33965154,239
FRT15B,31.50942824,74.33979574,240
FRT15B,31.50955664,74.33987277,241
FRT15B,31.50973244,74.33997747,242
FRT15B,31.50984504,74.34005648,243
FRT15B,31.50990528,74.34009796,244
FRT15B,31.50998726,74.34013154,245
FRT15B,31.51006825,74.3401671,246
FRT15B,31.51014232,74.34019574,247
FRT15B,31.51021146,74.34021747,248
FRT15B,31.51026183,74.3402313,249
FRT15B,31.51031912,74.34023722,250
FRT15B,31.51034085,74.34023327,251
FRT15B,31.5103764,74.34023031,252
FRT15B,31.5104,74.34023,253
FRT15B,31.51045,74.34023,254
FRT15B,31.51053,74.34022,255
FRT15B,31.51058,74.34022,256
FRT15B,31.5106248,74.34022043,257
FRT15B,31.51068,74.34023,258
FRT15B,31.51073,74.34025,259
FRT15B,31.51082,74.34029,260
FRT15B,31.51088,74.34032,261
FRT15B,31.51094,74.34036,262
FRT15B,31.51101,74.34042,263
FRT15B,31.51117,74.34065,264
FRT15B,31.51132,74.34086,265
FRT15B,31.51134,74.34089,266
FRT15B,31.5114,74.34096,267
FRT15B,31.51155,74.34105,268
FRT15B,31.51172,74.34113,269
FRT15B,31.5122,74.34136,270
FRT15B,31.51229,74.3414,271
FRT15B,31.51286,74.34181,272
FRT15B,31.51307,74.34195,273
FRT15B,31.51333,74.34208,274
FRT15B,31.51401,74.34246,275
FRT15B,31.51466,74.34281,276
FRT15B,31.51514,74.34308,277
FRT15B,31.51535,74.34321,278
FRT15B,31.51544,74.34327,279
FRT15B,31.51565,74.34337,280
FRT15B,31.51598,74.34355,281
FRT15B,31.5163,74.34373,282
FRT15B,31.51675,74.34397,283
FRT15B,31.51679,74.344,284
FRT15B,31.51743,74.34435,285
FRT15B,31.5176,74.34445,286
FRT15B,31.5179,74.34462,287
FRT15B,31.51824,74.3448,288
FRT15B,31.51831,74.34484,289
FRT15B,31.51871,74.34507,290
FRT15B,31.51945,74.34549,291
FRT15B,31.5207,74.34621,292
FRT15B,31.52108,74.34639,293
FRT15B,31.52148,74.3466,294
FRT15B,31.52161,74.34668,295
FRT15B,31.52204818,74.34694251,296
FRT15B,31.5224,74.34713,297
FRT15B,31.52245,74.34716,298
FRT15B,31.52256,74.34723,299
FRT15B,31.52263,74.34727,300
FRT15B,31.52309,74.34756,301
FRT15B,31.52344,74.34775,302
FRT15B,31.52351,74.34765,303
FRT15B,31.52355,74.34762,304
FRT15B,31.52358,74.34758,305
FRT15B,31.52372,74.34724,306
FRT15B,31.52385,74.34693,307
FRT15B,31.52393,74.34671,308
FRT15B,31.52398,74.34661,309
FRT15B,31.52401,74.3464,310
FRT15B,31.52397,74.34636,311
FRT15B,31.52394,74.34631,312
FRT15B,31.52391,74.34625,313
FRT15B,31.5239,74.3462,314
FRT15B,31.52389,74.34614,315
FRT15B,31.52389,74.34608,316
FRT15B,31.5239,74.34602,317
FRT15B,31.52391,74.34596,318
FRT15B,31.52393,74.34592,319
FRT15B,31.52395,74.34588,320
FRT15B,31.52397,74.34585,321
FRT15B,31.524,74.34582,322
FRT15B,31.52402,74.34579,323
FRT15B,31.52405,74.34576,324
FRT15B,31.52409,74.34574,325
FRT15B,31.52412,74.34573,326
FRT15B,31.52417,74.34571,327
FRT15B,31.52422,74.3457,328
FRT15B,31.52428,74.34571,329
FRT15B,31.52433,74.34572,330
FRT15B,31.52438,74.34574,331
FRT15B,31.52442,74.34577,332
FRT15B,31.52446,74.3458,333
FRT15B,31.5245,74.34585,334
FRT15B,31.52454,74.34592,335
FRT15B,31.52456,74.34597,336
FRT15B,31.52457,74.34603,337
FRT15B,31.52458,74.34609,338
FRT15B,31.52458,74.34616,339
FRT15B,31.52457,74.34622,340
FRT15B,31.52455,74.34627,341
FRT15B,31.52453,74.34633,342
FRT15B,31.5245,74.34637,343
FRT15B,31.52446,74.34641,344
FRT15B,31.52443,74.34644,345
FRT15B,31.52438,74.34647,346
FRT15B,31.52434,74.34649,347
FRT15B,31.5243,74.3465,348
FRT15B,31.52425,74.34651,349
FRT15B,31.5242,74.3465,350
FRT15B,31.52406,74.34665,351
FRT15B,31.52387,74.34708,352
FRT15B,31.52386,74.3471,353
FRT15B,31.52366104,74.34756869,354
FRT15B,31.52365018,74.34761709,355
FRT15B,31.52364129,74.34768227,356
FRT15B,31.52367487,74.34776622,357
FRT15B,31.52369561,74.34778598,358
FRT15B,31.52372129,74.34782055,359
FRT15B,31.52377857,74.34791339,360
FRT15B,31.52396426,74.34801512,361
FRT15B,31.52448772,74.34832524,362
FRT15B,31.52476822,74.34852673,363
FRT15B,31.52503291,74.34868081,364
FRT15B,31.52516921,74.3487697,365
FRT15B,31.52531144,74.34885068,366
FRT15B,31.52546946,74.34893957,367
FRT15B,31.52558996,74.34900279,368
FRT15B,31.5258033,74.34911538,369
FRT15B,31.52622997,74.34935242,370
FRT15B,31.52674751,74.34963489,371
FRT15B,31.52725912,74.34988971,372
FRT15B,31.527589,74.35005169,373
FRT15B,31.52841864,74.35047244,374
FRT15B,31.52902507,74.35074898,375
FRT15B,31.52944779,74.35093664,376
FRT15B,31.52954854,74.35098998,377
FRT15B,31.52958607,74.35101763,378
FRT15B,31.52963348,74.35103343,379
FRT15B,31.52972335,74.35107195,380
FRT15B,31.52983891,74.35113417,381
FRT15B,31.5304,74.35144,382
FRT15B,31.53047,74.35148,383
FRT15B,31.53065,74.35156,384
FRT15B,31.53115,74.35179,385
FRT15B,31.53191,74.35214,386
FRT15B,31.532,74.35215,387
FRT15B,31.53205,74.35215,388
FRT15B,31.53209,74.35214,389
FRT15B,31.53212,74.35213,390
FRT15B,31.53217,74.35211,391
FRT15B,31.5322,74.35208,392
FRT15B,31.53226,74.35203,393
FRT15B,31.53236,74.35193,394
FRT15B,31.5325,74.35157,395
FRT15B,31.53278,74.35091,396
FRT15B,31.53302,74.35035,397
FRT15B,31.53307,74.35023,398
FRT15B,31.53311,74.35015,399
FRT15B,31.5332,74.35001,400
FRT15B,31.53362,74.34899,401
FRT15B,31.53386,74.34833,402
FRT15B,31.53404,74.34776,403
FRT15B,31.53409,74.34757,404
FRT15B,31.53419,74.34724,405
FRT15B,31.53428,74.34695,406
FRT15B,31.53436,74.34674,407
FRT15B,31.53445,74.3465,408
FRT15B,31.53452,74.3463,409
FRT15B,31.53453,74.34627,410
FRT15B,31.53458,74.34611,411
FRT15B,31.53461,74.34599,412
FRT15B,31.53463,74.34593,413
FRT15B,31.53463,74.34592,414
FRT15B,31.53464,74.34583,415
FRT15B,31.53465,74.34577,416
FRT15B,31.53467,74.34566,417
FRT15B,31.53470022,74.34553607,418
FRT15B,31.53471602,74.34540668,419
FRT15B,31.534718,74.34535137,420
FRT15B,31.53471898,74.34530792,421
FRT15B,31.5347259,74.34525261,422
FRT15B,31.53473084,74.34517656,423
FRT15B,31.53474466,74.3451173,424
FRT15B,31.53475059,74.34504223,425
FRT15B,31.53474466,74.34495334,426
FRT15B,31.53475059,74.34488026,427
FRT15B,31.53474763,74.34477161,428
FRT15B,31.53469741,74.34454296,429
FRT15B,31.53466741,74.34437296,430
FRT15B,31.53465182,74.34421654,431
FRT15B,31.53462515,74.34406148,432
FRT15B,31.5346133,74.34398246,433
FRT15B,31.53460145,74.34391333,434
FRT15B,31.5345896,74.34384617,435
FRT15B,31.53457182,74.34378592,436
FRT15B,31.53456491,74.34369209,437
FRT15B,31.53453429,74.34353011,438
FRT15B,31.5345254,74.34334641,439
FRT15B,31.53452441,74.34320912,440
FRT15B,31.53451651,74.3430027,441
FRT15B,31.53453,74.34278,442
FRT15B,31.53455,74.3426,443
FRT15B,31.53458,74.34246,444
FRT15B,31.53463,74.34231,445
FRT15B,31.53467,74.34216,446
FRT15B,31.53472,74.34203,447
FRT15B,31.53478,74.3419,448
FRT15B,31.53482,74.34181,449
FRT15B,31.53488,74.34172,450
FRT15B,31.53497,74.34154,451
FRT15B,31.53506,74.34141,452
FRT15B,31.53526,74.34111,453
FRT15B,31.53545,74.34083,454
FRT15B,31.53576,74.34042,455
FRT15B,31.53635,74.33964,456
FRT15B,31.53636,74.33963,457
FRT15B,31.53686,74.33895,458
FRT15B,31.53693,74.33885,459
FRT15B,31.53726,74.33829,460
FRT15B,31.53769384,74.33760509,461
FRT15B,31.53782421,74.33736607,462
FRT15B,31.53809088,74.33693545,463
FRT15B,31.53835,74.33645,464
FRT15B,31.5385,74.33619,465
FRT15B,31.53855,74.33613,466
FRT15B,31.53863,74.33602,467
FRT15B,31.5387,74.33592,468
FRT15B,31.53874,74.33587,469
FRT15B,31.53885,74.33572,470
FRT15B,31.53896,74.33558,471
FRT15B,31.53897,74.33557,472
FRT15B,31.53931,74.3352,473
FRT15B,31.53962,74.33486,474
FRT15B,31.53965,74.33482,475
FRT15B,31.54045,74.33394,476
FRT15B,31.54058,74.33382,477
FRT15B,31.54087,74.33353,478
FRT15B,31.5413,74.33319,479
FRT15B,31.54165,74.33289,480
FRT15B,31.54194,74.33261,481
FRT15B,31.54215,74.33232,482
FRT15B,31.54226,74.33209,483
FRT15B,31.54233,74.33183,484
FRT15B,31.54238,74.33161,485
FRT15B,31.54241,74.33119,486
FRT15B,31.54243,74.33087,487
FRT15B,31.54244,74.33072,488
FRT15B,31.54244,74.33062,489
FRT15B,31.54245,74.3304,490
FRT15B,31.54247,74.33021,491
FRT15B,31.54248799,74.33008102,492
FRT15B,31.54249,74.32999,493
FRT15B,31.54251,74.32987,494
FRT15B,31.54252552,74.32972546,495
FRT15B,31.54253539,74.32954176,496
FRT15B,31.54252,74.32946,497
FRT15B,31.54252,74.32938,498
FRT15B,31.54253,74.32933,499
FRT15B,31.54253,74.32932,500
FRT15B,31.54254,74.32923,501
FRT15B,31.54256,74.329,502
FRT15B,31.54259861,74.32871212,503
FRT15B,31.54263416,74.32847112,504
FRT15B,31.54267,74.3282,505
FRT15B,31.5427,74.32804,506
FRT15B,31.54276848,74.32771062,507
FRT15B,31.54284947,74.32700937,508
FRT15B,31.5428791,74.32674468,509
FRT15B,31.54293639,74.32612245,510
FRT15B,31.54299,74.32562,511
FRT15B,31.543,74.32556,512
FRT15B,31.54309,74.32476,513
FRT15B,31.54316,74.32404,514
FRT15B,31.54326,74.32294,515
FRT15B,31.54329,74.32266,516
FRT15B,31.5433,74.32232,517
FRT15B,31.54331,74.32216,518
FRT15B,31.54331,74.32196,519
FRT15B,31.54332,74.32184,520
FRT15B,31.54333,74.32174,521
FRT15B,31.54335,74.32164,522
FRT15B,31.54345,74.32142,523
FRT15B,31.54352,74.32129,524
FRT15B,31.54357,74.32121,525
FRT15B,31.54365,74.32111,526
FRT15B,31.54367,74.32108,527
FRT15B,31.54373,74.32102,528
FRT15B,31.54381,74.32094,529
FRT15B,31.54388,74.32086,530
FRT15B,31.54398,74.32077,531
FRT15B,31.54434,74.32048,532
FRT15B,31.54464,74.32022,533
FRT15B,31.54484,74.32002,534
FRT15B,31.54488,74.31998,535
FRT15B,31.54495,74.3199,536
FRT15B,31.54506,74.31977,537
FRT15B,31.5452,74.31956,538
FRT15B,31.54536,74.3193,539
FRT15B,31.54572557,74.31871296,540
FRT15B,31.5460673,74.31810653,541
FRT15B,31.54626878,74.31773121,542
FRT15B,31.5465078,74.31731244,543
FRT15B,31.54664607,74.31710503,544
FRT15B,31.54674089,74.31698058,545
FRT15B,31.54684756,74.31683639,546
FRT15B,31.54701744,74.3166191,547
FRT15B,31.54714386,74.31644132,548
FRT15B,31.54725448,74.31630502,549
FRT15B,31.54734,74.31618,550
FRT15B,31.54738,74.31604,551
FRT15B,31.54738,74.31601,552
FRT15B,31.54738,74.31598,553
FRT15B,31.54738,74.31595,554
FRT15B,31.54736,74.31592,555
FRT15B,31.54734,74.3159,556
FRT15B,31.54732,74.31587,557
FRT15B,31.5472209,74.3158744,558
FRT15B,31.54685,74.31602,559
FRT15B,31.5467,74.31608,560
FRT15B,31.54657,74.31612,561
FRT15B,31.54646,74.31615,562
FRT15B,31.54456999,74.3169154,563
FRT15B,31.54427,74.31704,564
FRT15B,31.54391,74.31718,565
FRT15B,31.54325047,74.31747442,566
FRT15B,31.54284552,74.31765615,567
FRT15B,31.54258873,74.31776479,568
FRT15B,31.54234576,74.31788331,569
FRT15B,31.54228,74.31788,570
FRT15B,31.54226,74.31785,571
FRT15B,31.54225,74.31783,572
FRT15B,31.54224,74.31779,573
FRT15B,31.54224,74.31774,574
FRT15B,31.54224,74.31771,575
FRT15B,31.54224,74.31767,576
FRT15B,31.54225,74.31763,577
FRT15B,31.54228,74.31755,578
FRT15B,31.54297,74.31735,579
FRT15B,31.54326,74.31723,580
FRT15B,31.54351,74.31711,581
FRT15B,31.5441,74.31691,582
FRT15B,31.54447,74.31674,583
FRT15B,31.545,74.31652,584
FRT15B,31.54526,74.31641,585
FRT15B,31.54538,74.31637,586
FRT15B,31.54555,74.31629,587
FRT15B,31.54611,74.31607,588
FRT15B,31.54646,74.31591,589
FRT15B,31.54658,74.31585,590
FRT15B,31.5467,74.31579,591
FRT15B,31.54711,74.31559,592
FRT15B,31.54744,74.31543,593
FRT15B,31.54763,74.31531,594
FRT15B,31.54778,74.31525,595
FRT15B,31.54791,74.3152,596
FRT15B,31.54805,74.31514,597
FRT15B,31.54849,74.31493,598
FRT15B,31.54893,74.31476,599
FRT15B,31.54906,74.31471,600
FRT15B,31.5492,74.31466,601
FRT15B,31.54933,74.31461,602
FRT15B,31.54951,74.31453,603
FRT15B,31.54954,74.31452,604
FRT15B,31.54983,74.3144,605
FRT15B,31.55,74.31437,606
FRT15B,31.55005,74.31437,607
FRT15B,31.55011,74.31439,608
FRT15B,31.55016,74.31441,609
FRT15B,31.55028,74.31437,610
FRT15B,31.55058,74.31426,611
FRT15B,31.55086,74.31415,612
FRT15B,31.55094441,74.3141203,613
FRT15B,31.55118145,74.31403733,614
FRT15B,31.55146195,74.31392869,615
FRT15B,31.55163578,74.31383387,616
FRT15B,31.55178985,74.31369955,617
FRT15B,31.55214,74.3134,618
FRT15B,31.55246,74.31307,619
FRT15B,31.55307,74.31245,620
FRT15B,31.5538,74.31163,621
FRT15B,31.55385,74.31157,622
FRT15B,31.55388,74.31153,623
FRT15B,31.55458,74.31072,624
FRT15B,31.55459,74.31072,625
FRT15B,31.55476,74.31057,626
FRT15B,31.55489,74.31048,627
FRT15B,31.55513,74.31037,628
FRT15B,31.55537,74.31028,629
FRT15B,31.55605,74.31006,630
FRT15B,31.55645,74.3099,631
FRT15B,31.55661,74.30982,632
FRT15B,31.55701,74.30965,633
FRT15B,31.55727,74.30955,634
FRT15B,31.55735,74.30951,635
FRT15B,31.55751,74.30945,636
FRT15B,31.55774,74.30936,637
FRT15B,31.55795,74.30929,638
FRT15B,31.55881,74.30908,639
FRT15B,31.55905,74.30903,640
FRT15B,31.55946,74.30896,641
FRT15B,31.55958,74.30894,642
FRT15B,31.55972,74.3089,643
FRT15B,31.55986,74.30886,644
FRT15B,31.56011,74.30878,645
FRT15B,31.56018,74.30874,646
FRT15B,31.5602,74.30873,647
FRT15B,31.56025,74.3087,648
FRT15B,31.56035,74.30862,649
FRT15B,31.56044,74.30854,650
FRT15B,31.56052,74.30845,651
FRT15B,31.56062,74.30833,652
FRT15B,31.56077,74.30809,653
FRT15B,31.56079,74.30806,654
FRT15B,31.56081,74.30803,655
FRT15B,31.56087,74.30793,656
FRT15B,31.56094,74.30784,657
FRT15B,31.56133073,74.30727377,658
FRT15B,31.56201815,74.30619919,659
FRT15B,31.56213272,74.30600561,660
FRT15B,31.56217618,74.30587919,661
FRT15B,31.56221569,74.30577844,662
FRT15B,31.56224334,74.30568955,663
FRT15B,31.56226112,74.30558091,664
FRT15B,31.56225124,74.30545646,665
FRT15B,31.56220383,74.30530239,666
FRT15B,31.56210309,74.30513448,667
FRT15B,31.56198852,74.30505942,668
FRT15B,31.5619905,74.30489349,669
FRT15B,31.56214,74.30489,670
FRT15B,31.56284,74.30483,671
FRT15B,31.56286,74.30483,672
FRT15B,31.56344,74.30479,673
FRT15B,31.56367,74.30476,674
FRT15B,31.56422,74.30469,675
FRT15B,31.56445967,74.30467226,676
FRT15B,31.56468,74.30465,677
FRT15B,31.56485,74.30464,678
FRT15B,31.56503,74.30462,679
FRT15B,31.56517,74.3046,680
FRT15B,31.56526,74.30456,681
FRT15B,31.56536,74.30452,682
FRT15B,31.5655,74.30444,683
FRT15B,31.56552,74.30442,684
FRT15B,31.56599,74.30401,685
FRT15B,31.56613,74.30391,686
FRT15B,31.56626,74.30381,687
FRT15B,31.56628,74.30379,688
FRT15B,31.56637,74.30374,689
FRT15B,31.56648,74.30369,690
FRT15B,31.56652,74.30367,691
FRT15B,31.56662,74.30364,692
FRT15B,31.56675,74.30364,693
FRT15B,31.56698,74.30366,694
FRT15B,31.56715,74.3037,695
FRT15B,31.56749,74.30383,696
FRT15B,31.56785,74.30397,697
FRT15B,31.56921,74.30447,698
FRT15B,31.56955,74.3046,699
FRT15B,31.56969,74.30466,700
FRT15B,31.5698,74.3047,701
FRT15B,31.57031,74.30489,702
FRT15B,31.57063,74.305,703
FRT15B,31.57065,74.30501,704
FRT15B,31.57069,74.30502,705
FRT15B,31.57081,74.30506,706
FRT15B,31.5710337,74.30513556,707
FRT15B,31.5715437,74.30533556,708
FRT15B,31.57161,74.30536,709
FRT15B,31.57164348,74.30537399,710
FRT15B,31.57182,74.30544,711
FRT15B,31.57189682,74.30547375,712
FRT15B,31.57196892,74.30551424,713
FRT15B,31.57209,74.30557,714
FRT15B,31.57215,74.30559,715
FRT15B,31.57237,74.30567,716
FRT15B,31.57266,74.30576,717
FRT15B,31.57288,74.30584,718
FRT15B,31.57301,74.30587,719
FRT15B,31.57321,74.30591,720
FRT15B,31.57358,74.30603,721
FRT15B,31.5739,74.30614,722
FRT15B,31.57402,74.30619,723
FRT15B,31.57428,74.30627,724
FRT15B,31.57453,74.30637,725
FRT15B,31.57485,74.30649,726
FRT15B,31.57534,74.30666,727
FRT15B,31.57562,74.30677,728
FRT15B,31.57577,74.30683,729
FRT15B,31.57618,74.30702,730
FRT15B,31.57622,74.30703,731
FRT15B,31.57633,74.30707,732
FRT15B,31.57654,74.30709,733
FRT15B,31.57661,74.30709,734
FRT15B,31.57667219,74.30709451,735
FRT15B,31.57674133,74.30709254,736
FRT15B,31.57679368,74.30708562,737
FRT15B,31.57687961,74.30707081,738
FRT15B,31.57696454,74.30704217,739
FRT15B,31.57711368,74.30698291,740
FRT15B,31.57726973,74.30688315,741
FRT15B,31.57742677,74.30677846,742
FRT15B,31.577889,74.30647524,743
FRT15B,31.57811814,74.30633796,744
FRT15B,31.57826135,74.30625401,745
FRT15B,31.57836901,74.30619376,746
FRT15B,31.57847667,74.30615129,747
FRT15B,31.57856556,74.30611376,748
FRT15B,31.5787542,74.30603771,749
FRT15B,31.57887371,74.30600314,750
FRT15B,31.57892507,74.30598931,751
FRT15B,31.57905,74.30597,752
FRT15B,31.57918285,74.3059666,753
FRT15B,31.57932,74.30596,754
FRT15B,31.57949298,74.30596857,755
FRT15B,31.57957792,74.30598042,756
FRT15B,31.57972,74.306,757
FRT15B,31.58008,74.30603,758
FRT15B,31.58044,74.30607,759
FRT15B,31.58053,74.30607,760
FRT15B,31.58129,74.3062,761
FRT15B,31.58126,74.30649,762
FRT15B,31.58075,74.30641,763
FRT15B,31.58071,74.3064,764
FRT16F,31.51857,74.32801,1
FRT16F,31.5184,74.32814,2
FRT16F,31.51818,74.32827,3
FRT16F,31.518,74.32835,4
FRT16F,31.51788,74.32839,5
FRT16F,31.51769,74.32845,6
FRT16F,31.51747,74.32851,7
FRT16F,31.51732,74.32853,8
FRT16F,31.51718,74.32854,9
FRT16F,31.51697,74.32855,10
FRT16F,31.51681,74.32855,11
FRT16F,31.51647,74.32854,12
FRT16F,31.51636,74.32853,13
FRT16F,31.51628,74.32852,14
FRT16F,31.51621,74.32851,15
FRT16F,31.51607,74.3285,16
FRT16F,31.51573,74.32854,17
FRT16F,31.51561,74.32854,18
FRT16F,31.51494,74.32855,19
FRT16F,31.51432,74.3286,20
FRT16F,31.51393,74.32864,21
FRT16F,31.51373,74.32869,22
FRT16F,31.5135,74.32873,23
FRT16F,31.51323,74.32874,24
FRT16F,31.51321,74.32874,25
FRT16F,31.51306,74.32875,26
FRT16F,31.51287,74.32878,27
FRT16F,31.51269,74.32882,28
FRT16F,31.51236,74.32888,29
FRT16F,31.51216,74.3289,30
FRT16F,31.51175,74.32896,31
FRT16F,31.51151,74.32902,32
FRT16F,31.51147,74.32903,33
FRT16F,31.51125,74.3291,34
FRT16F,31.51042,74.3294,35
FRT16F,31.51016,74.32949,36
FRT16F,31.50946,74.32971,37
FRT16F,31.50931,74.32976,38
FRT16F,31.50864,74.32998,39
FRT16F,31.50831,74.33011,40
FRT16F,31.50807,74.33019,41
FRT16F,31.50802,74.33021,42
FRT16F,31.50791,74.33025,43
FRT16F,31.50706,74.33059,44
FRT16F,31.5068,74.33068,45
FRT16F,31.50585,74.33103,46
FRT16F,31.5056,74.33113,47
FRT16F,31.50543,74.3312,48
FRT16F,31.50527,74.33127,49
FRT16F,31.50496,74.3314,50
FRT16F,31.50493,74.33142,51
FRT16F,31.50462,74.33154,52
FRT16F,31.50453,74.33157,53
FRT16F,31.50444,74.33161,54
FRT16F,31.50427,74.33167,55
FRT16F,31.50414,74.33172,56
FRT16F,31.5041,74.33174,57
FRT16F,31.50376,74.33188,58
FRT16F,31.5035,74.33198,59
FRT16F,31.50344,74.33201,60
FRT16F,31.50333,74.33205,61
FRT16F,31.50316,74.33212,62
FRT16F,31.50311,74.33214,63
FRT16F,31.50256,74.33236,64
FRT16F,31.5021,74.33256,65
FRT16F,31.50159,74.33278,66
FRT16F,31.501,74.33303,67
FRT16F,31.5008,74.33312,68
FRT16F,31.50078,74.33317,69
FRT16F,31.50077,74.33318,70
FRT16F,31.50076,74.33319,71
FRT16F,31.50075,74.3332,72
FRT16F,31.50047,74.33333,73
FRT16F,31.50039,74.33336,74
FRT16F,31.50034,74.33339,75
FRT16F,31.50031,74.33341,76
FRT16F,31.50027,74.33344,77
FRT16F,31.50022,74.3335,78
FRT16F,31.49963,74.33375,79
FRT16F,31.49949,74.33379,80
FRT16F,31.49942,74.33381,81
FRT16F,31.49936,74.33383,82
FRT16F,31.49925,74.33387,83
FRT16F,31.49915,74.33391,84
FRT16F,31.49903,74.33395,85
FRT16F,31.49893,74.33397,86
FRT16F,31.49888,74.33396,87
FRT16F,31.49883,74.33396,88
FRT16F,31.49879,74.33396,89
FRT16F,31.49873,74.33395,90
FRT16F,31.49863,74.33394,91
FRT16F,31.49861,74.33394,92
FRT16F,31.49847,74.33389,93
FRT16F,31.49845,74.33388,94
FRT16F,31.49828,74.33381,95
FRT16F,31.49822,74.33378,96
FRT16F,31.49815,74.33374,97
FRT16F,31.49807,74.33369,98
FRT16F,31.49787,74.33356,99
FRT16F,31.49775,74.33349,100
FRT16F,31.49764,74.33343,101
FRT16F,31.49751,74.33336,102
FRT16F,31.49734,74.33327,103
FRT16F,31.4971,74.33315,104
FRT16F,31.49681,74.333,105
FRT16F,31.49665324,74.33289045,106
FRT16F,31.49618852,74.3326,107
FRT16F,31.49587852,74.33243,108
FRT16F,31.49569322,74.33230575,109
FRT16F,31.49546803,74.33217735,110
FRT16F,31.49492482,74.33187117,111
FRT16F,31.49427888,74.33152747,112
FRT16F,31.49372579,74.33120746,113
FRT16F,31.4929159,74.33075511,114
FRT16F,31.49208428,74.33033041,115
FRT16F,31.49185119,74.33018819,116
FRT16F,31.49162205,74.33004991,117
FRT16F,31.49124871,74.32984843,118
FRT16F,31.49104723,74.32974374,119
FRT16F,31.49090698,74.32967262,120
FRT16F,31.49039932,74.32939213,121
FRT16F,31.49003783,74.32918076,122
FRT16F,31.4896882,74.32898916,123
FRT16F,31.48951041,74.32889237,124
FRT16F,31.48935436,74.32879755,125
FRT16F,31.4890788,74.3286573,126
FRT16F,31.48901,74.32863,127
FRT16F,31.48894942,74.32860002,128
FRT16F,31.48888457,74.32856543,129
FRT16F,31.48886942,74.3285615,130
FRT16F,31.48883732,74.32858619,131
FRT16F,31.48882497,74.32859557,132
FRT16F,31.48881263,74.32860446,133
FRT16F,31.48880201,74.32861088,134
FRT16F,31.48879287,74.32861582,135
FRT16F,31.48878,74.32862,136
FRT16F,31.48877065,74.32862446,137
FRT16F,31.48876448,74.32862668,138
FRT16F,31.48875,74.32863,139
FRT16F,31.48874,74.32863,140
FRT16F,31.48873,74.32863,141
FRT16F,31.48871,74.32863,142
FRT16F,31.4887,74.32863,143
FRT16F,31.48869,74.32863,144
FRT16F,31.48868053,74.32862668,145
FRT16F,31.48867,74.32862,146
FRT16F,31.48865855,74.32861532,147
FRT16F,31.48865,74.32861,148
FRT16F,31.48864,74.3286,149
FRT16F,31.48863,74.32859,150
FRT16F,31.48861657,74.32857952,151
FRT16F,31.48860497,74.32856742,152
FRT16F,31.4886,74.32856,153
FRT16F,31.48859,74.32855,154
FRT16F,31.48858,74.32854,155
FRT16F,31.48857336,74.32852643,156
FRT16F,31.48857,74.32851,157
FRT16F,31.4885667,74.32850224,158
FRT16F,31.48856472,74.32848866,159
FRT16F,31.48856176,74.32847557,160
FRT16F,31.48856,74.32846,161
FRT16F,31.48856,74.32845,162
FRT16F,31.48856,74.32844,163
FRT16F,31.48856,74.32842,164
FRT16F,31.48856127,74.32840149,165
FRT16F,31.48856546,74.32838223,166
FRT16F,31.48857,74.32837,167
FRT16F,31.48858,74.32835,168
FRT16F,31.48858275,74.32833754,169
FRT16F,31.48859,74.32832,170
FRT16F,31.4886,74.32831,171
FRT16F,31.48861,74.3283,172
FRT16F,31.48862,74.32829,173
FRT16F,31.48863,74.32828,174
FRT16F,31.48864,74.32827,175
FRT16F,31.48865,74.32826,176
FRT16F,31.48865781,74.32825334,177
FRT16F,31.48866843,74.32824717,178
FRT16F,31.48868003,74.32824297,179
FRT16F,31.48869,74.32824,180
FRT16F,31.48871,74.32824,181
FRT16F,31.48872,74.32824,182
FRT16F,31.48873,74.32824,183
FRT16F,31.48874,74.32824,184
FRT16F,31.48877905,74.32821976,185
FRT16F,31.48888769,74.32806371,186
FRT16F,31.48892325,74.32800248,187
FRT16F,31.4889667,74.32791951,188
FRT16F,31.48901016,74.32782272,189
FRT16F,31.48909708,74.32757975,190
FRT16F,31.48913461,74.32742963,191
FRT16F,31.48916,74.32729,192
FRT16F,31.48918,74.3272,193
FRT16F,31.48921,74.32701,194
FRT16F,31.48924128,74.32659406,195
FRT16F,31.48924,74.32639,196
FRT16F,31.48925,74.32615,197
FRT16F,31.48925,74.32573,198
FRT16F,31.48922,74.32534,199
FRT16F,31.4892,74.32519,200
FRT16F,31.48919,74.32509,201
FRT16F,31.48911,74.32479,202
FRT16F,31.48904,74.32455,203
FRT16F,31.489,74.32441,204
FRT16F,31.48899,74.32439,205
FRT16F,31.48894497,74.32419402,206
FRT16F,31.48886399,74.32398661,207
FRT16F,31.4887751,74.3237634,208
FRT16F,31.4886625,74.32352241,209
FRT16F,31.48857164,74.32336043,210
FRT16F,31.48847682,74.32316685,211
FRT16F,31.48835435,74.32292586,212
FRT16F,31.48822398,74.32272635,213
FRT16F,31.4880462,74.32247746,214
FRT16F,31.48782298,74.32223646,215
FRT16F,31.48763928,74.32203103,216
FRT16F,31.4875415,74.32193572,217
FRT16F,31.48749705,74.32189374,218
FRT16F,31.4874289,74.32182214,219
FRT16F,31.48707,74.32158,220
FRT16F,31.48693,74.32149,221
FRT16F,31.48664864,74.32132139,222
FRT16F,31.48648864,74.32122262,223
FRT16F,31.48630098,74.32111595,224
FRT16F,31.48606987,74.32101126,225
FRT16F,31.48567085,74.32091052,226
FRT16F,31.48546937,74.32085719,227
FRT16F,31.48528961,74.32081373,228
FRT16F,31.48511776,74.32078607,229
FRT16F,31.48480763,74.32076829,230
FRT16F,31.48453306,74.32077817,231
FRT16F,31.48427824,74.32078805,232
FRT16F,31.48399379,74.32080978,233
FRT16F,31.48383971,74.32082953,234
FRT16F,31.48374687,74.32084928,235
FRT16F,31.4836007,74.32089077,236
FRT16F,31.4831918,74.32103497,237
FRT16F,31.48278686,74.32120484,238
FRT16F,31.4825,74.32139,239
FRT16F,31.48233253,74.32147349,240
FRT16F,31.48221599,74.32157621,241
FRT16F,31.48209154,74.3216572,242
FRT16F,31.4820066,74.32173028,243
FRT16F,31.48193351,74.32179942,244
FRT16F,31.48186043,74.32185078,245
FRT16F,31.48173795,74.32196733,246
FRT16F,31.48157203,74.32212338,247
FRT16F,31.48143178,74.32227943,248
FRT16F,31.48133,74.32243,249
FRT16F,31.48117,74.32263,250
FRT16F,31.48103,74.32282,251
FRT16F,31.48077,74.32323,252
FRT16F,31.48069498,74.32338759,253
FRT16F,31.48061991,74.32352389,254
FRT16F,31.48053497,74.3237155,255
FRT16F,31.48049547,74.32380834,256
FRT16F,31.48042,74.32391,257
FRT16F,31.48023,74.3238,258
FRT16F,31.47994,74.32365,259
FRT16F,31.47903569,74.32308734,260
FRT16F,31.47840556,74.32273968,261
FRT16F,31.47740999,74.32220832,262
FRT16F,31.47668,74.32181,263
FRT16F,31.47629195,74.32156831,264
FRT16F,31.47604,74.32144,265
FRT16F,31.47584157,74.32134509,266
FRT16F,31.47571712,74.32127991,267
FRT16F,31.47544453,74.32112188,268
FRT16F,31.47511,74.32095,269
FRT16F,31.47452,74.32061,270
FRT16F,31.47432,74.3205,271
FRT16F,31.47401438,74.32031989,272
FRT16F,31.47360549,74.32013668,273
FRT16F,31.47356895,74.32011643,274
FRT16F,31.47355067,74.32012483,275
FRT16F,31.47353586,74.32013125,276
FRT16F,31.47352351,74.32013322,277
FRT16F,31.47350968,74.32013174,278
FRT16F,31.47349931,74.32012977,279
FRT16F,31.47348598,74.32012532,280
FRT16F,31.47347857,74.32012285,281
FRT16F,31.47347018,74.3201194,282
FRT16F,31.47345783,74.32011446,283
FRT16F,31.47344944,74.32011051,284
FRT16F,31.47343759,74.32010409,285
FRT16F,31.47342573,74.32009125,286
FRT16F,31.47341536,74.32008137,287
FRT16F,31.47340697,74.32005865,288
FRT16F,31.47340203,74.3200394,289
FRT16F,31.47318079,74.31990804,290
FRT16F,31.47286721,74.31973124,291
FRT16F,31.47265486,74.31959297,292
FRT16F,31.4724751,74.31950013,293
FRT16F,31.47240596,74.31946655,294
FRT16F,31.4723309,74.31942803,295
FRT16F,31.47219855,74.31936284,296
FRT16F,31.47203855,74.31926408,297
FRT16F,31.47192201,74.31920679,298
FRT16F,31.47161385,74.31904086,299
FRT16F,31.47118916,74.31882555,300
FRT16F,31.47100545,74.31874259,301
FRT16F,31.47066569,74.31851147,302
FRT16F,31.47045433,74.318389,303
FRT16F,31.47030816,74.31831196,304
FRT16F,31.47022124,74.31826258,305
FRT16F,31.47013038,74.31821517,306
FRT16F,31.47009284,74.31818159,307
FRT16F,31.47003655,74.31814702,308
FRT16F,31.46991704,74.31807492,309
FRT16F,31.46972543,74.31798998,310
FRT16F,31.46961086,74.31792282,311
FRT16F,31.46936592,74.31777862,312
FRT16F,31.46908345,74.31764035,313
FRT16F,31.46873974,74.31745664,314
FRT16F,31.46853628,74.31734405,315
FRT16F,31.46843751,74.31728874,316
FRT16F,31.46828344,74.31719787,317
FRT16F,31.46804,74.31707,318
FRT16F,31.46777577,74.31693515,319
FRT16F,31.46745577,74.31676132,320
FRT16F,31.4667644,74.31638206,321
FRT16F,31.46602,74.31599,322
FRT16F,31.46536,74.31567,323
FRT16F,31.46527,74.31563,324
FRT16F,31.4648,74.31535,325
FRT16F,31.46468634,74.31520673,326
FRT16F,31.46459745,74.31509216,327
FRT16F,31.46455597,74.31499142,328
FRT16F,31.46451647,74.31489463,329
FRT16F,31.4645,74.31479,330
FRT16F,31.46479,74.31404,331
FRT16F,31.46486,74.31385,332
FRT16F,31.46516,74.31308,333
FRT16F,31.46539,74.31251,334
FRT16F,31.46551796,74.31215286,335
FRT16F,31.46558512,74.31197903,336
FRT16F,31.46566611,74.31179137,337
FRT16F,31.46578,74.31147,338
FRT16F,31.46614,74.31051,339
FRT16F,31.4662,74.31038,340
FRT16F,31.46631,74.31009,341
FRT16F,31.46677,74.30887,342
FRT16F,31.46686,74.30865,343
FRT16F,31.46718,74.30784,344
FRT16F,31.46721,74.30777,345
FRT16F,31.46727,74.30762,346
FRT16F,31.46745,74.30717,347
FRT16F,31.46752,74.30705,348
FRT16F,31.46755,74.30698,349
FRT16F,31.46758,74.30689,350
FRT16F,31.4678,74.30633,351
FRT16F,31.46782,74.30627,352
FRT16F,31.46798,74.30587,353
FRT16F,31.46817,74.30538,354
FRT16F,31.46826,74.30513,355
FRT16F,31.46833,74.30493,356
FRT16F,31.4684,74.3048,357
FRT16F,31.46843,74.30473,358
FRT16F,31.46853,74.30458,359
FRT16F,31.46866,74.3044,360
FRT16F,31.46881,74.30422,361
FRT16F,31.46889,74.30413,362
FRT16F,31.46893,74.30408,363
FRT16F,31.469,74.30401,364
FRT16F,31.46905,74.30397,365
FRT16F,31.4692,74.30385,366
FRT16F,31.46932,74.30376,367
FRT16F,31.46943,74.30369,368
FRT16F,31.46962,74.30359,369
FRT16F,31.46979,74.3035,370
FRT16F,31.46988,74.30347,371
FRT16F,31.47004,74.30339,372
FRT16F,31.47016,74.30335,373
FRT16F,31.47048,74.30326,374
FRT16F,31.47083,74.30316,375
FRT16F,31.47083,74.30315,376
FRT16F,31.47092,74.30308,377
FRT16F,31.47101,74.303,378
FRT16F,31.47103,74.30298,379
FRT16F,31.47105,74.30296,380
FRT16F,31.47106,74.30292,381
FRT16F,31.47109,74.30285,382
FRT16F,31.4711,74.30278,383
FRT16F,31.4711,74.30275,384
FRT16F,31.4711,74.30268,385
FRT16F,31.47109,74.30254,386
FRT16F,31.47103,74.30237,387
FRT16F,31.47102,74.30234,388
FRT16F,31.47088,74.302,389
FRT16F,31.47075,74.30176,390
FRT16F,31.4707,74.30167,391
FRT16F,31.47038,74.30104,392
FRT16F,31.47029,74.30086,393
FRT16F,31.47005,74.30039,394
FRT16F,31.46950024,74.29929539,395
FRT16F,31.46906,74.29837,396
FRT16F,31.46895505,74.29810623,397
FRT16F,31.46876147,74.29769141,398
FRT16F,31.46850862,74.29724301,399
FRT16F,31.46838813,74.29704943,400
FRT16F,31.46821627,74.2967235,401
FRT16F,31.46801479,74.29637386,402
FRT16F,31.46783503,74.29600447,403
FRT16F,31.4672049,74.29484297,404
FRT16F,31.46682959,74.29412,405
FRT16F,31.46639,74.29334,406
FRT16F,31.4662,74.29298,407
FRT16F,31.46580439,74.2922217,408
FRT16F,31.46550018,74.29163898,409
FRT16F,31.46497474,74.29063353,410
FRT16F,31.46474956,74.29020291,411
FRT16F,31.46439795,74.28953524,412
FRT16F,31.4636,74.28807,413
FRT16F,31.46359,74.28805,414
FRT16F,31.46349,74.28785,415
FRT16F,31.46319,74.2873,416
FRT16F,31.46309,74.28713,417
FRT16F,31.46296,74.28691,418
FRT16F,31.46283,74.28669,419
FRT16F,31.46271,74.28649,420
FRT16F,31.46258,74.28627,421
FRT16F,31.46257,74.28626,422
FRT16F,31.46248,74.28612,423
FRT16F,31.46231791,74.28582951,424
FRT16F,31.46215989,74.28559444,425
FRT16F,31.46197026,74.28532777,426
FRT16F,31.4618063,74.28511444,427
FRT16F,31.46168383,74.28494456,428
FRT16F,31.46141519,74.28457912,429
FRT16F,31.46111888,74.28418208,430
FRT16F,31.46092925,74.28394701,431
FRT16F,31.46067246,74.28361318,432
FRT16F,31.46046101,74.28331783,433
FRT16F,31.45978238,74.28237819,434
FRT16F,31.45947895,74.2820454,435
FRT16F,31.45923,74.28171,436
FRT16F,31.45870245,74.28095568,437
FRT16F,31.45841207,74.28057722,438
FRT16F,31.45761273,74.27945161,439
FRT16F,31.4573,74.27908,440
FRT16F,31.45689,74.27854,441
FRT16F,31.45644,74.27794,442
FRT16F,31.45606134,74.27745977,443
FRT16F,31.45476,74.27568,444
FRT16F,31.45437,74.27519,445
FRT16F,31.45432,74.27512,446
FRT16F,31.45416,74.27492,447
FRT16F,31.45378,74.27441,448
FRT16F,31.4533,74.27376,449
FRT16F,31.45262,74.27282,450
FRT16F,31.45167,74.27155,451
FRT16F,31.45163,74.2715,452
FRT16F,31.45154,74.27137,453
FRT16F,31.45134,74.27112,454
FRT16F,31.4512,74.27095,455
FRT16F,31.45113,74.27089,456
FRT16F,31.45104,74.27081,457
FRT16F,31.45100425,74.27077136,458
FRT16F,31.45091616,74.27071263,459
FRT16F,31.45077587,74.27063759,460
FRT16F,31.45050996,74.27051851,461
FRT16F,31.45032073,74.27046794,462
FRT16F,31.45016739,74.27042389,463
FRT16F,31.4500532,74.27037169,464
FRT16F,31.4498085,74.27026728,465
FRT16F,31.44843,74.26976,466
FRT16F,31.44825,74.26979,467
FRT16F,31.44806,74.26981,468
FRT16F,31.44783,74.26985,469
FRT16F,31.44748,74.27014,470
FRT16F,31.44712,74.27052,471
FRT16F,31.44705,74.2706,472
FRT16F,31.44648,74.27118,473
FRT16F,31.44535,74.27233,474
FRT16F,31.44513,74.27256,475
FRT16F,31.44491,74.27282,476
FRT16F,31.44476,74.273,477
FRT16F,31.44444,74.27341,478
FRT16F,31.44442,74.27344,479
FRT16F,31.44432,74.27357,480
FRT16F,31.44274,74.27543,481
FRT16F,31.44253,74.27566,482
FRT16F,31.4425,74.2757,483
FRT16F,31.44239,74.27585,484
FRT16F,31.44231,74.27594,485
FRT16F,31.44232,74.27596,486
FRT16F,31.44233,74.276,487
FRT16F,31.44233,74.27605,488
FRT16F,31.44234,74.27609,489
FRT16F,31.44233,74.27614,490
FRT16F,31.44233,74.27616,491
FRT16F,31.44233,74.27618,492
FRT16F,31.44231,74.27622,493
FRT16F,31.4423,74.27626,494
FRT16F,31.44227,74.2763,495
FRT16F,31.44225,74.27634,496
FRT16F,31.44224,74.27634,497
FRT16F,31.44222,74.27637,498
FRT16F,31.44219,74.27639,499
FRT16F,31.44215,74.27641,500
FRT16F,31.44211,74.27642,501
FRT16F,31.44208,74.27643,502
FRT16F,31.44204,74.27643,503
FRT16F,31.442,74.27643,504
FRT16F,31.44199,74.27643,505
FRT16F,31.44196,74.27642,506
FRT16F,31.44192,74.27641,507
FRT16F,31.44189,74.27638,508
FRT16F,31.44186,74.27636,509
FRT16F,31.44183,74.27633,510
FRT16F,31.4418,74.27629,511
FRT16F,31.44178,74.27625,512
FRT16F,31.44177,74.27621,513
FRT16F,31.44175,74.27617,514
FRT16F,31.44175,74.27613,515
FRT16F,31.44175,74.27608,516
FRT16F,31.44175,74.27603,517
FRT16F,31.44176,74.27599,518
FRT16F,31.44177,74.27595,519
FRT16F,31.44178,74.27592,520
FRT16F,31.44179,74.27591,521
FRT16F,31.44181,74.27587,522
FRT16F,31.44184,74.27584,523
FRT16F,31.44187,74.27581,524
FRT16F,31.4419,74.27579,525
FRT16F,31.4419,74.27578,526
FRT16F,31.44194,74.27576,527
FRT16F,31.44197,74.27575,528
FRT16F,31.44201,74.27574,529
FRT16F,31.44205,74.27574,530
FRT16F,31.44209,74.27575,531
FRT16F,31.44213,74.27576,532
FRT16F,31.44217,74.27578,533
FRT16F,31.44219,74.27579,534
FRT16F,31.4422,74.2758,535
FRT16F,31.44221,74.2758,536
FRT16F,31.44236,74.27561,537
FRT16F,31.44238,74.27559,538
FRT16F,31.44336,74.27436,539
FRT16F,31.44414,74.27339,540
FRT16F,31.44426,74.27324,541
FRT16F,31.44473,74.27263,542
FRT16F,31.44482,74.27252,543
FRT16F,31.44499,74.27234,544
FRT16F,31.44643,74.27093,545
FRT16F,31.44754,74.26986,546
FRT16F,31.44774,74.26968,547
FRT16F,31.44787,74.26957,548
FRT16F,31.44789,74.26956,549
FRT16F,31.44797,74.26949,550
FRT16F,31.44818,74.26937,551
FRT16F,31.44822,74.26934,552
FRT16F,31.4486,74.26913,553
FRT16F,31.44876935,74.26901769,554
FRT16F,31.44929,74.26885,555
FRT16F,31.44971,74.26872,556
FRT16F,31.45043819,74.26846794,557
FRT16F,31.45092432,74.26832438,558
FRT16F,31.45132,74.2682,559
FRT16F,31.45153,74.26813,560
FRT16F,31.4517,74.26809,561
FRT16F,31.45198,74.26804,562
FRT16F,31.4522,74.26801,563
FRT16F,31.45225,74.268,564
FRT16F,31.45226,74.268,565
FRT16F,31.45244,74.268,566
FRT16F,31.45260131,74.26796876,567
FRT16F,31.45287211,74.26793287,568
FRT16F,31.45311681,74.26793287,569
FRT16F,31.45336477,74.26791003,570
FRT16F,31.45349854,74.26788393,571
FRT16F,31.45358989,74.2678774,572
FRT16F,31.45375303,74.2678513,573
FRT16F,31.45383459,74.26782846,574
FRT16F,31.45393573,74.26781541,575
FRT16F,31.45404666,74.26779257,576
FRT16F,31.45423263,74.26774363,577
FRT16F,31.45443165,74.26769469,578
FRT16F,31.45457195,74.26765554,579
FRT16F,31.45476444,74.26759029,580
FRT16F,31.454908,74.26755114,581
FRT16F,31.45513454,74.26747042,582
FRT16F,31.45540454,74.26736042,583
FRT16F,31.45557031,74.26727381,584
FRT16F,31.45568124,74.26721998,585
FRT16F,31.45580686,74.2671792,586
FRT16F,31.45589821,74.26713352,587
FRT16F,31.45602382,74.2670699,588
FRT16F,31.45611,74.26703,589
FRT16F,31.45629,74.26693,590
FRT16F,31.4568,74.26663,591
FRT16F,31.45707,74.26644,592
FRT16F,31.45722,74.26633,593
FRT16F,31.45733,74.26625,594
FRT16F,31.45752,74.2661,595
FRT16F,31.45758,74.26605,596
FRT16F,31.45767,74.26596,597
FRT16F,31.45773,74.26589,598
FRT16F,31.45779,74.26582,599
FRT16F,31.45785,74.26574,600
FRT16F,31.45802,74.26549,601
FRT16F,31.45812,74.26534,602
FRT16F,31.45861,74.26451,603
FRT16F,31.45869,74.26434,604
FRT16F,31.45871,74.26431,605
FRT16F,31.4592,74.26353,606
FRT16F,31.45972,74.26272,607
FRT16F,31.46025,74.26171,608
FRT16F,31.46041,74.26138,609
FRT16F,31.46064,74.26096,610
FRT16F,31.46066,74.26093,611
FRT16F,31.46097,74.26051,612
FRT16F,31.46116,74.26028,613
FRT16F,31.46144,74.26001,614
FRT16F,31.46171,74.2598,615
FRT16F,31.46191,74.25962,616
FRT16F,31.4621,74.25943,617
FRT16F,31.46226,74.2592,618
FRT16F,31.4627,74.25854,619
FRT16F,31.46305,74.25806,620
FRT16F,31.46319,74.25781,621
FRT16F,31.46366,74.25657,622
FRT16F,31.46373,74.25639,623
FRT16F,31.46388,74.25595,624
FRT16F,31.46428,74.25491,625
FRT16F,31.46441,74.25457,626
FRT16F,31.46448,74.25441,627
FRT16F,31.46452462,74.25431299,628
FRT16F,31.4646,74.25417,629
FRT16F,31.46478,74.25385,630
FRT16F,31.46501,74.2535,631
FRT16F,31.46526,74.25316,632
FRT16F,31.46529,74.25311,633
FRT16F,31.46567,74.2526,634
FRT16F,31.46599,74.2522,635
FRT16F,31.46655,74.25155,636
FRT16F,31.46741,74.2506,637
FRT16F,31.46758,74.25043,638
FRT16F,31.46781,74.25021,639
FRT16F,31.46793,74.2501,640
FRT16F,31.46809721,74.24994105,641
FRT16F,31.46827339,74.24979097,642
FRT16F,31.46857356,74.2495789,643
FRT16F,31.46884109,74.24939946,644
FRT16F,31.46989,74.2488,645
FRT16F,31.47143326,74.24783176,646
FRT16F,31.47178236,74.24761316,647
FRT16F,31.47191776,74.24747776,648
FRT16F,31.47191613,74.24742393,649
FRT16F,31.47189,74.24732,650
FRT16F,31.47185,74.24725,651
FRT16F,31.47159,74.24682,652
FRT16F,31.47146,74.24664,653
FRT16F,31.47133,74.24647,654
FRT16F,31.4712,74.24633,655
FRT16F,31.471,74.24612,656
FRT16F,31.47053,74.24569,657
FRT16F,31.47044,74.24555,658
FRT16F,31.47032,74.24532,659
FRT16F,31.47019,74.24507,660
FRT16F,31.47013,74.24489,661
FRT16F,31.47013,74.24487,662
FRT16F,31.4701,74.24479,663
FRT16F,31.47008,74.24475,664
FRT16F,31.47008,74.24473,665
FRT16F,31.47005,74.24464,666
FRT16F,31.46998,74.2444,667
FRT16F,31.46992,74.24415,668
FRT16F,31.46991,74.24409,669
FRT16F,31.46989,74.24398,670
FRT16F,31.46986,74.24372,671
FRT16F,31.46984,74.2435,672
FRT16F,31.46983,74.24315,673
FRT16F,31.46984,74.24293,674
FRT16F,31.46983,74.2428,675
FRT16F,31.46984,74.2427,676
FRT16F,31.46986,74.24255,677
FRT16F,31.4699,74.2424,678
FRT16F,31.46994,74.24228,679
FRT16F,31.47,74.24213,680
FRT16F,31.47016,74.24191,681
FRT16F,31.4703,74.24175,682
FRT16F,31.47034,74.24169,683
FRT16F,31.47039,74.24161,684
FRT16F,31.47044,74.24149,685
FRT16F,31.4705,74.24132,686
FRT16F,31.47051,74.24127,687
FRT16F,31.47053,74.24117,688
FRT16F,31.47055,74.24108,689
FRT16F,31.47055,74.24104,690
FRT16F,31.47055,74.24091,691
FRT16F,31.47055,74.24076,692
FRT16F,31.47054,74.24064,693
FRT16F,31.47054,74.2405,694
FRT16F,31.47045,74.2401,695
FRT16F,31.47035,74.23968,696
FRT16F,31.47028,74.23945,697
FRT16F,31.47027,74.23927,698
FRT16F,31.47017,74.23876,699
FRT16F,31.47016,74.2387,700
FRT16F,31.47014,74.23858,701
FRT16F,31.47005,74.23814,702
FRT16B,31.47009,74.23832,1
FRT16B,31.47005,74.23814,2
FRT16B,31.46991,74.23737,3
FRT16B,31.46984,74.237,4
FRT16B,31.4698,74.23675,5
FRT16B,31.46972,74.23636,6
FRT16B,31.4697,74.23621,7
FRT16B,31.46959,74.23566,8
FRT16B,31.46957,74.23554,9
FRT16B,31.46952,74.2353,10
FRT16B,31.46951,74.2352,11
FRT16B,31.46942673,74.2349525,12
FRT16B,31.46935822,74.23471106,13
FRT16B,31.46911,74.23403,14
FRT16B,31.469,74.23377,15
FRT16B,31.46896,74.23367,16
FRT16B,31.46885,74.23343,17
FRT16B,31.46883,74.23339,18
FRT16B,31.46873,74.23315,19
FRT16B,31.46884,74.23308,20
FRT16B,31.46888,74.23315,21
FRT16B,31.46903,74.23343,22
FRT16B,31.46923,74.23385,23
FRT16B,31.46966,74.23487,24
FRT16B,31.46979,74.2351,25
FRT16B,31.46986,74.23527,26
FRT16B,31.4699,74.23538,27
FRT16B,31.46994,74.23555,28
FRT16B,31.46998,74.2357,29
FRT16B,31.47004,74.23594,30
FRT16B,31.47015,74.23651,31
FRT16B,31.47022,74.23686,32
FRT16B,31.47034,74.23745,33
FRT16B,31.47034,74.23746,34
FRT16B,31.47037,74.23764,35
FRT16B,31.47044,74.23796,36
FRT16B,31.47051,74.23835,37
FRT16B,31.47056,74.23857,38
FRT16B,31.4706,74.23879,39
FRT16B,31.47061,74.23885,40
FRT16B,31.47071,74.23934,41
FRT16B,31.4708,74.23965,42
FRT16B,31.47091,74.24003,43
FRT16B,31.47096,74.24017,44
FRT16B,31.47099,74.2403,45
FRT16B,31.4712,74.24097,46
FRT16B,31.47142,74.24159,47
FRT16B,31.47149,74.2418,48
FRT16B,31.4715,74.24183,49
FRT16B,31.47161,74.24224,50
FRT16B,31.47144,74.24228,51
FRT16B,31.47143,74.24228,52
FRT16B,31.47139,74.24229,53
FRT16B,31.4713,74.24232,54
FRT16B,31.47124,74.24234,55
FRT16B,31.47118,74.24237,56
FRT16B,31.47112,74.24241,57
FRT16B,31.47108,74.24244,58
FRT16B,31.47085,74.2426,59
FRT16B,31.47079,74.24265,60
FRT16B,31.47077,74.24266,61
FRT16B,31.47074,74.24271,62
FRT16B,31.47058,74.24289,63
FRT16B,31.47049,74.24301,64
FRT16B,31.47043,74.24313,65
FRT16B,31.47038,74.24321,66
FRT16B,31.47032,74.24335,67
FRT16B,31.47028,74.24347,68
FRT16B,31.47024,74.24358,69
FRT16B,31.47023,74.24364,70
FRT16B,31.47021,74.24373,71
FRT16B,31.4702,74.24378,72
FRT16B,31.47018,74.24391,73
FRT16B,31.47018,74.24396,74
FRT16B,31.47014941,74.24426733,75
FRT16B,31.47013473,74.2444533,76
FRT16B,31.47017,74.24461,77
FRT16B,31.47019,74.2447,78
FRT16B,31.47021,74.24477,79
FRT16B,31.47026,74.24493,80
FRT16B,31.47033,74.24509,81
FRT16B,31.47038,74.24522,82
FRT16B,31.47044,74.24533,83
FRT16B,31.47052,74.24548,84
FRT16B,31.47057,74.24556,85
FRT16B,31.47063,74.24563,86
FRT16B,31.47075,74.24577,87
FRT16B,31.47101,74.24601,88
FRT16B,31.47117,74.24617,89
FRT16B,31.47128,74.24629,90
FRT16B,31.47142,74.24646,91
FRT16B,31.47152,74.24659,92
FRT16B,31.47163065,74.24670941,93
FRT16B,31.47175789,74.24689212,94
FRT16B,31.4719,74.24708,95
FRT16B,31.47197485,74.24722001,96
FRT16B,31.47204,74.24745,97
FRT16B,31.47206,74.24754,98
FRT16B,31.47206,74.24757,99
FRT16B,31.47206,74.2476,100
FRT16B,31.47205,74.24762,101
FRT16B,31.47187411,74.2478039,102
FRT16B,31.47093411,74.2483239,103
FRT16B,31.47066,74.24852,104
FRT16B,31.47015,74.24882,105
FRT16B,31.47011,74.24884,106
FRT16B,31.46997,74.24893,107
FRT16B,31.46992,74.24896,108
FRT16B,31.46917,74.24943,109
FRT16B,31.4689455,74.24957074,110
FRT16B,31.46852951,74.2498187,111
FRT16B,31.46830602,74.24997857,112
FRT16B,31.46813473,74.25010255,113
FRT16B,31.46792592,74.25029668,114
FRT16B,31.46771059,74.25048591,115
FRT16B,31.46748873,74.25075019,116
FRT16B,31.46711352,74.25113192,117
FRT16B,31.46680194,74.25146634,118
FRT16B,31.46659477,74.25171919,119
FRT16B,31.46625219,74.25213518,120
FRT16B,31.4658884,74.25259031,121
FRT16B,31.46567633,74.25284806,122
FRT16B,31.46560292,74.25296062,123
FRT16B,31.46547405,74.25309113,124
FRT16B,31.46529787,74.25332278,125
FRT16B,31.46512658,74.25359684,126
FRT16B,31.46497323,74.25385622,127
FRT16B,31.46478726,74.25417106,128
FRT16B,31.46451157,74.25468003,129
FRT16B,31.46445121,74.2548709,130
FRT16B,31.46437128,74.25507155,131
FRT16B,31.46423914,74.25538966,132
FRT16B,31.46405154,74.25591984,133
FRT16B,31.46396,74.25623,134
FRT16B,31.46384,74.25648,135
FRT16B,31.46378,74.25667,136
FRT16B,31.46372691,74.25680564,137
FRT16B,31.4635964,74.25711233,138
FRT16B,31.46351157,74.25745164,139
FRT16B,31.46344306,74.25759846,140
FRT16B,31.46339412,74.25770287,141
FRT16B,31.46332234,74.25783011,142
FRT16B,31.46326361,74.25796062,143
FRT16B,31.46318531,74.25810743,144
FRT16B,31.4630548,74.25830646,145
FRT16B,31.46280358,74.25872081,146
FRT16B,31.46244469,74.25922652,147
FRT16B,31.46224893,74.25947774,148
FRT16B,31.46207275,74.25966045,149
FRT16B,31.46177585,74.25990841,150
FRT16B,31.46148874,74.26020205,151
FRT16B,31.46130277,74.26034234,152
FRT16B,31.46117879,74.26049895,153
FRT16B,31.46099934,74.26069471,154
FRT16B,31.46069592,74.261158,155
FRT16B,31.46040228,74.26165066,156
FRT16B,31.46022284,74.2619965,157
FRT16B,31.45988352,74.26251199,158
FRT16B,31.45948874,74.26322325,159
FRT16B,31.45926688,74.26359845,160
FRT16B,31.45884927,74.26433255,161
FRT16B,31.45868613,74.26457724,162
FRT16B,31.45852626,74.26484152,163
FRT16B,31.45826525,74.26530155,164
FRT16B,31.45812496,74.26553972,165
FRT16B,31.45801403,74.26570285,166
FRT16B,31.45794551,74.26582031,167
FRT16B,31.45786395,74.26591166,168
FRT16B,31.45781827,74.26597692,169
FRT16B,31.45773344,74.26606827,170
FRT16B,31.4576062,74.26617594,171
FRT16B,31.45747896,74.26630644,172
FRT16B,31.45734845,74.26639453,173
FRT16B,31.45725384,74.26645326,174
FRT16B,31.45714291,74.26653809,175
FRT16B,31.45703524,74.26661965,176
FRT16B,31.45688189,74.26673711,177
FRT16B,31.45682317,74.26678931,178
FRT16B,31.45650017,74.26699486,179
FRT16B,31.45623916,74.26716125,180
FRT16B,31.45605,74.26728,181
FRT16B,31.45585,74.26738,182
FRT16B,31.45531,74.26761,183
FRT16B,31.4548,74.26779,184
FRT16B,31.45434,74.26792,185
FRT16B,31.45405,74.26801,186
FRT16B,31.45369,74.26809,187
FRT16B,31.45352,74.26812,188
FRT16B,31.45333,74.26814,189
FRT16B,31.45301,74.26817,190
FRT16B,31.45226,74.2682,191
FRT16B,31.45206,74.26822,192
FRT16B,31.4518,74.26827,193
FRT16B,31.45165,74.2683,194
FRT16B,31.4515,74.26834,195
FRT16B,31.45133,74.2684,196
FRT16B,31.45089006,74.26851851,197
FRT16B,31.45050996,74.26863923,198
FRT16B,31.45011029,74.26877626,199
FRT16B,31.44951323,74.26896223,200
FRT16B,31.44926527,74.26904053,201
FRT16B,31.44896,74.26912,202
FRT16B,31.44882,74.26918,203
FRT16B,31.44864,74.26928,204
FRT16B,31.44844,74.2694,205
FRT16B,31.44833,74.26947,206
FRT16B,31.44818,74.26957,207
FRT16B,31.44809,74.26963,208
FRT16B,31.44797,74.26971,209
FRT16B,31.44783,74.26985,210
FRT16B,31.44748,74.27014,211
FRT16B,31.44712,74.27052,212
FRT16B,31.44705,74.2706,213
FRT16B,31.44648,74.27118,214
FRT16B,31.44535,74.27233,215
FRT16B,31.44513,74.27256,216
FRT16B,31.44491,74.27282,217
FRT16B,31.44476,74.273,218
FRT16B,31.44444,74.27341,219
FRT16B,31.44442,74.27344,220
FRT16B,31.44432,74.27357,221
FRT16B,31.44274,74.27543,222
FRT16B,31.44253,74.27566,223
FRT16B,31.4425,74.2757,224
FRT16B,31.44239,74.27585,225
FRT16B,31.44231,74.27594,226
FRT16B,31.44232,74.27596,227
FRT16B,31.44233,74.276,228
FRT16B,31.44233,74.27605,229
FRT16B,31.44234,74.27609,230
FRT16B,31.44233,74.27614,231
FRT16B,31.44233,74.27616,232
FRT16B,31.44233,74.27618,233
FRT16B,31.44231,74.27622,234
FRT16B,31.4423,74.27626,235
FRT16B,31.44227,74.2763,236
FRT16B,31.44225,74.27634,237
FRT16B,31.44224,74.27634,238
FRT16B,31.44222,74.27637,239
FRT16B,31.44219,74.27639,240
FRT16B,31.44215,74.27641,241
FRT16B,31.44211,74.27642,242
FRT16B,31.44208,74.27643,243
FRT16B,31.44204,74.27643,244
FRT16B,31.442,74.27643,245
FRT16B,31.44199,74.27643,246
FRT16B,31.44196,74.27642,247
FRT16B,31.44192,74.27641,248
FRT16B,31.44189,74.27638,249
FRT16B,31.44186,74.27636,250
FRT16B,31.44183,74.27633,251
FRT16B,31.4418,74.27629,252
FRT16B,31.44178,74.27625,253
FRT16B,31.44177,74.27621,254
FRT16B,31.44175,74.27617,255
FRT16B,31.44175,74.27613,256
FRT16B,31.44175,74.27608,257
FRT16B,31.44175,74.27603,258
FRT16B,31.44176,74.27599,259
FRT16B,31.44177,74.27595,260
FRT16B,31.44178,74.27592,261
FRT16B,31.44179,74.27591,262
FRT16B,31.44181,74.27587,263
FRT16B,31.44184,74.27584,264
FRT16B,31.44187,74.27581,265
FRT16B,31.4419,74.27579,266
FRT16B,31.4419,74.27578,267
FRT16B,31.44194,74.27576,268
FRT16B,31.44197,74.27575,269
FRT16B,31.44201,74.27574,270
FRT16B,31.44205,74.27574,271
FRT16B,31.44209,74.27575,272
FRT16B,31.44213,74.27576,273
FRT16B,31.44217,74.27578,274
FRT16B,31.44219,74.27579,275
FRT16B,31.4422,74.2758,276
FRT16B,31.44221,74.2758,277
FRT16B,31.44236,74.27561,278
FRT16B,31.44238,74.27559,279
FRT16B,31.44336,74.27436,280
FRT16B,31.44414,74.27339,281
FRT16B,31.44426,74.27324,282
FRT16B,31.44473,74.27263,283
FRT16B,31.44482,74.27252,284
FRT16B,31.44499,74.27234,285
FRT16B,31.44643,74.27093,286
FRT16B,31.44754,74.26986,287
FRT16B,31.44774,74.26968,288
FRT16B,31.44787,74.26957,289
FRT16B,31.44789,74.26956,290
FRT16B,31.44797,74.26949,291
FRT16B,31.44818,74.26937,292
FRT16B,31.44822,74.26934,293
FRT16B,31.44844,74.2694,294
FRT16B,31.44867,74.26949,295
FRT16B,31.44904,74.26964,296
FRT16B,31.4492,74.2697,297
FRT16B,31.44937,74.26977,298
FRT16B,31.44981339,74.26997365,299
FRT16B,31.45012497,74.27012046,300
FRT16B,31.45032563,74.27019387,301
FRT16B,31.45052465,74.27029502,302
FRT16B,31.4508085,74.27041573,303
FRT16B,31.45100099,74.27053645,304
FRT16B,31.45121,74.27071,305
FRT16B,31.45143,74.27094,306
FRT16B,31.45146,74.27097,307
FRT16B,31.45158,74.27113,308
FRT16B,31.45173,74.27131,309
FRT16B,31.45295,74.27297,310
FRT16B,31.45298,74.27301,311
FRT16B,31.45394,74.27429,312
FRT16B,31.45505,74.27576,313
FRT16B,31.45543,74.2763,314
FRT16B,31.45581,74.2768,315
FRT16B,31.45593,74.27701,316
FRT16B,31.45601,74.27713,317
FRT16B,31.45610212,74.27723628,318
FRT16B,31.45623916,74.27741246,319
FRT16B,31.45654,74.27777,320
FRT16B,31.45661,74.27789,321
FRT16B,31.4569,74.27827,322
FRT16B,31.45719,74.27864,323
FRT16B,31.45741,74.27894,324
FRT16B,31.45763,74.27924,325
FRT16B,31.4578509,74.27947118,326
FRT16B,31.45801525,74.27971,327
FRT16B,31.45829525,74.2801,328
FRT16B,31.45863393,74.28048913,329
FRT16B,31.45887863,74.28082518,330
FRT16B,31.45932235,74.28148423,331
FRT16B,31.45956052,74.28178113,332
FRT16B,31.45988026,74.28222485,333
FRT16B,31.46078505,74.28343342,334
FRT16B,31.46125123,74.28405565,335
FRT16B,31.46139543,74.28422356,336
FRT16B,31.46160877,74.28452381,337
FRT16B,31.46191692,74.28495641,338
FRT16B,31.46213421,74.28522505,339
FRT16B,31.46237125,74.28558062,340
FRT16B,31.46264371,74.28599646,341
FRT16B,31.46282642,74.28628357,342
FRT16B,31.46300913,74.28657394,343
FRT16B,31.46327014,74.28703398,344
FRT16B,31.46346263,74.28738634,345
FRT16B,31.4635964,74.28764083,346
FRT16B,31.46374936,74.28793695,347
FRT16B,31.46458534,74.28943528,348
FRT16B,31.46493919,74.2901871,349
FRT16B,31.46511697,74.29050711,350
FRT16B,31.46568587,74.29157972,351
FRT16B,31.46720095,74.29442815,352
FRT16B,31.46775009,74.29545533,353
FRT16B,31.46815701,74.29619411,354
FRT16B,31.46838615,74.29662078,355
FRT16B,31.46874764,74.29733783,356
FRT16B,31.46920987,74.29819512,357
FRT16B,31.46956877,74.29904346,358
FRT16B,31.47026877,74.30037346,359
FRT16B,31.47052,74.30098,360
FRT16B,31.47077,74.30146,361
FRT16B,31.47086,74.30161,362
FRT16B,31.47106,74.30199,363
FRT16B,31.47107,74.302,364
FRT16B,31.47119,74.30229,365
FRT16B,31.47128,74.30252,366
FRT16B,31.47132,74.30262,367
FRT16B,31.47132,74.30264,368
FRT16B,31.47134,74.30273,369
FRT16B,31.47141,74.30297,370
FRT16B,31.47134,74.3031,371
FRT16B,31.4712,74.30327,372
FRT16B,31.47016,74.30364,373
FRT16B,31.47011,74.30366,374
FRT16B,31.46983,74.30376,375
FRT16B,31.4697,74.30382,376
FRT16B,31.46937,74.30399,377
FRT16B,31.46927,74.30404,378
FRT16B,31.46917,74.30412,379
FRT16B,31.46907,74.30421,380
FRT16B,31.46897,74.30433,381
FRT16B,31.46887,74.30444,382
FRT16B,31.46875,74.30458,383
FRT16B,31.46865,74.30473,384
FRT16B,31.46858,74.30483,385
FRT16B,31.46852,74.30493,386
FRT16B,31.46848,74.30502,387
FRT16B,31.46843,74.30513,388
FRT16B,31.46833,74.30537,389
FRT16B,31.4682,74.30572,390
FRT16B,31.46793,74.30643,391
FRT16B,31.46783,74.3067,392
FRT16B,31.46777,74.30686,393
FRT16B,31.46772,74.30705,394
FRT16B,31.46767,74.30716,395
FRT16B,31.46756,74.30739,396
FRT16B,31.46728,74.30812,397
FRT16B,31.46697,74.30893,398
FRT16B,31.46648,74.3102,399
FRT16B,31.46617,74.31096,400
FRT16B,31.46582216,74.31188619,401
FRT16B,31.46572537,74.31213903,402
FRT16B,31.46540537,74.31296077,403
FRT16B,31.46483,74.31444,404
FRT16B,31.46481277,74.31446005,405
FRT16B,31.46479,74.31452,406
FRT16B,31.46473869,74.31465462,407
FRT16B,31.4646903,74.3147771,408
FRT16B,31.46465178,74.31485018,409
FRT16B,31.4646419,74.31490747,410
FRT16B,31.46464585,74.31495093,411
FRT16B,31.46464881,74.31498154,412
FRT16B,31.46466264,74.315025,413
FRT16B,31.46467844,74.31505562,414
FRT16B,31.46474758,74.31508722,415
FRT16B,31.46480091,74.31511883,416
FRT16B,31.46493129,74.31520179,417
FRT16B,31.46546858,74.31547933,418
FRT16B,31.46616587,74.31587637,419
FRT16B,31.46676835,74.31625366,420
FRT16B,31.46736095,74.31657564,421
FRT16B,31.46772441,74.31674947,422
FRT16B,31.46806,74.31696,423
FRT16B,31.4684,74.31712,424
FRT16B,31.46872394,74.31730256,425
FRT16B,31.46893,74.31742,426
FRT16B,31.46918616,74.31754948,427
FRT16B,31.46941333,74.31769961,428
FRT16B,31.46953185,74.31775097,429
FRT16B,31.46971951,74.31783986,430
FRT16B,31.46983803,74.31791294,431
FRT16B,31.47004544,74.31802554,432
FRT16B,31.47024692,74.31815789,433
FRT16B,31.47041285,74.31824678,434
FRT16B,31.47064791,74.31837715,435
FRT16B,31.47093829,74.31857271,436
FRT16B,31.47105483,74.31864975,437
FRT16B,31.47114965,74.31870505,438
FRT16B,31.4714578,74.31884728,439
FRT16B,31.47174818,74.31900728,440
FRT16B,31.4720109,74.31915543,441
FRT16B,31.47231214,74.31934111,442
FRT16B,31.47238029,74.31936877,443
FRT16B,31.47242868,74.31939247,444
FRT16B,31.47251757,74.31945173,445
FRT16B,31.47261436,74.31948926,446
FRT16B,31.47276449,74.31957025,447
FRT16B,31.47316746,74.31978359,448
FRT16B,31.47328104,74.31984482,449
FRT16B,31.47333832,74.31987149,450
FRT16B,31.47339265,74.31989766,451
FRT16B,31.47342573,74.31990211,452
FRT16B,31.47346129,74.31990063,453
FRT16B,31.47347759,74.31990013,454
FRT16B,31.47349536,74.31990162,455
FRT16B,31.47350623,74.3199031,456
FRT16B,31.47352006,74.31990557,457
FRT16B,31.47354228,74.31991149,458
FRT16B,31.47356253,74.31992186,459
FRT16B,31.47357734,74.31993618,460
FRT16B,31.47358969,74.31996088,461
FRT16B,31.47359858,74.31998112,462
FRT16B,31.47361191,74.32002507,463
FRT16B,31.47362,74.32007,464
FRT16B,31.47362,74.32008,465
FRT16B,31.4738445,74.32018162,466
FRT16B,31.47428303,74.32041471,467
FRT16B,31.47453587,74.32056681,468
FRT16B,31.4751107,74.32088682,469
FRT16B,31.47545441,74.32108632,470
FRT16B,31.47573885,74.3212246,471
FRT16B,31.47587318,74.32132534,472
FRT16B,31.47599565,74.3213925,473
FRT16B,31.47626627,74.3215288,474
FRT16B,31.47667319,74.32176979,475
FRT16B,31.47758777,74.32224782,476
FRT16B,31.47842334,74.32267845,477
FRT16B,31.47886976,74.32295894,478
FRT16B,31.47967965,74.32338759,479
FRT16B,31.48019324,74.32370957,480
FRT16B,31.48039077,74.32382019,481
FRT16B,31.48049081,74.32365359,482
FRT16B,31.48056,74.32346,483
FRT16B,31.48068,74.32322,484
FRT16B,31.48071,74.32318,485
FRT16B,31.48072,74.32316,486
FRT16B,31.48095,74.3228,487
FRT16B,31.48104,74.32268,488
FRT16B,31.48113,74.32255,489
FRT16B,31.48122,74.32243,490
FRT16B,31.48132,74.32231,491
FRT16B,31.48141,74.32221,492
FRT16B,31.48151,74.3221,493
FRT16B,31.48161,74.32201,494
FRT16B,31.48174,74.3219,495
FRT16B,31.48185,74.32179,496
FRT16B,31.48201,74.32167,497
FRT16B,31.48212,74.32159,498
FRT16B,31.48219,74.32153,499
FRT16B,31.48233451,74.32137275,500
FRT16B,31.48250834,74.32127003,501
FRT16B,31.48264661,74.32120484,502
FRT16B,31.48283624,74.32110805,503
FRT16B,31.48304563,74.32100138,504
FRT16B,31.48318983,74.32095793,505
FRT16B,31.48339724,74.32086311,506
FRT16B,31.48351971,74.32080385,507
FRT16B,31.48359872,74.32077817,508
FRT16B,31.48372712,74.32074657,509
FRT16B,31.484,74.32073,510
FRT16B,31.48421898,74.32070903,511
FRT16B,31.48446195,74.32068928,512
FRT16B,31.48475232,74.32069323,513
FRT16B,31.4849459,74.32069521,514
FRT16B,31.48515924,74.32070508,515
FRT16B,31.48540418,74.32074262,516
FRT16B,31.48554838,74.32077817,517
FRT16B,31.48566888,74.32081175,518
FRT16B,31.48577752,74.32084336,519
FRT16B,31.48587826,74.32087299,520
FRT16B,31.48604814,74.3209283,521
FRT16B,31.4862279,74.32099546,522
FRT16B,31.48651,74.32117,523
FRT16B,31.48663,74.32124,524
FRT16B,31.48709,74.32149,525
FRT16B,31.48726,74.32161,526
FRT16B,31.48742,74.32172,527
FRT16B,31.4875,74.32179,528
FRT16B,31.48757,74.32185,529
FRT16B,31.48773409,74.32201128,530
FRT16B,31.48802447,74.32232535,531
FRT16B,31.4882062,74.32255252,532
FRT16B,31.48837213,74.32279549,533
FRT16B,31.48853015,74.3230266,534
FRT16B,31.4886704,74.32328537,535
FRT16B,31.48878,74.32356,536
FRT16B,31.48886,74.32376,537
FRT16B,31.48893,74.32395,538
FRT16B,31.48899,74.32412,539
FRT16B,31.48907,74.32434,540
FRT16B,31.48917,74.32466,541
FRT16B,31.48926,74.32504,542
FRT16B,31.48929,74.32515,543
FRT16B,31.48933,74.32547,544
FRT16B,31.48934,74.3256,545
FRT16B,31.48934,74.32595,546
FRT16B,31.48934,74.32615,547
FRT16B,31.48931,74.32665,548
FRT16B,31.4893,74.32701,549
FRT16B,31.48927,74.32716,550
FRT16B,31.48921,74.32751,551
FRT16B,31.48915,74.32776,552
FRT16B,31.48912,74.32784,553
FRT16B,31.48907,74.32798,554
FRT16B,31.48889954,74.32829581,555
FRT16B,31.48888522,74.32831754,556
FRT16B,31.48887189,74.32833976,557
FRT16B,31.48888,74.32836,558
FRT16B,31.4888867,74.32837384,559
FRT16B,31.48889,74.32839,560
FRT16B,31.48889608,74.32840396,561
FRT16B,31.48889559,74.32841433,562
FRT16B,31.48890102,74.32843162,563
FRT16B,31.48890004,74.32846421,564
FRT16B,31.4889109,74.32846964,565
FRT16B,31.48905,74.32855,566
FRT16B,31.48909,74.32858,567
FRT16B,31.48918,74.32863,568
FRT16B,31.48953,74.32883,569
FRT16B,31.48975,74.32896,570
FRT16B,31.4904,74.32933,571
FRT16B,31.49065,74.32947,572
FRT16B,31.49101,74.32965,573
FRT16B,31.49191,74.33016,574
FRT16B,31.49277,74.33061,575
FRT16B,31.49381,74.33118,576
FRT16B,31.49484,74.33177,577
FRT16B,31.49579,74.33232,578
FRT16B,31.49609,74.3325,579
FRT16B,31.49647,74.33268,580
FRT16B,31.49659,74.33274,581
FRT16B,31.49691,74.33287,582
FRT16B,31.4977,74.33333,583
FRT16B,31.49782,74.33341,584
FRT16B,31.49809,74.33353,585
FRT16B,31.49813,74.33354,586
FRT16B,31.49818,74.33357,587
FRT16B,31.49829,74.33364,588
FRT16B,31.49834,74.33366,589
FRT16B,31.4984,74.33367,590
FRT16B,31.49848,74.33367,591
FRT16B,31.49867,74.33366,592
FRT16B,31.4988,74.33367,593
FRT16B,31.49981,74.33326,594
FRT16B,31.5003,74.33305,595
FRT16B,31.50083,74.33285,596
FRT16B,31.5012,74.33271,597
FRT16B,31.50155,74.33254,598
FRT16B,31.50221,74.33229,599
FRT16B,31.50271,74.33209,600
FRT16B,31.50322,74.33188,601
FRT16B,31.50323,74.33187,602
FRT16B,31.50364,74.33172,603
FRT16B,31.50372,74.33169,604
FRT16B,31.5039,74.33162,605
FRT16B,31.50408,74.33155,606
FRT16B,31.50417,74.33151,607
FRT16B,31.50425,74.33147,608
FRT16B,31.50449,74.33137,609
FRT16B,31.50459,74.33133,610
FRT16B,31.50476,74.33127,611
FRT16B,31.50491,74.33121,612
FRT16B,31.50509,74.33114,613
FRT16B,31.50541,74.331,614
FRT16B,31.50556,74.33094,615
FRT16B,31.50558,74.33093,616
FRT16B,31.50598,74.33078,617
FRT16B,31.50697,74.33039,618
FRT16B,31.50712,74.33031,619
FRT16B,31.50724,74.33027,620
FRT16B,31.50743,74.33019,621
FRT16B,31.50759,74.33012,622
FRT16B,31.50785,74.33002,623
FRT16B,31.50801,74.32996,624
FRT16B,31.50819,74.3299,625
FRT16B,31.5082,74.3299,626
FRT16B,31.50871,74.32972,627
FRT16B,31.50888,74.32966,628
FRT16B,31.50906,74.3296,629
FRT16B,31.50923,74.32954,630
FRT16B,31.5096,74.32941,631
FRT16B,31.51027,74.32918,632
FRT16B,31.51055,74.32907,633
FRT16B,31.51081,74.32895,634
FRT16B,31.51131,74.32877,635
FRT16B,31.51164,74.32869,636
FRT16B,31.51183,74.32865,637
FRT16B,31.51184,74.32865,638
FRT16B,31.51219,74.32857,639
FRT16B,31.51253,74.32851,640
FRT16B,31.51255,74.32851,641
FRT16B,31.51271,74.32848,642
FRT16B,31.51273,74.32848,643
FRT16B,31.51312,74.32843,644
FRT16B,31.51343,74.32841,645
FRT16B,31.51366,74.3284,646
FRT16B,31.51398,74.32835,647
FRT16B,31.51511,74.32826,648
FRT16B,31.51546,74.32814,649
FRT16B,31.51559,74.32813,650
FRT16B,31.5157,74.32812,651
FRT16B,31.51587,74.3281,652
FRT16B,31.51617,74.32808,653
FRT16B,31.51627,74.32808,654
FRT16B,31.51634,74.32809,655
FRT16B,31.51678,74.32808,656
FRT16B,31.51707,74.32806,657
FRT16B,31.51731,74.32801,658
FRT16B,31.51743,74.32799,659
FRT16B,31.51745,74.32798,660
FRT16B,31.51753,74.32796,661
FRT16B,31.51765,74.32794,662
FRT16B,31.51773,74.32791,663
FRT16B,31.51785,74.32786,664
FRT16B,31.51789,74.32785,665
FRT16B,31.51795,74.32782,666
FRT16B,31.51805,74.32777,667
FRT16B,31.51824,74.32767,668
FRT16B,31.51844,74.32756,669
FRT16B,31.51855,74.32749,670
FRT16B,31.51858,74.32747,671
FRT16B,31.51867,74.32741,672
FRT16B,31.51868,74.3274,673
FRT16B,31.51871,74.32741,674
FRT16B,31.51874,74.32742,675
FRT16B,31.51877,74.32743,676
FRT16B,31.5188,74.32745,677
FRT16B,31.51883,74.32747,678
FRT16B,31.51887,74.32749,679
FRT16B,31.5189,74.32752,680
FRT16B,31.51894,74.32755,681
FRT16B,31.51898,74.32758,682
FRT16B,31.51903,74.32766,683
FRT16B,31.519,74.32768,684
FRT16B,31.51891,74.32777,685
FRT16B,31.51864,74.32796,686
FRT16B,31.5186,74.32799,687
FRT16B,31.51843,74.32812,688
FRT17F,31.3971,74.36199,1
FRT17F,31.39702,74.36199,2
FRT17F,31.39693,74.362,3
FRT17F,31.39665,74.36201,4
FRT17F,31.39653,74.36201,5
FRT17F,31.39649,74.36202,6
FRT17F,31.39637,74.36201,7
FRT17F,31.3963,74.36201,8
FRT17F,31.39623,74.36201,9
FRT17F,31.39616,74.36201,10
FRT17F,31.39598,74.36203,11
FRT17F,31.39598,74.36219,12
FRT17F,31.39599,74.36234,13
FRT17F,31.39602,74.36268,14
FRT17F,31.39607,74.36313,15
FRT17F,31.39623,74.36466,16
FRT17F,31.39626,74.3649,17
FRT17F,31.39639,74.36625,18
FRT17F,31.39641,74.3666,19
FRT17F,31.39641,74.36685,20
FRT17F,31.39641,74.36691,21
FRT17F,31.39642,74.36712,22
FRT17F,31.39645,74.36756,23
FRT17F,31.39649,74.36798,24
FRT17F,31.39653,74.36834,25
FRT17F,31.39656,74.36873,26
FRT17F,31.39659,74.36902,27
FRT17F,31.39661,74.3693,28
FRT17F,31.39661,74.36931,29
FRT17F,31.39661,74.36957,30
FRT17F,31.39661,74.36964,31
FRT17F,31.39659,74.36996,32
FRT17F,31.39655,74.3704,33
FRT17F,31.39655329,74.37046124,34
FRT17F,31.39655329,74.37055259,35
FRT17F,31.39655247,74.37061458,36
FRT17F,31.39655573,74.37069615,37
FRT17F,31.39656063,74.37075814,38
FRT17F,31.39655981,74.3707924,39
FRT17F,31.39656552,74.37083155,40
FRT17F,31.39656226,74.37095227,41
FRT17F,31.39656389,74.37101997,42
FRT17F,31.39657042,74.37106401,43
FRT17F,31.39657613,74.3711105,44
FRT17F,31.39659081,74.37116597,45
FRT17F,31.39660386,74.37124019,46
FRT17F,31.39663855,74.37136263,47
FRT17F,31.39666855,74.37149263,48
FRT17F,31.39683,74.37219,49
FRT17F,31.39685,74.37228,50
FRT17F,31.39692,74.37256,51
FRT17F,31.39708,74.37315,52
FRT17F,31.39725,74.37376,53
FRT17F,31.39737,74.37416,54
FRT17F,31.39738,74.3742,55
FRT17F,31.39748,74.3745,56
FRT17F,31.39749,74.37456,57
FRT17F,31.39758,74.37487,58
FRT17F,31.39772,74.37536,59
FRT17F,31.39776,74.37552,60
FRT17F,31.39784,74.37575,61
FRT17F,31.39784,74.37577,62
FRT17F,31.39799,74.37626,63
FRT17F,31.39801,74.37635,64
FRT17F,31.39809,74.37664,65
FRT17F,31.39809,74.37665,66
FRT17F,31.39819,74.37701,67
FRT17F,31.39823,74.37716,68
FRT17F,31.39851,74.37824,69
FRT17F,31.39859,74.37852,70
FRT17F,31.39867,74.37878,71
FRT17F,31.39899,74.37988,72
FRT17F,31.39907,74.38018,73
FRT17F,31.39923,74.38078,74
FRT17F,31.39939,74.3814,75
FRT17F,31.39962,74.38221,76
FRT17F,31.39964,74.3823,77
FRT17F,31.39977,74.38274,78
FRT17F,31.3998,74.38284,79
FRT17F,31.39992,74.38325,80
FRT17F,31.39993,74.38331,81
FRT17F,31.39997,74.38344,82
FRT17F,31.4,74.38361,83
FRT17F,31.40001,74.38364,84
FRT17F,31.40002,74.38372,85
FRT17F,31.40004,74.38383,86
FRT17F,31.40005,74.3841,87
FRT17F,31.40006,74.38448,88
FRT17F,31.40006,74.38489,89
FRT17F,31.40006,74.38526,90
FRT17F,31.40004,74.38589,91
FRT17F,31.40004,74.3861,92
FRT17F,31.40005,74.38629,93
FRT17F,31.40005,74.38694,94
FRT17F,31.40006,74.38715,95
FRT17F,31.40006,74.38732,96
FRT17F,31.40006,74.3877,97
FRT17F,31.40008,74.38816,98
FRT17F,31.40011,74.38941,99
FRT17F,31.40011,74.38957,100
FRT17F,31.40013,74.39008,101
FRT17F,31.40015,74.39071,102
FRT17F,31.40018,74.39131,103
FRT17F,31.4002261,74.39175724,104
FRT17F,31.40022865,74.39186903,105
FRT17F,31.40024985,74.3921904,106
FRT17F,31.40025,74.3925,107
FRT17F,31.40027,74.39291,108
FRT17F,31.40032,74.39344,109
FRT17F,31.40034,74.39353,110
FRT17F,31.40036,74.39365,111
FRT17F,31.40039,74.39384,112
FRT17F,31.40041,74.39395,113
FRT17F,31.40045,74.39415,114
FRT17F,31.40067,74.39496,115
FRT17F,31.40094,74.39591,116
FRT17F,31.40129716,74.39703705,117
FRT17F,31.40135263,74.3972426,118
FRT17F,31.40162,74.39811,119
FRT17F,31.40167,74.39831,120
FRT17F,31.40181,74.39872,121
FRT17F,31.402,74.3993,122
FRT17F,31.4021,74.39965,123
FRT17F,31.40214,74.39984,124
FRT17F,31.40216,74.39998,125
FRT17F,31.40217,74.40008,126
FRT17F,31.40217,74.40018,127
FRT17F,31.40216,74.40037,128
FRT17F,31.40212,74.40061,129
FRT17F,31.4021,74.40074,130
FRT17F,31.40205,74.40093,131
FRT17F,31.40182,74.4017,132
FRT17F,31.40173925,74.40203378,133
FRT17F,31.40169,74.40216,134
FRT17F,31.40164463,74.40236494,135
FRT17F,31.40160548,74.40250849,136
FRT17F,31.40158754,74.40261127,137
FRT17F,31.40155165,74.40280865,138
FRT17F,31.40154675,74.40311208,139
FRT17F,31.4015598,74.40328989,140
FRT17F,31.40156796,74.40338451,141
FRT17F,31.40157938,74.40345139,142
FRT17F,31.4015859,74.40353785,143
FRT17F,31.40159161,74.40360474,144
FRT17F,31.40159814,74.40363247,145
FRT17F,31.4016,74.40371,146
FRT17F,31.40169,74.4041,147
FRT17F,31.40174,74.40431,148
FRT17F,31.40194,74.40512,149
FRT17F,31.40195,74.40518,150
FRT17F,31.40209,74.40579,151
FRT17F,31.40213,74.40599,152
FRT17F,31.40219,74.40625,153
FRT17F,31.40226,74.40662,154
FRT17F,31.40252,74.40783,155
FRT17F,31.40259,74.40815,156
FRT17F,31.40265,74.40847,157
FRT17F,31.40271,74.40874,158
FRT17F,31.40276,74.409,159
FRT17F,31.40282,74.4093,160
FRT17F,31.40285,74.40945,161
FRT17F,31.40287,74.40956,162
FRT17F,31.40288,74.40965,163
FRT17F,31.40289,74.40979,164
FRT17F,31.40289,74.40994,165
FRT17F,31.40289,74.41014,166
FRT17F,31.40288,74.41031,167
FRT17F,31.40287,74.41087,168
FRT17F,31.40286,74.41115,169
FRT17F,31.40285,74.41139,170
FRT17F,31.40282,74.41178,171
FRT17F,31.40278,74.4122,172
FRT17F,31.40275,74.41255,173
FRT17F,31.40275,74.41256,174
FRT17F,31.40275,74.41267,175
FRT17F,31.40273,74.4129,176
FRT17F,31.4027,74.41339,177
FRT17F,31.4027,74.41359,178
FRT17F,31.4027,74.41377,179
FRT17F,31.40272,74.4139,180
FRT17F,31.40273,74.41397,181
FRT17F,31.40274,74.41404,182
FRT17F,31.40277,74.41414,183
FRT17F,31.40282,74.41425,184
FRT17F,31.40289,74.41439,185
FRT17F,31.40297,74.41457,186
FRT17F,31.40305,74.41472,187
FRT17F,31.40324,74.41505,188
FRT17F,31.40347,74.41544,189
FRT17F,31.40366,74.41576,190
FRT17F,31.40372,74.41586,191
FRT17F,31.40397,74.41628,192
FRT17F,31.40413,74.41653,193
FRT17F,31.40416,74.41657,194
FRT17F,31.40427,74.41674,195
FRT17F,31.40436,74.41688,196
FRT17F,31.40439,74.41692,197
FRT17F,31.40446,74.41701,198
FRT17F,31.40453,74.41711,199
FRT17F,31.40461958,74.41719206,200
FRT17F,31.40469958,74.41729206,201
FRT17F,31.4047735,74.41738286,202
FRT17F,31.40487979,74.41749553,203
FRT17F,31.40495131,74.41757046,204
FRT17F,31.4050443,74.41767976,205
FRT17F,31.40513076,74.41775806,206
FRT17F,31.40520417,74.41779721,207
FRT17F,31.4053102,74.41790325,208
FRT17F,31.40546,74.41804,209
FRT17F,31.4058,74.41827,210
FRT17F,31.40673,74.41891,211
FRT17F,31.40698,74.41908,212
FRT17F,31.4071,74.41917,213
FRT17F,31.40722,74.41926,214
FRT17F,31.40729,74.41932,215
FRT17F,31.40746,74.41945,216
FRT17F,31.40781,74.4197,217
FRT17F,31.40796,74.41982,218
FRT17F,31.40809,74.41994,219
FRT17F,31.40825,74.42008,220
FRT17F,31.40843,74.42025,221
FRT17F,31.40853,74.42034,222
FRT17F,31.40863,74.42045,223
FRT17F,31.40866,74.42048,224
FRT17F,31.40882,74.42065,225
FRT17F,31.40899,74.42084,226
FRT17F,31.40924,74.4211,227
FRT17F,31.40947,74.42136,228
FRT17F,31.4098,74.42172,229
FRT17F,31.41004,74.42198,230
FRT17F,31.41026,74.42222,231
FRT17F,31.41039,74.42237,232
FRT17F,31.41059,74.42258,233
FRT17F,31.41072,74.42272,234
FRT17F,31.41086,74.42288,235
FRT17F,31.41112,74.42317,236
FRT17F,31.41138,74.42345,237
FRT17F,31.41167,74.42376,238
FRT17F,31.41226,74.42442,239
FRT17F,31.41248,74.42465,240
FRT17F,31.4126,74.42479,241
FRT17F,31.4127,74.42492,242
FRT17F,31.41275,74.42497,243
FRT17F,31.41277,74.425,244
FRT17F,31.41282,74.42507,245
FRT17F,31.41289,74.42518,246
FRT17F,31.41296,74.4253,247
FRT17F,31.41303,74.42543,248
FRT17F,31.41309,74.42555,249
FRT17F,31.41313,74.42565,250
FRT17F,31.41321,74.42586,251
FRT17F,31.41336,74.42619,252
FRT17F,31.41346,74.42637,253
FRT17F,31.41356,74.42655,254
FRT17F,31.41369,74.42678,255
FRT17F,31.41379,74.42697,256
FRT17F,31.41387,74.42713,257
FRT17F,31.41388,74.42716,258
FRT17F,31.41416,74.42783,259
FRT17F,31.41432,74.42819,260
FRT17F,31.41435,74.42826,261
FRT17F,31.41437,74.42828,262
FRT17F,31.41449,74.42856,263
FRT17F,31.41459,74.42878,264
FRT17F,31.41464,74.4289,265
FRT17F,31.41471,74.42909,266
FRT17F,31.41473,74.42917,267
FRT17F,31.41476,74.42926,268
FRT17F,31.4148,74.42938,269
FRT17F,31.41485,74.42956,270
FRT17F,31.4149,74.42974,271
FRT17F,31.41494,74.4299,272
FRT17F,31.41501,74.43021,273
FRT17F,31.4151,74.43052,274
FRT17F,31.41516,74.43077,275
FRT17F,31.41529,74.43143,276
FRT17F,31.41538,74.43184,277
FRT17F,31.41547,74.43221,278
FRT17F,31.4155,74.43236,279
FRT17F,31.41555,74.43255,280
FRT17F,31.41559,74.43269,281
FRT17F,31.41563,74.43279,282
FRT17F,31.41568,74.43288,283
FRT17F,31.41576,74.43302,284
FRT17F,31.41586,74.43317,285
FRT17F,31.41592,74.43325,286
FRT17F,31.41605,74.43344,287
FRT17F,31.41633,74.43383,288
FRT17F,31.41646,74.43403,289
FRT17F,31.41649,74.43407,290
FRT17F,31.41653,74.43414,291
FRT17F,31.41658,74.43419,292
FRT17F,31.4166,74.43423,293
FRT17F,31.41666,74.43428,294
FRT17F,31.41673,74.43433,295
FRT17F,31.41682,74.43439,296
FRT17F,31.41725,74.43463,297
FRT17F,31.41754,74.43479,298
FRT17F,31.41758,74.43482,299
FRT17F,31.41765,74.43486,300
FRT17F,31.41774,74.43492,301
FRT17F,31.41791,74.43503,302
FRT17F,31.41813,74.43517,303
FRT17F,31.41834,74.43529,304
FRT17F,31.41849,74.43539,305
FRT17F,31.41858,74.43544,306
FRT17F,31.41882731,74.43555248,307
FRT17F,31.41900023,74.43568951,308
FRT17F,31.41915357,74.43579392,309
FRT17F,31.41926124,74.43587222,310
FRT17F,31.41942764,74.43598967,311
FRT17F,31.41956304,74.43606961,312
FRT17F,31.41972943,74.43621317,313
FRT17F,31.4198371,74.43632573,314
FRT17F,31.41995292,74.43643013,315
FRT17F,31.42004591,74.43651007,316
FRT17F,31.42012258,74.43659816,317
FRT17F,31.42018457,74.43668951,318
FRT17F,31.4202433,74.43682165,319
FRT17F,31.42031018,74.436944,320
FRT17F,31.42040643,74.43714628,321
FRT17F,31.42050104,74.43735509,322
FRT17F,31.42056956,74.43749538,323
FRT17F,31.42069028,74.43781186,324
FRT17F,31.42072617,74.43790974,325
FRT17F,31.42081752,74.4381577,326
FRT17F,31.42087625,74.43833714,327
FRT17F,31.42095781,74.43857695,328
FRT17F,31.42096,74.43868,329
FRT17F,31.42099,74.43876,330
FRT17F,31.42105,74.43893,331
FRT17F,31.42113,74.43916,332
FRT17F,31.42115,74.4392,333
FRT17F,31.42119,74.43934,334
FRT17F,31.42126,74.43955,335
FRT17F,31.42133,74.43978,336
FRT17F,31.4214,74.43997,337
FRT17F,31.42147,74.44019,338
FRT17F,31.4215,74.44026,339
FRT17F,31.42154,74.44039,340
FRT17F,31.42158,74.44051,341
FRT17F,31.42163,74.44066,342
FRT17F,31.42169,74.44083,343
FRT17F,31.42174,74.44097,344
FRT17F,31.42178,74.4411,345
FRT17F,31.42185,74.4413,346
FRT17F,31.42189,74.44147,347
FRT17F,31.42192,74.4416,348
FRT17F,31.42196,74.44189,349
FRT17F,31.42196,74.44199,350
FRT17F,31.42197,74.44204,351
FRT17F,31.42197,74.44206,352
FRT17F,31.42197,74.44218,353
FRT17F,31.42198,74.44239,354
FRT17F,31.42196,74.44301,355
FRT17F,31.42194,74.44374,356
FRT17F,31.42194,74.44382,357
FRT17F,31.4219,74.44474,358
FRT17F,31.42187,74.44534,359
FRT17F,31.42185,74.44561,360
FRT17F,31.42183,74.44606,361
FRT17F,31.42181,74.44648,362
FRT17F,31.4218,74.44686,363
FRT17F,31.42179,74.44711,364
FRT17F,31.42178,74.44726,365
FRT17F,31.42176,74.4477,366
FRT17F,31.42174,74.44803,367
FRT17F,31.42174,74.44838,368
FRT17F,31.42172,74.44901,369
FRT17F,31.42172,74.44918,370
FRT17F,31.42173,74.4497,371
FRT17F,31.42173,74.45011,372
FRT17F,31.42173,74.45026,373
FRT17F,31.42173,74.45027,374
FRT17F,31.42174,74.45042,375
FRT17F,31.42176,74.45098,376
FRT17F,31.42176,74.45163,377
FRT17F,31.42176,74.45181,378
FRT17F,31.42176,74.45203,379
FRT17F,31.42176,74.45248,380
FRT17F,31.42178,74.45292,381
FRT17F,31.42182,74.45343,382
FRT17F,31.42183,74.45363,383
FRT17F,31.42186,74.45397,384
FRT17F,31.42187,74.45404,385
FRT17F,31.42189,74.4542,386
FRT17F,31.42193,74.45445,387
FRT17F,31.422,74.45465,388
FRT17F,31.42204,74.4548,389
FRT17F,31.42209,74.45491,390
FRT17F,31.42216,74.45503,391
FRT17F,31.42225,74.45519,392
FRT17F,31.42235,74.45534,393
FRT17F,31.42274,74.45596,394
FRT17F,31.42285,74.45613,395
FRT17F,31.42291,74.45623,396
FRT17F,31.42302,74.45639,397
FRT17F,31.42309,74.45652,398
FRT17F,31.4231,74.45653,399
FRT17F,31.42321,74.45671,400
FRT17F,31.42332,74.4569,401
FRT17F,31.42343,74.45709,402
FRT17F,31.42366,74.45748,403
FRT17F,31.42395,74.45793,404
FRT17F,31.42419,74.45828,405
FRT17F,31.42428,74.4584,406
FRT17F,31.42442,74.45857,407
FRT17F,31.42468,74.45887,408
FRT17F,31.42483,74.45902,409
FRT17F,31.42517,74.45935,410
FRT17F,31.4255,74.45964,411
FRT17F,31.42584,74.45993,412
FRT17F,31.42602,74.4601,413
FRT17F,31.42623,74.46032,414
FRT17F,31.42672,74.46078,415
FRT17F,31.42699,74.46103,416
FRT17F,31.42719,74.46121,417
FRT17F,31.42851,74.46246,418
FRT17F,31.42878,74.46273,419
FRT17F,31.42929,74.46321,420
FRT17F,31.42957,74.46347,421
FRT17F,31.42987,74.46377,422
FRT17F,31.4301,74.46402,423
FRT17F,31.43015,74.46409,424
FRT17F,31.43032,74.46429,425
FRT17F,31.43055,74.46456,426
FRT17F,31.4313,74.46543,427
FRT17F,31.43158,74.46576,428
FRT17F,31.43205567,74.46625227,429
FRT17F,31.43210305,74.46633064,430
FRT17F,31.4324423,74.4667074,431
FRT17F,31.43248263,74.46675064,432
FRT17F,31.43326263,74.46763064,433
FRT17F,31.43327,74.46771,434
FRT17F,31.43331,74.46776,435
FRT17F,31.43372,74.46824,436
FRT17F,31.43396,74.46853,437
FRT17F,31.43399,74.46856,438
FRT17F,31.4348,74.46948,439
FRT17F,31.43501,74.4697,440
FRT17F,31.43564,74.47043,441
FRT17F,31.43646,74.47144,442
FRT17F,31.43702,74.47106,443
FRT17F,31.43776,74.47055,444
FRT17F,31.43811,74.47031,445
FRT17F,31.43846,74.47005,446
FRT17F,31.43858,74.46998,447
FRT17F,31.43869,74.46989,448
FRT17F,31.43886,74.46975,449
FRT17F,31.43901,74.4696,450
FRT17F,31.43989,74.46871,451
FRT17F,31.44026,74.46833,452
FRT17F,31.44074,74.46789,453
FRT17F,31.44202,74.46672,454
FRT17F,31.44247,74.46625,455
FRT17F,31.44299,74.46576,456
FRT17F,31.44355,74.46522,457
FRT17F,31.44376,74.46501,458
FRT17F,31.4439,74.46487,459
FRT17F,31.44402,74.46474,460
FRT17F,31.44416,74.4646,461
FRT17F,31.44428,74.46445,462
FRT17F,31.44436,74.46435,463
FRT17F,31.44441,74.46428,464
FRT17F,31.44452,74.46413,465
FRT17F,31.44463,74.46396,466
FRT17F,31.44473,74.46378,467
FRT17F,31.44526,74.46294,468
FRT17F,31.44536,74.46278,469
FRT17F,31.44537,74.46278,470
FRT17F,31.4455,74.46256,471
FRT17F,31.44556,74.46247,472
FRT17F,31.44565,74.46232,473
FRT17F,31.44587,74.46195,474
FRT17F,31.44599,74.46177,475
FRT17F,31.44611,74.46156,476
FRT17F,31.44622,74.46135,477
FRT17F,31.44632,74.46113,478
FRT17F,31.44642,74.46091,479
FRT17F,31.44652,74.46068,480
FRT17F,31.44661,74.46046,481
FRT17F,31.44666,74.46034,482
FRT17F,31.4467,74.46021,483
FRT17F,31.44676,74.46004,484
FRT17F,31.44681,74.4599,485
FRT17F,31.44687,74.45971,486
FRT17F,31.44691,74.45961,487
FRT17F,31.44695,74.45951,488
FRT17F,31.44718,74.45891,489
FRT17F,31.44725,74.45872,490
FRT17F,31.44731,74.45852,491
FRT17F,31.44743,74.45817,492
FRT17F,31.44755,74.45781,493
FRT17F,31.44759,74.45768,494
FRT17F,31.4476,74.45766,495
FRT17F,31.44766,74.4575,496
FRT17F,31.44769349,74.45743336,497
FRT17F,31.4484129,74.45784282,498
FRT17F,31.44877506,74.45801411,499
FRT17F,31.44894308,74.45812504,500
FRT17F,31.44914374,74.45826207,501
FRT17F,31.44930524,74.45838278,502
FRT17F,31.44941127,74.45846598,503
FRT17F,31.4495,74.45856,504
FRT17F,31.44959,74.45864,505
FRT17F,31.44966,74.45871,506
FRT17F,31.44973,74.45881,507
FRT17F,31.44989,74.45903,508
FRT17F,31.44996592,74.45913156,509
FRT17F,31.45003,74.45922,510
FRT17F,31.45005,74.45924,511
FRT17F,31.45013,74.45931,512
FRT17F,31.45031,74.45943,513
FRT17F,31.45045,74.45952,514
FRT17F,31.45056,74.4596,515
FRT17F,31.45066,74.45965,516
FRT17F,31.45073,74.45968,517
FRT17F,31.45082,74.45971,518
FRT17F,31.45099,74.45975,519
FRT17F,31.45123,74.45981,520
FRT17F,31.45147,74.45987,521
FRT17F,31.45158,74.45991,522
FRT17F,31.45167,74.45995,523
FRT17F,31.45176,74.46,524
FRT17F,31.45179,74.46003,525
FRT17F,31.45185,74.46008,526
FRT17F,31.45197,74.46018,527
FRT17F,31.45214,74.46036,528
FRT17F,31.45224813,74.46050024,529
FRT17F,31.45250262,74.4607482,530
FRT17F,31.4526527,74.46089502,531
FRT17F,31.45279299,74.46101247,532
FRT17F,31.45296265,74.4611495,533
FRT17F,31.4531943,74.46132568,534
FRT17F,31.45347815,74.46155081,535
FRT17F,31.45371,74.46164,536
FRT17F,31.45372,74.46163,537
FRT17F,31.45397,74.46152,538
FRT17F,31.45409,74.46147,539
FRT17F,31.45435,74.4614,540
FRT17F,31.45464,74.46136,541
FRT17F,31.45487,74.46136,542
FRT17F,31.45503,74.46136,543
FRT17F,31.45521,74.46138,544
FRT17F,31.45559,74.46147,545
FRT17F,31.45589,74.4615,546
FRT17F,31.45628,74.46149,547
FRT17F,31.45659,74.46149,548
FRT17F,31.45682,74.46151,549
FRT17F,31.45709641,74.46153776,550
FRT17F,31.45730196,74.46158017,551
FRT17F,31.45747162,74.4616389,552
FRT17F,31.45758,74.46167,553
FRT17F,31.45763249,74.4616368,554
FRT17F,31.45768353,74.46161824,555
FRT17F,31.45774538,74.46161206,556
FRT17F,31.45780569,74.46162907,557
FRT17F,31.45785673,74.46165845,558
FRT17F,31.45789848,74.46171103,559
FRT17F,31.45794642,74.46180691,560
FRT17F,31.45794797,74.46190433,561
FRT17F,31.45791549,74.46204197,562
FRT17F,31.45785518,74.46215176,563
FRT17F,31.45777477,74.46219506,564
FRT17F,31.45719021,74.46382578,565
FRT17F,31.45682989,74.463675,566
FRT17F,31.45706341,74.46305179,567
FRT17B,31.45696,74.46336,1
FRT17B,31.45732,74.4624,2
FRT17B,31.45739821,74.46221149,3
FRT17B,31.45746,74.46206,4
FRT17B,31.45746346,74.46201899,5
FRT17B,31.45744,74.462,6
FRT17B,31.45726281,74.46190317,7
FRT17B,31.45714046,74.46183955,8
FRT17B,31.4569708,74.46176777,9
FRT17B,31.45685172,74.46174004,10
FRT17B,31.45657929,74.46170741,11
FRT17B,31.4562677,74.46170904,12
FRT17B,31.45582398,74.46172536,13
FRT17B,31.45547,74.46172,14
FRT17B,31.45546,74.46172,15
FRT17B,31.45523,74.46167,16
FRT17B,31.45518,74.46166,17
FRT17B,31.45489,74.46163,18
FRT17B,31.45458,74.46166,19
FRT17B,31.45405,74.46178,20
FRT17B,31.45404,74.46178,21
FRT17B,31.45378,74.46189,22
FRT17B,31.4535,74.46205,23
FRT17B,31.45317,74.4623,24
FRT17B,31.45284,74.46254,25
FRT17B,31.45272,74.46232,26
FRT17B,31.45296,74.46214,27
FRT17B,31.45324976,74.46194232,28
FRT17B,31.45331828,74.4617955,29
FRT17B,31.45331502,74.46163563,30
FRT17B,31.45324976,74.46152797,31
FRT17B,31.45314536,74.46146271,32
FRT17B,31.45296,74.46129,33
FRT17B,31.45281,74.46118,34
FRT17B,31.45276,74.46115,35
FRT17B,31.45264,74.46106,36
FRT17B,31.45248,74.46091,37
FRT17B,31.45222,74.46067,38
FRT17B,31.45204,74.46049,39
FRT17B,31.45187,74.46032,40
FRT17B,31.4518,74.46026,41
FRT17B,31.45175,74.46022,42
FRT17B,31.45167,74.46014,43
FRT17B,31.45158,74.46009,44
FRT17B,31.45149,74.46005,45
FRT17B,31.45138,74.46001,46
FRT17B,31.45115,74.45995,47
FRT17B,31.45091,74.45989,48
FRT17B,31.45084,74.45988,49
FRT17B,31.45074,74.45985,50
FRT17B,31.45065,74.45983,51
FRT17B,31.45058,74.4598,52
FRT17B,31.45048,74.45974,53
FRT17B,31.45037,74.45967,54
FRT17B,31.45024,74.45958,55
FRT17B,31.45010568,74.45945347,56
FRT17B,31.45000568,74.45936347,57
FRT17B,31.44995776,74.45930122,58
FRT17B,31.44992187,74.45924738,59
FRT17B,31.44986641,74.45916419,60
FRT17B,31.44975385,74.45902552,61
FRT17B,31.44965271,74.45890807,62
FRT17B,31.44959,74.45885,63
FRT17B,31.44952,74.45877,64
FRT17B,31.44944,74.45868,65
FRT17B,31.4493607,74.45860954,66
FRT17B,31.44928077,74.45854265,67
FRT17B,31.44920573,74.45846924,68
FRT17B,31.44905728,74.4583681,69
FRT17B,31.44884684,74.45821802,70
FRT17B,31.4487098,74.45813319,71
FRT17B,31.4476315,74.4575916,72
FRT17B,31.44759,74.45768,73
FRT17B,31.44755,74.45781,74
FRT17B,31.44743,74.45817,75
FRT17B,31.44731,74.45852,76
FRT17B,31.44725,74.45872,77
FRT17B,31.44718,74.45891,78
FRT17B,31.44695,74.45951,79
FRT17B,31.44691,74.45961,80
FRT17B,31.44687,74.45971,81
FRT17B,31.44681,74.4599,82
FRT17B,31.44676,74.46004,83
FRT17B,31.4467,74.46021,84
FRT17B,31.44666,74.46034,85
FRT17B,31.44661,74.46046,86
FRT17B,31.44652,74.46068,87
FRT17B,31.44642,74.46091,88
FRT17B,31.44632,74.46113,89
FRT17B,31.44622,74.46135,90
FRT17B,31.44611,74.46156,91
FRT17B,31.44599,74.46177,92
FRT17B,31.44587,74.46195,93
FRT17B,31.44565,74.46232,94
FRT17B,31.44556,74.46247,95
FRT17B,31.4455,74.46256,96
FRT17B,31.44537,74.46278,97
FRT17B,31.44536,74.46278,98
FRT17B,31.44526,74.46294,99
FRT17B,31.44473,74.46378,100
FRT17B,31.44463,74.46396,101
FRT17B,31.44452,74.46413,102
FRT17B,31.44441,74.46428,103
FRT17B,31.44436,74.46435,104
FRT17B,31.44428,74.46445,105
FRT17B,31.44416,74.4646,106
FRT17B,31.44402,74.46474,107
FRT17B,31.4439,74.46487,108
FRT17B,31.44376,74.46501,109
FRT17B,31.44355,74.46522,110
FRT17B,31.44299,74.46576,111
FRT17B,31.44247,74.46625,112
FRT17B,31.44202,74.46672,113
FRT17B,31.44074,74.46789,114
FRT17B,31.44026,74.46833,115
FRT17B,31.43989,74.46871,116
FRT17B,31.43901,74.4696,117
FRT17B,31.43886,74.46975,118
FRT17B,31.43869,74.46989,119
FRT17B,31.43858,74.46998,120
FRT17B,31.43846,74.47005,121
FRT17B,31.43811,74.47031,122
FRT17B,31.43776,74.47055,123
FRT17B,31.43702,74.47106,124
FRT17B,31.43646,74.47144,125
FRT17B,31.43564,74.47043,126
FRT17B,31.43501,74.4697,127
FRT17B,31.4348,74.46948,128
FRT17B,31.43399,74.46856,129
FRT17B,31.43396,74.46853,130
FRT17B,31.43372,74.46824,131
FRT17B,31.43331,74.46776,132
FRT17B,31.43327,74.46771,133
FRT17B,31.43326915,74.46765348,134
FRT17B,31.43248915,74.46677347,135
FRT17B,31.43246915,74.46673716,136
FRT17B,31.43212915,74.46633716,137
FRT17B,31.43205567,74.46625227,138
FRT17B,31.43180445,74.46595537,139
FRT17B,31.43158,74.46576,140
FRT17B,31.4313,74.46543,141
FRT17B,31.43055,74.46456,142
FRT17B,31.43032,74.46429,143
FRT17B,31.43015,74.46409,144
FRT17B,31.4301,74.46402,145
FRT17B,31.42987,74.46377,146
FRT17B,31.42957,74.46347,147
FRT17B,31.42929,74.46321,148
FRT17B,31.42878,74.46273,149
FRT17B,31.42851,74.46246,150
FRT17B,31.42719,74.46121,151
FRT17B,31.42699,74.46103,152
FRT17B,31.42672,74.46078,153
FRT17B,31.42623,74.46032,154
FRT17B,31.42602,74.4601,155
FRT17B,31.42584,74.45993,156
FRT17B,31.4255,74.45964,157
FRT17B,31.42517,74.45935,158
FRT17B,31.42483,74.45902,159
FRT17B,31.42468,74.45887,160
FRT17B,31.42442,74.45857,161
FRT17B,31.42428,74.4584,162
FRT17B,31.42419,74.45828,163
FRT17B,31.42395,74.45793,164
FRT17B,31.42366,74.45748,165
FRT17B,31.42343,74.45709,166
FRT17B,31.42332,74.4569,167
FRT17B,31.42321,74.45671,168
FRT17B,31.4231,74.45653,169
FRT17B,31.42309,74.45652,170
FRT17B,31.42302,74.45639,171
FRT17B,31.42291,74.45623,172
FRT17B,31.42285,74.45613,173
FRT17B,31.42274,74.45596,174
FRT17B,31.42235,74.45534,175
FRT17B,31.42225,74.45519,176
FRT17B,31.42216,74.45503,177
FRT17B,31.42209,74.45491,178
FRT17B,31.42204,74.4548,179
FRT17B,31.422,74.45465,180
FRT17B,31.42193,74.45445,181
FRT17B,31.42189,74.4542,182
FRT17B,31.42187,74.45404,183
FRT17B,31.42186,74.45397,184
FRT17B,31.42183,74.45363,185
FRT17B,31.42182,74.45343,186
FRT17B,31.42178,74.45292,187
FRT17B,31.42176,74.45248,188
FRT17B,31.42176,74.45203,189
FRT17B,31.42176,74.45181,190
FRT17B,31.42176,74.45163,191
FRT17B,31.42176,74.45098,192
FRT17B,31.42174,74.45042,193
FRT17B,31.42173,74.45027,194
FRT17B,31.42173,74.45026,195
FRT17B,31.42173,74.45011,196
FRT17B,31.42173,74.4497,197
FRT17B,31.42172,74.44918,198
FRT17B,31.42172,74.44901,199
FRT17B,31.42174,74.44838,200
FRT17B,31.42174,74.44803,201
FRT17B,31.42176,74.4477,202
FRT17B,31.42178,74.44726,203
FRT17B,31.42179,74.44711,204
FRT17B,31.4218,74.44686,205
FRT17B,31.42181,74.44648,206
FRT17B,31.42183,74.44606,207
FRT17B,31.42185,74.44561,208
FRT17B,31.42187,74.44534,209
FRT17B,31.4219,74.44474,210
FRT17B,31.42194,74.44382,211
FRT17B,31.42194,74.44374,212
FRT17B,31.42196,74.44301,213
FRT17B,31.42198,74.44239,214
FRT17B,31.42197,74.44218,215
FRT17B,31.42197,74.44206,216
FRT17B,31.42197,74.44204,217
FRT17B,31.42196,74.44199,218
FRT17B,31.42196,74.44189,219
FRT17B,31.42192,74.4416,220
FRT17B,31.42189,74.44147,221
FRT17B,31.42185,74.4413,222
FRT17B,31.42178,74.4411,223
FRT17B,31.42174,74.44097,224
FRT17B,31.42169,74.44083,225
FRT17B,31.42163,74.44066,226
FRT17B,31.42158,74.44051,227
FRT17B,31.42154,74.44039,228
FRT17B,31.4215,74.44026,229
FRT17B,31.42147,74.44019,230
FRT17B,31.4214,74.43997,231
FRT17B,31.42133,74.43978,232
FRT17B,31.42126,74.43955,233
FRT17B,31.42119,74.43934,234
FRT17B,31.42115,74.4392,235
FRT17B,31.42113,74.43916,236
FRT17B,31.42105,74.43893,237
FRT17B,31.42099,74.43876,238
FRT17B,31.42096,74.43868,239
FRT17B,31.42095781,74.43857695,240
FRT17B,31.4209105,74.4384285,241
FRT17B,31.42081752,74.4381577,242
FRT17B,31.42072617,74.43790974,243
FRT17B,31.42062176,74.43764873,244
FRT17B,31.42056956,74.43749538,245
FRT17B,31.42048147,74.43733388,246
FRT17B,31.42040643,74.43714628,247
FRT17B,31.42031018,74.436944,248
FRT17B,31.4202433,74.43682165,249
FRT17B,31.42018457,74.43668951,250
FRT17B,31.42012258,74.43659816,251
FRT17B,31.42004591,74.43651007,252
FRT17B,31.41995292,74.43643013,253
FRT17B,31.4198371,74.43632573,254
FRT17B,31.41972943,74.43621317,255
FRT17B,31.41956304,74.43606961,256
FRT17B,31.41941794,74.43598638,257
FRT17B,31.41926124,74.43587222,258
FRT17B,31.41915357,74.43579392,259
FRT17B,31.41900023,74.43568951,260
FRT17B,31.41882731,74.43555248,261
FRT17B,31.41858,74.43544,262
FRT17B,31.41849,74.43539,263
FRT17B,31.41834,74.43529,264
FRT17B,31.41813,74.43517,265
FRT17B,31.41791,74.43503,266
FRT17B,31.41774,74.43492,267
FRT17B,31.41765,74.43486,268
FRT17B,31.41758,74.43482,269
FRT17B,31.41754,74.43479,270
FRT17B,31.41725,74.43463,271
FRT17B,31.41682,74.43439,272
FRT17B,31.41673,74.43433,273
FRT17B,31.41666,74.43428,274
FRT17B,31.4166,74.43423,275
FRT17B,31.41658,74.43419,276
FRT17B,31.41653,74.43414,277
FRT17B,31.41649,74.43407,278
FRT17B,31.41646,74.43403,279
FRT17B,31.41633,74.43383,280
FRT17B,31.41605,74.43344,281
FRT17B,31.41592,74.43325,282
FRT17B,31.41586,74.43317,283
FRT17B,31.41576,74.43302,284
FRT17B,31.41568,74.43288,285
FRT17B,31.41563,74.43279,286
FRT17B,31.41559,74.43269,287
FRT17B,31.41555,74.43255,288
FRT17B,31.4155,74.43236,289
FRT17B,31.41547,74.43221,290
FRT17B,31.41538,74.43184,291
FRT17B,31.41529,74.43143,292
FRT17B,31.41516,74.43077,293
FRT17B,31.4151,74.43052,294
FRT17B,31.41501,74.43021,295
FRT17B,31.41494,74.4299,296
FRT17B,31.4149,74.42974,297
FRT17B,31.41485,74.42956,298
FRT17B,31.4148,74.42938,299
FRT17B,31.41476,74.42926,300
FRT17B,31.41473,74.42917,301
FRT17B,31.41471,74.42909,302
FRT17B,31.41464,74.4289,303
FRT17B,31.41459,74.42878,304
FRT17B,31.41449,74.42856,305
FRT17B,31.41437,74.42828,306
FRT17B,31.41435,74.42826,307
FRT17B,31.41432,74.42819,308
FRT17B,31.41416,74.42783,309
FRT17B,31.41388,74.42716,310
FRT17B,31.41387,74.42713,311
FRT17B,31.41379,74.42697,312
FRT17B,31.41369,74.42678,313
FRT17B,31.41356,74.42655,314
FRT17B,31.41346,74.42637,315
FRT17B,31.41336,74.42619,316
FRT17B,31.41321,74.42586,317
FRT17B,31.41313,74.42565,318
FRT17B,31.41309,74.42555,319
FRT17B,31.41303,74.42543,320
FRT17B,31.41296,74.4253,321
FRT17B,31.41289,74.42518,322
FRT17B,31.41282,74.42507,323
FRT17B,31.41277,74.425,324
FRT17B,31.41275,74.42497,325
FRT17B,31.4127,74.42492,326
FRT17B,31.4126,74.42479,327
FRT17B,31.41248,74.42465,328
FRT17B,31.41226,74.42442,329
FRT17B,31.41167,74.42376,330
FRT17B,31.41138,74.42345,331
FRT17B,31.41112,74.42317,332
FRT17B,31.41086,74.42288,333
FRT17B,31.41072,74.42272,334
FRT17B,31.41059,74.42258,335
FRT17B,31.41039,74.42237,336
FRT17B,31.41026,74.42222,337
FRT17B,31.41004,74.42198,338
FRT17B,31.4098,74.42172,339
FRT17B,31.40947,74.42136,340
FRT17B,31.40924,74.4211,341
FRT17B,31.40899,74.42084,342
FRT17B,31.40882,74.42065,343
FRT17B,31.40866,74.42048,344
FRT17B,31.40863,74.42045,345
FRT17B,31.40853,74.42034,346
FRT17B,31.40843,74.42025,347
FRT17B,31.40825,74.42008,348
FRT17B,31.40809,74.41994,349
FRT17B,31.40796,74.41982,350
FRT17B,31.40781,74.4197,351
FRT17B,31.40746,74.41945,352
FRT17B,31.40729,74.41932,353
FRT17B,31.40722,74.41926,354
FRT17B,31.4071,74.41917,355
FRT17B,31.40698,74.41908,356
FRT17B,31.40673,74.41891,357
FRT17B,31.4058,74.41827,358
FRT17B,31.40546,74.41804,359
FRT17B,31.4053102,74.41790325,360
FRT17B,31.40520417,74.41779721,361
FRT17B,31.40513076,74.41775806,362
FRT17B,31.4050443,74.41767976,363
FRT17B,31.40495979,74.41758553,364
FRT17B,31.40487979,74.41749553,365
FRT17B,31.4047735,74.41738286,366
FRT17B,31.40468704,74.41727193,367
FRT17B,31.40461958,74.41719206,368
FRT17B,31.40453,74.41711,369
FRT17B,31.40446,74.41701,370
FRT17B,31.40439,74.41692,371
FRT17B,31.40436,74.41688,372
FRT17B,31.40427,74.41674,373
FRT17B,31.40416,74.41657,374
FRT17B,31.40413,74.41653,375
FRT17B,31.40397,74.41628,376
FRT17B,31.40372,74.41586,377
FRT17B,31.40366,74.41576,378
FRT17B,31.40347,74.41544,379
FRT17B,31.40324,74.41505,380
FRT17B,31.40305,74.41472,381
FRT17B,31.40297,74.41457,382
FRT17B,31.40289,74.41439,383
FRT17B,31.40282,74.41425,384
FRT17B,31.40277,74.41414,385
FRT17B,31.40274,74.41404,386
FRT17B,31.40273,74.41397,387
FRT17B,31.40272,74.4139,388
FRT17B,31.4027,74.41377,389
FRT17B,31.4027,74.41359,390
FRT17B,31.4027,74.41339,391
FRT17B,31.40273,74.4129,392
FRT17B,31.40275,74.41267,393
FRT17B,31.40275,74.41256,394
FRT17B,31.40275,74.41255,395
FRT17B,31.40278,74.4122,396
FRT17B,31.40282,74.41178,397
FRT17B,31.40285,74.41139,398
FRT17B,31.40286,74.41115,399
FRT17B,31.40287,74.41087,400
FRT17B,31.40288,74.41031,401
FRT17B,31.40289,74.41014,402
FRT17B,31.40289,74.40994,403
FRT17B,31.40289,74.40979,404
FRT17B,31.40288,74.40965,405
FRT17B,31.40287,74.40956,406
FRT17B,31.40285,74.40945,407
FRT17B,31.40282,74.4093,408
FRT17B,31.40276,74.409,409
FRT17B,31.40271,74.40874,410
FRT17B,31.40265,74.40847,411
FRT17B,31.40259,74.40815,412
FRT17B,31.40252,74.40783,413
FRT17B,31.40226,74.40662,414
FRT17B,31.40219,74.40625,415
FRT17B,31.40213,74.40599,416
FRT17B,31.40209,74.40579,417
FRT17B,31.40195,74.40518,418
FRT17B,31.40194,74.40512,419
FRT17B,31.40174,74.40431,420
FRT17B,31.40169,74.4041,421
FRT17B,31.4016,74.40371,422
FRT17B,31.40159814,74.40363247,423
FRT17B,31.40159161,74.40360474,424
FRT17B,31.4015859,74.40353785,425
FRT17B,31.40157938,74.40345139,426
FRT17B,31.4015647,74.40335352,427
FRT17B,31.4015598,74.40328989,428
FRT17B,31.40154675,74.40311208,429
FRT17B,31.40155165,74.40280865,430
FRT17B,31.40158754,74.40261127,431
FRT17B,31.40160548,74.40250849,432
FRT17B,31.40164463,74.40236494,433
FRT17B,31.40169,74.40216,434
FRT17B,31.40173925,74.40203378,435
FRT17B,31.40182,74.4017,436
FRT17B,31.40205,74.40093,437
FRT17B,31.4021,74.40074,438
FRT17B,31.40212,74.40061,439
FRT17B,31.40216,74.40037,440
FRT17B,31.40217,74.40018,441
FRT17B,31.40217,74.40008,442
FRT17B,31.40216,74.39998,443
FRT17B,31.40214,74.39984,444
FRT17B,31.4021,74.39965,445
FRT17B,31.402,74.3993,446
FRT17B,31.40181,74.39872,447
FRT17B,31.40167,74.39831,448
FRT17B,31.40162,74.39811,449
FRT17B,31.40135263,74.3972426,450
FRT17B,31.40129716,74.39703705,451
FRT17B,31.40094,74.39591,452
FRT17B,31.40067,74.39496,453
FRT17B,31.40045,74.39415,454
FRT17B,31.40041,74.39395,455
FRT17B,31.40039,74.39384,456
FRT17B,31.40036,74.39365,457
FRT17B,31.40034,74.39353,458
FRT17B,31.40032,74.39344,459
FRT17B,31.40027,74.39291,460
FRT17B,31.40025489,74.39249511,461
FRT17B,31.40024985,74.39217083,462
FRT17B,31.4002261,74.39189724,463
FRT17B,31.4002261,74.39175724,464
FRT17B,31.40018,74.39131,465
FRT17B,31.40015,74.39071,466
FRT17B,31.40013,74.39008,467
FRT17B,31.40011,74.38957,468
FRT17B,31.40011,74.38941,469
FRT17B,31.40008,74.38816,470
FRT17B,31.40006,74.3877,471
FRT17B,31.40006,74.38732,472
FRT17B,31.40006,74.38715,473
FRT17B,31.40005,74.38694,474
FRT17B,31.40005,74.38629,475
FRT17B,31.40004,74.3861,476
FRT17B,31.40004,74.38589,477
FRT17B,31.40006,74.38526,478
FRT17B,31.40006,74.38489,479
FRT17B,31.40006,74.38448,480
FRT17B,31.40005,74.3841,481
FRT17B,31.40004,74.38383,482
FRT17B,31.40002,74.38372,483
FRT17B,31.40001,74.38364,484
FRT17B,31.4,74.38361,485
FRT17B,31.39997,74.38344,486
FRT17B,31.39993,74.38331,487
FRT17B,31.39992,74.38325,488
FRT17B,31.3998,74.38284,489
FRT17B,31.39977,74.38274,490
FRT17B,31.39964,74.3823,491
FRT17B,31.39962,74.38221,492
FRT17B,31.39939,74.3814,493
FRT17B,31.39923,74.38078,494
FRT17B,31.39907,74.38018,495
FRT17B,31.39899,74.37988,496
FRT17B,31.39867,74.37878,497
FRT17B,31.39859,74.37852,498
FRT17B,31.39851,74.37824,499
FRT17B,31.39823,74.37716,500
FRT17B,31.39819,74.37701,501
FRT17B,31.39809,74.37665,502
FRT17B,31.39809,74.37664,503
FRT17B,31.39801,74.37635,504
FRT17B,31.39799,74.37626,505
FRT17B,31.39784,74.37577,506
FRT17B,31.39784,74.37575,507
FRT17B,31.39776,74.37552,508
FRT17B,31.39772,74.37536,509
FRT17B,31.39758,74.37487,510
FRT17B,31.39749,74.37456,511
FRT17B,31.39748,74.3745,512
FRT17B,31.39738,74.3742,513
FRT17B,31.39737,74.37416,514
FRT17B,31.39725,74.37376,515
FRT17B,31.39708,74.37315,516
FRT17B,31.39692,74.37256,517
FRT17B,31.39685,74.37228,518
FRT17B,31.39683,74.37219,519
FRT17B,31.39666855,74.37149263,520
FRT17B,31.39663855,74.37136263,521
FRT17B,31.39660386,74.37124019,522
FRT17B,31.39659081,74.37116597,523
FRT17B,31.39657613,74.3711105,524
FRT17B,31.39657042,74.37106401,525
FRT17B,31.39656389,74.37101997,526
FRT17B,31.39656226,74.37095227,527
FRT17B,31.39656552,74.37083155,528
FRT17B,31.39655981,74.3707924,529
FRT17B,31.39655981,74.37075732,530
FRT17B,31.39655573,74.37069615,531
FRT17B,31.39655492,74.37065618,532
FRT17B,31.39655247,74.37061458,533
FRT17B,31.39655329,74.37055259,534
FRT17B,31.39655329,74.37046124,535
FRT17B,31.39655,74.3704,536
FRT17B,31.39659,74.36996,537
FRT17B,31.39661,74.36964,538
FRT17B,31.39661,74.36957,539
FRT17B,31.39661,74.36931,540
FRT17B,31.39661,74.3693,541
FRT17B,31.39659,74.36902,542
FRT17B,31.39656,74.36873,543
FRT17B,31.39653,74.36834,544
FRT17B,31.39649,74.36798,545
FRT17B,31.39645,74.36756,546
FRT17B,31.39642,74.36712,547
FRT17B,31.39641,74.36691,548
FRT17B,31.39641,74.36685,549
FRT17B,31.39641,74.3666,550
FRT17B,31.39639,74.36625,551
FRT17B,31.39626,74.3649,552
FRT17B,31.39623,74.36466,553
FRT17B,31.39607,74.36313,554
FRT17B,31.39602,74.36268,555
FRT17B,31.39599,74.36234,556
FRT17B,31.39598,74.36219,557
FRT17B,31.39598,74.36203,558
FRT17B,31.3959,74.36205,559
FRT17B,31.39583,74.36207,560
FRT17B,31.39535,74.36216,561
FRT17B,31.39515,74.3622,562
FRT17B,31.39493,74.36223,563
FRT17B,31.39478,74.36222,564
FRT17B,31.39467,74.36223,565
FRT17B,31.39449,74.36225,566
FRT17B,31.3943,74.36227,567
FRT17B,31.39421,74.36228,568
FRT17B,31.3942,74.36228,569
FRT17B,31.39399,74.36232,570
FRT17B,31.39313,74.3625,571
FRT17B,31.39282,74.36253,572
FRT17B,31.39252,74.36254,573
FRT17B,31.39195,74.36261,574
FRT17B,31.39173,74.36264,575
FRT17B,31.39159,74.36266,576
FRT17B,31.39155,74.36267,577
FRT17B,31.39151,74.36268,578
FRT17B,31.3913,74.36269,579
FRT17B,31.39056,74.36279,580
FRT17B,31.38969,74.3629,581
FRT17B,31.38946,74.36293,582
FRT17B,31.3885,74.36307,583
FRT17B,31.38834,74.3631,584
FRT17B,31.38822,74.36312,585
FRT17B,31.38796,74.36317,586
FRT17B,31.38788,74.36304,587
FRT17B,31.38784,74.36296,588
FRT17B,31.38782,74.36284,589
FRT17B,31.3878,74.36269,590
FRT17B,31.38782,74.36259,591
FRT17B,31.38784,74.36254,592
FRT17B,31.38786,74.36249,593
FRT17B,31.38806,74.36233,594
FRT17B,31.38813,74.3623,595
FRT17B,31.38819,74.36229,596
FRT17B,31.3882,74.36228,597
FRT17B,31.38827,74.36228,598
FRT17B,31.38833,74.36228,599
FRT17B,31.38839,74.36229,600
FRT17B,31.3885,74.36234,601
FRT17B,31.38854,74.36235,602
FRT17B,31.38864,74.36241,603
FRT17B,31.38868,74.36244,604
FRT17B,31.38878,74.36253,605
FRT17B,31.38888,74.3626,606
FRT17B,31.38897,74.36264,607
FRT17B,31.3892,74.3627,608
FRT17B,31.38937,74.36272,609
FRT17B,31.38944,74.36272,610
FRT17B,31.38964,74.36269,611
FRT17B,31.39054,74.36256,612
FRT17B,31.3914,74.36248,613
FRT17B,31.39148,74.36247,614
FRT17B,31.39175,74.36242,615
FRT17B,31.39192,74.36239,616
FRT17B,31.39203,74.36238,617
FRT17B,31.39211,74.36237,618
FRT17B,31.39255,74.36226,619
FRT17B,31.39278,74.36222,620
FRT17B,31.39306,74.36216,621
FRT17B,31.39376,74.3621,622
FRT17B,31.3942,74.36206,623
FRT17B,31.39436,74.36204,624
FRT17B,31.39476,74.36198,625
FRT17B,31.39506,74.36192,626
FRT17B,31.39516,74.36189,627
FRT17B,31.39532,74.36188,628
FRT17B,31.39578,74.36182,629
FRT17B,31.39592,74.36181,630
FRT17B,31.39618,74.36178,631
FRT17B,31.39624,74.36177,632
FRT17B,31.39627,74.36176,633
FRT17B,31.3965,74.3617,634
FRT17B,31.3966,74.36172,635
FRT17B,31.39673,74.36173,636
FRT17B,31.39684,74.36174,637
FRT17B,31.39686,74.36174,638
FRT17B,31.39688,74.36176,639
FRT17B,31.39689,74.36178,640
FRT17B,31.3969,74.3618,641
FRT17B,31.39689,74.36181,642
FRT17B,31.39689,74.36182,643
FRT18F,31.5823026,74.30639539,1
FRT18F,31.58249281,74.3064209,2
FRT18F,31.58259,74.30643,3
FRT18F,31.58352,74.30654,4
FRT18F,31.58388,74.30657,5
FRT18F,31.58432,74.30659,6
FRT18F,31.58438,74.3066,7
FRT18F,31.58461,74.30664,8
FRT18F,31.58489,74.30666,9
FRT18F,31.58509,74.30666,10
FRT18F,31.5851,74.30666,11
FRT18F,31.58527,74.30666,12
FRT18F,31.58563,74.30668,13
FRT18F,31.58574,74.30668,14
FRT18F,31.58598,74.30668,15
FRT18F,31.58687,74.30657,16
FRT18F,31.58715,74.30652,17
FRT18F,31.58747,74.30643,18
FRT18F,31.58764,74.30641,19
FRT18F,31.58777,74.3064,20
FRT18F,31.58808,74.30639,21
FRT18F,31.58838,74.30638,22
FRT18F,31.58882,74.3064,23
FRT18F,31.58944,74.30643,24
FRT18F,31.58961,74.30644,25
FRT18F,31.58984,74.30642,26
FRT18F,31.59008,74.30644,27
FRT18F,31.59018,74.30643,28
FRT18F,31.59026,74.3064,29
FRT18F,31.59033,74.30638,30
FRT18F,31.5904,74.30632,31
FRT18F,31.59047,74.30627,32
FRT18F,31.59059,74.3061,33
FRT18F,31.59085,74.30584,34
FRT18F,31.59091,74.30577,35
FRT18F,31.59097,74.3057,36
FRT18F,31.59145,74.30508,37
FRT18F,31.59155,74.30495,38
FRT18F,31.59159,74.30489,39
FRT18F,31.59183,74.30456,40
FRT18F,31.59205,74.30424,41
FRT18F,31.59231,74.30387,42
FRT18F,31.59242,74.30371,43
FRT18F,31.59253,74.30357,44
FRT18F,31.59266,74.30343,45
FRT18F,31.59286,74.30324,46
FRT18F,31.59299,74.3031,47
FRT18F,31.59315,74.30296,48
FRT18F,31.5933,74.30285,49
FRT18F,31.59346,74.30274,50
FRT18F,31.59359,74.30264,51
FRT18F,31.59378,74.30253,52
FRT18F,31.59436,74.30208,53
FRT18F,31.59438,74.30207,54
FRT18F,31.59482,74.30171,55
FRT18F,31.59497,74.30159,56
FRT18F,31.59512,74.30147,57
FRT18F,31.59526,74.30135,58
FRT18F,31.59556,74.30111,59
FRT18F,31.59571,74.301,60
FRT18F,31.59572,74.30099,61
FRT18F,31.59586,74.30088,62
FRT18F,31.59657,74.30031,63
FRT18F,31.59675,74.30016,64
FRT18F,31.59706,74.29988,65
FRT18F,31.59739,74.29961,66
FRT18F,31.59754,74.29948,67
FRT18F,31.59781,74.29926,68
FRT18F,31.59785,74.29922,69
FRT18F,31.5983,74.29888,70
FRT18F,31.59847,74.29875,71
FRT18F,31.59855,74.29869,72
FRT18F,31.59858,74.29867,73
FRT18F,31.59865,74.29863,74
FRT18F,31.5987,74.29859,75
FRT18F,31.59877,74.29856,76
FRT18F,31.59889,74.29852,77
FRT18F,31.59909,74.29847,78
FRT18F,31.5994,74.29847,79
FRT18F,31.59963,74.29851,80
FRT18F,31.59982,74.29857,81
FRT18F,31.60089,74.29903,82
FRT18F,31.60122,74.29917,83
FRT18F,31.60129,74.2992,84
FRT18F,31.60139,74.29924,85
FRT18F,31.60152,74.2993,86
FRT18F,31.60169,74.29938,87
FRT18F,31.60202,74.29953,88
FRT18F,31.60226,74.29963,89
FRT18F,31.6024,74.29966,90
FRT18F,31.60276,74.2997,91
FRT18F,31.60293,74.2997,92
FRT18F,31.60315,74.29968,93
FRT18F,31.60333,74.29965,94
FRT18F,31.60352,74.29959,95
FRT18F,31.60387,74.29944,96
FRT18F,31.604,74.29936,97
FRT18F,31.6041,74.29929,98
FRT18F,31.6043,74.29914,99
FRT18F,31.6045,74.29898,100
FRT18F,31.60455,74.29894,101
FRT18F,31.60469,74.29881,102
FRT18F,31.60498,74.29855,103
FRT18F,31.60527,74.29831,104
FRT18F,31.60606,74.29759,105
FRT18F,31.60616,74.29753,106
FRT18F,31.60646647,74.29730313,107
FRT18F,31.60686451,74.29699644,108
FRT18F,31.60707984,74.29679415,109
FRT18F,31.60723971,74.29669628,110
FRT18F,31.6073278,74.29661797,111
FRT18F,31.6074681,74.29652009,112
FRT18F,31.60759534,74.29642874,113
FRT18F,31.60778784,74.29624603,114
FRT18F,31.60793139,74.29613836,115
FRT18F,31.6081663,74.2959785,116
FRT18F,31.60834901,74.29583494,117
FRT18F,31.60870464,74.29552173,118
FRT18F,31.60887429,74.29536512,119
FRT18F,31.60915162,74.29517262,120
FRT18F,31.6093017,74.29502581,121
FRT18F,31.60961491,74.29479416,122
FRT18F,31.60975521,74.2946767,123
FRT18F,31.60993791,74.29451031,124
FRT18F,31.61000969,74.29442874,125
FRT18F,31.61013693,74.29430802,126
FRT18F,31.61026,74.29416,127
FRT18F,31.61042,74.29403,128
FRT18F,31.61054,74.29391,129
FRT18F,31.61061,74.29382,130
FRT18F,31.61087,74.2936,131
FRT18F,31.61159,74.29301,132
FRT18F,31.61278,74.29211,133
FRT18F,31.61298,74.29197,134
FRT18F,31.61348,74.2916,135
FRT18F,31.61414,74.29108,136
FRT18F,31.61446,74.29088,137
FRT18F,31.61461,74.29081,138
FRT18F,31.61467,74.29079,139
FRT18F,31.61475,74.29076,140
FRT18F,31.61483,74.29073,141
FRT18F,31.61495,74.2907,142
FRT18F,31.61518,74.29068,143
FRT18F,31.61552,74.29063,144
FRT18F,31.61589,74.29056,145
FRT18F,31.61625,74.2905,146
FRT18F,31.61645,74.29047,147
FRT18F,31.61663,74.29044,148
FRT18F,31.61678,74.29042,149
FRT18F,31.61712,74.29034,150
FRT18F,31.61727,74.29034,151
FRT18F,31.61728,74.29034,152
FRT18F,31.61742,74.29033,153
FRT18F,31.6176,74.2903,154
FRT18F,31.61778,74.29012,155
FRT18F,31.61805,74.28971,156
FRT18F,31.61808,74.28962,157
FRT18F,31.61811,74.28942,158
FRT18F,31.61809,74.28891,159
FRT18F,31.61806,74.28839,160
FRT18F,31.61804,74.28813,161
FRT18F,31.61795,74.28729,162
FRT18F,31.6179,74.28688,163
FRT18F,31.61787,74.28667,164
FRT18F,31.61778,74.28595,165
FRT18F,31.61775,74.28571,166
FRT18F,31.61765,74.28504,167
FRT18F,31.61749,74.28382,168
FRT18F,31.6174,74.28327,169
FRT18F,31.6174,74.28323,170
FRT18F,31.61735,74.28301,171
FRT18F,31.61732,74.28279,172
FRT18F,31.6172,74.28193,173
FRT18F,31.61705,74.28114,174
FRT18F,31.61696,74.28071,175
FRT18F,31.61691,74.28046,176
FRT18F,31.61671,74.2795,177
FRT18F,31.61666,74.27927,178
FRT18F,31.61642,74.27808,179
FRT18F,31.61599,74.27611,180
FRT18F,31.61596,74.27595,181
FRT18F,31.61582,74.27521,182
FRT18F,31.61567,74.27453,183
FRT18F,31.61545,74.27345,184
FRT18F,31.61519,74.2722,185
FRT18F,31.61516,74.27205,186
FRT18F,31.61467,74.26968,187
FRT18F,31.61453,74.26905,188
FRT18F,31.61446,74.26869,189
FRT18F,31.61444,74.2686,190
FRT18F,31.61438,74.26832,191
FRT18F,31.6143,74.26796,192
FRT18F,31.61426,74.26778,193
FRT18F,31.61423,74.2676,194
FRT18F,31.61401,74.26654,195
FRT18F,31.61398,74.26637,196
FRT18F,31.61394,74.26614,197
FRT18F,31.61388,74.26583,198
FRT18F,31.6138,74.26571,199
FRT18F,31.61371,74.26554,200
FRT18F,31.61351,74.26511,201
FRT18F,31.61326,74.26455,202
FRT18F,31.6131,74.2642,203
FRT18F,31.61295,74.26388,204
FRT18F,31.61284,74.26362,205
FRT18F,31.6127,74.2633,206
FRT18F,31.61218,74.26213,207
FRT18F,31.61204,74.26183,208
FRT18F,31.61196,74.26165,209
FRT18F,31.6115,74.26065,210
FRT18F,31.61144,74.26054,211
FRT18F,31.61136,74.26035,212
FRT18F,31.61122,74.26005,213
FRT18F,31.61107,74.2597,214
FRT18F,31.61081,74.25915,215
FRT18F,31.61049,74.25846,216
FRT18F,31.61037,74.25816,217
FRT18F,31.61011,74.25753,218
FRT18F,31.61006,74.25737,219
FRT18F,31.61003,74.25724,220
FRT18F,31.61002,74.25711,221
FRT18F,31.61002,74.25696,222
FRT18F,31.61002,74.25685,223
FRT18F,31.61004,74.25673,224
FRT18F,31.6101,74.25638,225
FRT18F,31.61018,74.25593,226
FRT18F,31.61032,74.2552,227
FRT18F,31.61054,74.25408,228
FRT18F,31.61062,74.25362,229
FRT18F,31.61072,74.253,230
FRT18F,31.61073,74.2528,231
FRT18F,31.61075,74.25243,232
FRT18F,31.61072,74.25226,233
FRT18F,31.61069,74.25212,234
FRT18F,31.61065,74.25191,235
FRT18F,31.61058,74.25165,236
FRT18F,31.61045,74.25114,237
FRT18F,31.6104,74.25096,238
FRT18F,31.61033,74.25074,239
FRT18F,31.61023,74.25046,240
FRT18F,31.61005,74.25014,241
FRT18F,31.61003,74.25014,242
FRT18F,31.61001,74.25013,243
FRT18F,31.61,74.25012,244
FRT18F,31.60999,74.25012,245
FRT18F,31.60999,74.25011,246
FRT18F,31.60998,74.25011,247
FRT18F,31.60998,74.2501,248
FRT18F,31.60997,74.2501,249
FRT18F,31.60997,74.25009,250
FRT18F,31.60996,74.25008,251
FRT18F,31.60996,74.25007,252
FRT18F,31.60996,74.25006,253
FRT18F,31.60995,74.25006,254
FRT18F,31.60995,74.25005,255
FRT18F,31.60995,74.25004,256
FRT18F,31.60995,74.25003,257
FRT18F,31.60995,74.25002,258
FRT18F,31.60995,74.25001,259
FRT18F,31.60995,74.25,260
FRT18F,31.60995,74.24999,261
FRT18F,31.60995,74.24998,262
FRT18F,31.60995,74.24997,263
FRT18F,31.60995,74.24996,264
FRT18F,31.60996,74.24996,265
FRT18F,31.60996,74.24995,266
FRT18F,31.60996,74.24994,267
FRT18F,31.60997,74.24994,268
FRT18F,31.60997,74.24993,269
FRT18F,31.60998,74.24992,270
FRT18F,31.60999,74.24991,271
FRT18F,31.60999,74.2499,272
FRT18F,31.61,74.2499,273
FRT18F,31.61001,74.24989,274
FRT18F,31.61002,74.24989,275
FRT18F,31.61002,74.24988,276
FRT18F,31.61003,74.24988,277
FRT18F,31.61004,74.24988,278
FRT18F,31.61005,74.24988,279
FRT18F,31.61006,74.24988,280
FRT18F,31.61007,74.24988,281
FRT18F,31.61008,74.24988,282
FRT18F,31.61009,74.24988,283
FRT18F,31.6101,74.24989,284
FRT18F,31.61029,74.24986,285
FRT18F,31.61066,74.24977,286
FRT18F,31.61078,74.24975,287
FRT18F,31.61171,74.24952,288
FRT18F,31.61221,74.24936,289
FRT18F,31.61269,74.24922,290
FRT18F,31.61349,74.24897,291
FRT18F,31.61431,74.2487,292
FRT18F,31.615,74.24852,293
FRT18F,31.61532,74.24843,294
FRT18F,31.61563,74.24835,295
FRT18F,31.61606,74.24824,296
FRT18F,31.61727,74.24793,297
FRT18F,31.61756,74.24785,298
FRT18F,31.61764,74.24782,299
FRT18F,31.61784,74.24775,300
FRT18F,31.61789,74.24773,301
FRT18F,31.61831,74.24764,302
FRT18F,31.61884,74.24754,303
FRT18F,31.61888,74.24749,304
FRT18F,31.61891,74.24746,305
FRT18F,31.61897,74.24742,306
FRT18F,31.61906,74.24736,307
FRT18F,31.61929,74.24725,308
FRT18F,31.61945,74.24717,309
FRT18F,31.61955,74.24708,310
FRT18F,31.61964,74.24699,311
FRT18F,31.61976498,74.24681382,312
FRT18F,31.61989222,74.24641577,313
FRT18F,31.62012387,74.2457502,314
FRT18F,31.62024785,74.24537499,315
FRT18F,31.62038,74.24508,316
FRT18F,31.62053,74.24467,317
FRT18F,31.62059,74.24443,318
FRT18F,31.62063,74.24429,319
FRT18F,31.62071,74.24398,320
FRT18F,31.62074,74.24389,321
FRT18F,31.62075,74.24387,322
FRT18F,31.62085,74.2436,323
FRT18F,31.62096,74.24327,324
FRT18F,31.62106,74.24301,325
FRT18F,31.62114,74.24278,326
FRT18F,31.62121,74.24257,327
FRT18F,31.62127,74.24236,328
FRT18F,31.62133,74.24215,329
FRT18F,31.62167,74.2412,330
FRT18F,31.62174,74.24097,331
FRT18F,31.6219,74.24049,332
FRT18F,31.62198,74.24024,333
FRT18F,31.62236,74.23929,334
FRT18F,31.62248,74.23895,335
FRT18F,31.62272,74.23825,336
FRT18F,31.6228,74.23805,337
FRT18F,31.62299,74.23755,338
FRT18F,31.62334,74.23656,339
FRT18F,31.62366383,74.23557729,340
FRT18F,31.62399335,74.23469312,341
FRT18F,31.62415649,74.23421351,342
FRT18F,31.62437835,74.23362297,343
FRT18F,31.62474702,74.23253978,344
FRT18F,31.62493,74.23209,345
FRT18F,31.62509,74.23164,346
FRT18F,31.62539,74.23078,347
FRT18F,31.626,74.2291,348
FRT18F,31.62636,74.2281,349
FRT18F,31.62677,74.22696,350
FRT18F,31.62687,74.22669,351
FRT18F,31.62733103,74.2254207,352
FRT18F,31.62767035,74.22442886,353
FRT18F,31.62821847,74.2228889,354
FRT18F,31.62859694,74.2218579,355
FRT18F,31.62881,74.2213,356
FRT18F,31.62913,74.22039,357
FRT18F,31.62972,74.21878,358
FRT18F,31.62978,74.21859,359
FRT18F,31.63033,74.21706,360
FRT18F,31.63035,74.21701,361
FRT18F,31.6305,74.21657,362
FRT18F,31.63086,74.21561,363
FRT18F,31.63118,74.21473,364
FRT18F,31.63162,74.21354,365
FRT18F,31.63182,74.21299,366
FRT18F,31.63226,74.21188,367
FRT18F,31.63277,74.21062,368
FRT18F,31.63298,74.2101,369
FRT18F,31.63381,74.20804,370
FRT18F,31.63413,74.20724,371
FRT18F,31.63424,74.20697,372
FRT18F,31.63426,74.20692,373
FRT18F,31.63428,74.20686,374
FRT18F,31.6343,74.20681,375
FRT18F,31.63432,74.20677,376
FRT18F,31.63443,74.20651,377
FRT18F,31.63461,74.20608,378
FRT18F,31.63504,74.205,379
FRT18F,31.63532,74.20429,380
FRT18F,31.6356,74.20359,381
FRT18F,31.63616,74.20219,382
FRT18F,31.63617,74.20216,383
FRT18F,31.63782,74.19807,384
FRT18F,31.63889,74.19542,385
FRT18F,31.63975,74.1933,386
FRT18F,31.64008,74.19248,387
FRT18F,31.64035,74.19181,388
FRT18F,31.64064,74.19112,389
FRT18F,31.64089,74.19048,390
FRT18F,31.64111,74.18993,391
FRT18F,31.64154,74.18885,392
FRT18F,31.64235,74.18682,393
FRT18F,31.64312,74.18491,394
FRT18F,31.64312,74.18489,395
FRT18F,31.64315,74.18482,396
FRT18F,31.6432,74.18465,397
FRT18F,31.64377,74.18324,398
FRT18F,31.64382,74.18311,399
FRT18F,31.64428,74.18196,400
FRT18F,31.64556,74.17878,401
FRT18F,31.64564,74.17856,402
FRT18F,31.64579,74.17865,403
FRT18F,31.64512,74.18032,404
FRT18F,31.64483,74.18105,405
FRT18F,31.64416,74.1827,406
FRT18B,31.64415,74.18274,1
FRT18B,31.64396,74.18321,2
FRT18B,31.64385,74.18347,3
FRT18B,31.64359,74.1841,4
FRT18B,31.64317,74.1852,5
FRT18B,31.64216,74.18772,6
FRT18B,31.64122,74.19006,7
FRT18B,31.64083,74.19102,8
FRT18B,31.64024,74.19247,9
FRT18B,31.63973,74.19374,10
FRT18B,31.63943,74.19444,11
FRT18B,31.63941,74.1945,12
FRT18B,31.63932,74.19469,13
FRT18B,31.63911,74.19522,14
FRT18B,31.63787,74.19836,15
FRT18B,31.63726,74.19987,16
FRT18B,31.63696,74.20062,17
FRT18B,31.63695,74.20065,18
FRT18B,31.63661323,74.2014338,19
FRT18B,31.63598681,74.20297702,20
FRT18B,31.63549415,74.20419725,21
FRT18B,31.63537996,74.20451699,22
FRT18B,31.63526577,74.2048041,23
FRT18B,31.6351581,74.20507164,24
FRT18B,31.63504064,74.20537832,25
FRT18B,31.63485,74.20589,26
FRT18B,31.63467,74.20629,27
FRT18B,31.6346,74.20648,28
FRT18B,31.63455,74.2066,29
FRT18B,31.63453,74.20664,30
FRT18B,31.63451,74.2067,31
FRT18B,31.63449,74.20678,32
FRT18B,31.63447,74.20681,33
FRT18B,31.63443,74.20693,34
FRT18B,31.63442,74.20698,35
FRT18B,31.6344,74.20704,36
FRT18B,31.6343,74.20729,37
FRT18B,31.6341,74.20779,38
FRT18B,31.63329,74.20975,39
FRT18B,31.63308,74.21034,40
FRT18B,31.63241,74.21197,41
FRT18B,31.63202,74.21294,42
FRT18B,31.63198,74.21306,43
FRT18B,31.63193,74.21322,44
FRT18B,31.63134,74.21476,45
FRT18B,31.63077,74.21634,46
FRT18B,31.63024457,74.21776003,47
FRT18B,31.63005533,74.21822985,48
FRT18B,31.62995746,74.21850391,49
FRT18B,31.62982695,74.21886933,50
FRT18B,31.6290537,74.22112055,51
FRT18B,31.62821847,74.2234305,52
FRT18B,31.62776823,74.22460504,53
FRT18B,31.62685469,74.22711728,54
FRT18B,31.62646,74.22831,55
FRT18B,31.62612,74.22925,56
FRT18B,31.62558,74.23078,57
FRT18B,31.62523,74.23172,58
FRT18B,31.6252,74.23182,59
FRT18B,31.625,74.23241,60
FRT18B,31.62451,74.23374,61
FRT18B,31.62421,74.23458,62
FRT18B,31.62392,74.23537,63
FRT18B,31.62381,74.23569,64
FRT18B,31.62347,74.23662,65
FRT18B,31.62294,74.2381,66
FRT18B,31.62284,74.23843,67
FRT18B,31.62262,74.23901,68
FRT18B,31.62242,74.23957,69
FRT18B,31.62218,74.24025,70
FRT18B,31.62205,74.24057,71
FRT18B,31.62197,74.24079,72
FRT18B,31.62177,74.24133,73
FRT18B,31.62161,74.24182,74
FRT18B,31.62149,74.24217,75
FRT18B,31.62143,74.24238,76
FRT18B,31.62124,74.24296,77
FRT18B,31.62099,74.24368,78
FRT18B,31.62088,74.24399,79
FRT18B,31.62083,74.24416,80
FRT18B,31.62079,74.24435,81
FRT18B,31.62076,74.24444,82
FRT18B,31.62066,74.24479,83
FRT18B,31.62044,74.24543,84
FRT18B,31.62030544,74.24571448,85
FRT18B,31.62021729,74.24595573,86
FRT18B,31.62007811,74.24635007,87
FRT18B,31.61997953,74.24677108,88
FRT18B,31.61978932,74.24729765,89
FRT18B,31.61945297,74.24756441,90
FRT18B,31.61901223,74.24765951,91
FRT18B,31.61873156,74.24770358,92
FRT18B,31.6184068,74.24774766,93
FRT18B,31.61791736,74.24785668,94
FRT18B,31.61445528,74.24881354,95
FRT18B,31.611028,74.24976459,96
FRT18B,31.61072412,74.24984578,97
FRT18B,31.61059654,74.24990609,98
FRT18B,31.61049912,74.25007775,99
FRT18B,31.61039009,74.25052312,100
FRT18B,31.61040169,74.25070637,101
FRT18B,31.61055711,74.25123757,102
FRT18B,31.61068933,74.25175949,103
FRT18B,31.61077515,74.25222806,104
FRT18B,31.61079139,74.25242987,105
FRT18B,31.61077747,74.25283349,106
FRT18B,31.61076356,74.25308633,107
FRT18B,31.61060582,74.2538611,108
FRT18B,31.61029499,74.25546166,109
FRT18B,31.61002,74.25685,110
FRT18B,31.61002,74.25711,111
FRT18B,31.61003,74.25724,112
FRT18B,31.61005838,74.2574032,113
FRT18B,31.61011,74.25753,114
FRT18B,31.61049,74.25846,115
FRT18B,31.61148497,74.26047674,116
FRT18B,31.61173201,74.26097315,117
FRT18B,31.61200109,74.26152986,118
FRT18B,31.61224233,74.2620773,119
FRT18B,31.61252069,74.26273608,120
FRT18B,31.61280833,74.26344126,121
FRT18B,31.61308205,74.26403045,122
FRT18B,31.61340216,74.2647449,123
FRT18B,31.61350306,74.26497338,124
FRT18B,31.61383013,74.2656542,125
FRT18B,31.61397511,74.26586065,126
FRT18B,31.61408,74.26634,127
FRT18B,31.6145,74.26839,128
FRT18B,31.61454,74.26856,129
FRT18B,31.61459,74.26881,130
FRT18B,31.61479,74.26962,131
FRT18B,31.61499,74.27064,132
FRT18B,31.61519,74.27154,133
FRT18B,31.6153,74.27208,134
FRT18B,31.61551,74.27307,135
FRT18B,31.61557,74.27333,136
FRT18B,31.61558,74.27341,137
FRT18B,31.61575,74.2742,138
FRT18B,31.61587,74.27482,139
FRT18B,31.61594,74.27517,140
FRT18B,31.61597,74.27531,141
FRT18B,31.61609,74.27587,142
FRT18B,31.61609,74.27591,143
FRT18B,31.61613,74.27609,144
FRT18B,31.61645,74.2776,145
FRT18B,31.61679,74.27922,146
FRT18B,31.61684,74.27946,147
FRT18B,31.61714,74.28087,148
FRT18B,31.61733,74.28193,149
FRT18B,31.61737,74.28217,150
FRT18B,31.61743,74.28257,151
FRT18B,31.61752,74.28321,152
FRT18B,31.61758,74.28364,153
FRT18B,31.61761,74.2839,154
FRT18B,31.61765,74.28419,155
FRT18B,31.61774,74.28483,156
FRT18B,31.61778,74.28508,157
FRT18B,31.61784,74.28543,158
FRT18B,31.6179,74.28592,159
FRT18B,31.61819,74.28813,160
FRT18B,31.6182,74.2883,161
FRT18B,31.61821,74.28848,162
FRT18B,31.61822,74.28861,163
FRT18B,31.61822,74.28886,164
FRT18B,31.61823,74.2894,165
FRT18B,31.61822,74.28967,166
FRT18B,31.6182,74.28979,167
FRT18B,31.61818,74.2899,168
FRT18B,31.61813,74.2901,169
FRT18B,31.6181,74.29022,170
FRT18B,31.61800315,74.2903896,171
FRT18B,31.61785633,74.29050705,172
FRT18B,31.61772,74.29062,173
FRT18B,31.61761,74.29068,174
FRT18B,31.61743,74.29078,175
FRT18B,31.61735,74.29085,176
FRT18B,31.61727,74.29091,177
FRT18B,31.61711,74.29097,178
FRT18B,31.61696,74.29101,179
FRT18B,31.61679,74.29103,180
FRT18B,31.61648,74.29109,181
FRT18B,31.61632,74.29111,182
FRT18B,31.61611,74.29113,183
FRT18B,31.61584,74.29114,184
FRT18B,31.61561,74.29115,185
FRT18B,31.61536,74.29117,186
FRT18B,31.61504,74.29125,187
FRT18B,31.61492,74.29129,188
FRT18B,31.61458,74.29145,189
FRT18B,31.61431,74.29164,190
FRT18B,31.61418,74.29171,191
FRT18B,31.61387,74.29196,192
FRT18B,31.61368,74.29207,193
FRT18B,31.61343,74.29222,194
FRT18B,31.61322,74.29235,195
FRT18B,31.61281,74.29261,196
FRT18B,31.61255,74.29281,197
FRT18B,31.61235,74.29292,198
FRT18B,31.61176,74.29331,199
FRT18B,31.61145,74.29355,200
FRT18B,31.61109,74.29382,201
FRT18B,31.61091,74.29397,202
FRT18B,31.61036,74.29434,203
FRT18B,31.61026,74.29442,204
FRT18B,31.61005,74.29455,205
FRT18B,31.6099,74.29465,206
FRT18B,31.60981,74.29472,207
FRT18B,31.60975,74.29477,208
FRT18B,31.60948,74.29498,209
FRT18B,31.60916,74.29525,210
FRT18B,31.60872,74.29561,211
FRT18B,31.60801,74.2962,212
FRT18B,31.60798,74.29622,213
FRT18B,31.60768,74.29646,214
FRT18B,31.60739,74.2967,215
FRT18B,31.60719,74.29686,216
FRT18B,31.6067,74.29729,217
FRT18B,31.60655,74.29742,218
FRT18B,31.60652,74.29745,219
FRT18B,31.60646,74.29752,220
FRT18B,31.60635,74.29762,221
FRT18B,31.60554,74.29834,222
FRT18B,31.60529,74.29855,223
FRT18B,31.60492,74.29885,224
FRT18B,31.60485,74.29891,225
FRT18B,31.60478,74.29896,226
FRT18B,31.60475,74.29899,227
FRT18B,31.6047,74.29903,228
FRT18B,31.6044,74.29926,229
FRT18B,31.60436,74.29929,230
FRT18B,31.60417,74.29943,231
FRT18B,31.604,74.29953,232
FRT18B,31.60387,74.29961,233
FRT18B,31.60372,74.29968,234
FRT18B,31.60361,74.29972,235
FRT18B,31.60347,74.29977,236
FRT18B,31.60333,74.2998,237
FRT18B,31.60315,74.29985,238
FRT18B,31.603,74.29987,239
FRT18B,31.60296,74.29987,240
FRT18B,31.60235,74.29982,241
FRT18B,31.60226,74.29981,242
FRT18B,31.6021,74.29979,243
FRT18B,31.60188,74.29975,244
FRT18B,31.60181068,74.29971748,245
FRT18B,31.60166,74.29968,246
FRT18B,31.60156,74.29964,247
FRT18B,31.60122,74.2995,248
FRT18B,31.60055,74.29921,249
FRT18B,31.59998,74.29895,250
FRT18B,31.59965,74.29881,251
FRT18B,31.59952,74.29877,252
FRT18B,31.59944,74.29874,253
FRT18B,31.59942,74.29874,254
FRT18B,31.59935,74.29872,255
FRT18B,31.59925,74.29871,256
FRT18B,31.59913,74.29872,257
FRT18B,31.59902,74.29873,258
FRT18B,31.59889,74.29877,259
FRT18B,31.59871,74.29884,260
FRT18B,31.5985,74.29899,261
FRT18B,31.59824,74.29918,262
FRT18B,31.59798,74.29941,263
FRT18B,31.59765,74.29969,264
FRT18B,31.5975,74.29981,265
FRT18B,31.5972,74.30005,266
FRT18B,31.59692,74.30028,267
FRT18B,31.59586,74.30117,268
FRT18B,31.59536,74.30159,269
FRT18B,31.59513,74.30179,270
FRT18B,31.59484,74.30203,271
FRT18B,31.59416,74.30263,272
FRT18B,31.59393,74.3028,273
FRT18B,31.59371,74.30296,274
FRT18B,31.59344,74.30318,275
FRT18B,31.59318,74.3034,276
FRT18B,31.59304,74.30354,277
FRT18B,31.59288,74.30371,278
FRT18B,31.59266,74.30397,279
FRT18B,31.59245,74.30425,280
FRT18B,31.59243,74.30427,281
FRT18B,31.59231,74.30443,282
FRT18B,31.59208,74.30474,283
FRT18B,31.59179,74.30512,284
FRT18B,31.59152,74.30561,285
FRT18B,31.59122,74.30602,286
FRT18B,31.59118,74.30609,287
FRT18B,31.59113,74.30615,288
FRT18B,31.59102,74.30632,289
FRT18B,31.59094,74.30642,290
FRT18B,31.59085,74.30653,291
FRT18B,31.59068,74.30668,292
FRT18B,31.59056,74.30676,293
FRT18B,31.59032,74.30691,294
FRT18B,31.59021,74.30696,295
FRT18B,31.59011,74.30699,296
FRT18B,31.5901,74.307,297
FRT18B,31.59,74.30701,298
FRT18B,31.58993,74.30702,299
FRT18B,31.58981,74.30702,300
FRT18B,31.58968,74.30701,301
FRT18B,31.5893,74.30693,302
FRT18B,31.58899,74.30688,303
FRT18B,31.58881,74.30687,304
FRT18B,31.58831,74.30685,305
FRT18B,31.58821,74.30684,306
FRT18B,31.58803,74.30684,307
FRT18B,31.58771,74.30682,308
FRT18B,31.58763,74.30682,309
FRT18B,31.58743,74.3068,310
FRT18B,31.58732,74.30678,311
FRT18B,31.58708,74.30679,312
FRT18B,31.58654,74.30685,313
FRT18B,31.586,74.30691,314
FRT18B,31.58586,74.30693,315
FRT18B,31.58561,74.30694,316
FRT18B,31.58502,74.3069,317
FRT18B,31.58471,74.30688,318
FRT18B,31.58466,74.30688,319
FRT18B,31.584,74.3068,320
FRT18B,31.58363,74.30678,321
FRT18B,31.58356,74.30677,322
FRT18B,31.58267,74.30668,323
FRT18B,31.58211,74.30663,324
FRT18B,31.58131,74.3065,325
FRT18B,31.58126,74.30649,326
FRT18B,31.58129,74.3062,327
FRT18B,31.58231,74.3064,328
FRT18B,31.58241,74.30641,329
FRT19F,31.50603136,74.38478005,1
FRT19F,31.50613342,74.38464087,2
FRT19F,31.50625,74.38458,3
FRT19F,31.50626,74.38423,4
FRT19F,31.50627,74.38414,5
FRT19F,31.50627,74.38385,6
FRT19F,31.50631982,74.38256889,7
FRT19F,31.5063394,74.38194246,8
FRT19F,31.5063497,74.38115135,9
FRT19F,31.50641465,74.37971781,10
FRT19F,31.5064448,74.3788317,11
FRT19F,31.50645033,74.37842207,12
FRT19F,31.50645359,74.37816759,13
FRT19F,31.50647032,74.37776002,14
FRT19F,31.50652,74.37573,15
FRT19F,31.50655,74.37484,16
FRT19F,31.50657,74.37383,17
FRT19F,31.50659,74.37301,18
FRT19F,31.50665,74.37047,19
FRT19F,31.50675,74.36865,20
FRT19F,31.50675,74.36807,21
FRT19F,31.5067407,74.36791638,22
FRT19F,31.50687447,74.36792617,23
FRT19F,31.50722683,74.36796206,24
FRT19F,31.50747153,74.36799469,25
FRT19F,31.50787284,74.36801426,26
FRT19F,31.50813058,74.36801426,27
FRT19F,31.508496,74.36805015,28
FRT19F,31.5092203,74.36808278,29
FRT19F,31.5096314,74.36809909,30
FRT19F,31.50990546,74.36810235,31
FRT19F,31.51014037,74.36811214,32
FRT19F,31.51034918,74.3681154,33
FRT19F,31.51054167,74.36813172,34
FRT19F,31.51098213,74.36814803,35
FRT19F,31.51137364,74.36817087,36
FRT19F,31.51167381,74.36818066,37
FRT19F,31.51284509,74.36824591,38
FRT19F,31.51322356,74.36823938,39
FRT19F,31.51491687,74.3683079,40
FRT19F,31.51720072,74.36838457,41
FRT19F,31.51747804,74.36838457,42
FRT19F,31.51762649,74.36837152,43
FRT19F,31.51782062,74.36837968,44
FRT19F,31.51793318,74.36836826,45
FRT19F,31.51804411,74.36838131,46
FRT19F,31.51822029,74.36837805,47
FRT19F,31.51832796,74.36837478,48
FRT19F,31.51840952,74.36837805,49
FRT19F,31.51891523,74.3684123,50
FRT19F,31.51945,74.36842,51
FRT19F,31.51963,74.36843,52
FRT19F,31.51976,74.36844,53
FRT19F,31.51994,74.36846,54
FRT19F,31.52014,74.36847,55
FRT19F,31.52033,74.36848,56
FRT19F,31.52037,74.36848,57
FRT19F,31.52061,74.36849,58
FRT19F,31.52079,74.3685,59
FRT19F,31.52091,74.36851,60
FRT19F,31.5211,74.36852,61
FRT19F,31.52149,74.36854,62
FRT19F,31.52199,74.36855,63
FRT19F,31.52209955,74.36853303,64
FRT19F,31.522248,74.36852839,65
FRT19F,31.52244053,74.36853071,66
FRT19F,31.52259827,74.36852607,67
FRT19F,31.52273745,74.36853071,68
FRT19F,31.52291606,74.36852375,69
FRT19F,31.52324545,74.36854927,70
FRT19F,31.52336839,74.36857247,71
FRT19F,31.52363052,74.36858638,72
FRT19F,31.52373722,74.36858638,73
FRT19F,31.52392047,74.36860494,74
FRT19F,31.52411,74.36861,75
FRT19F,31.52450502,74.36863742,76
FRT19F,31.52485,74.36864,77
FRT19F,31.52506,74.36865,78
FRT19F,31.52519,74.36866,79
FRT19F,31.52524,74.36866,80
FRT19F,31.52532,74.36867,81
FRT19F,31.52543,74.36868,82
FRT19F,31.52558,74.36869,83
FRT19F,31.5259,74.3687,84
FRT19F,31.52611,74.36871,85
FRT19F,31.52617,74.36871,86
FRT19F,31.52634,74.36871,87
FRT19F,31.52638,74.36871,88
FRT19F,31.52654,74.3687,89
FRT19F,31.52664,74.3687,90
FRT19F,31.52695,74.3687,91
FRT19F,31.52745,74.36871,92
FRT19F,31.528,74.36871,93
FRT19F,31.52838,74.36871,94
FRT19F,31.5286,74.3687,95
FRT19F,31.52874,74.3687,96
FRT19F,31.52893,74.3687,97
FRT19F,31.52895,74.3687,98
FRT19F,31.52916,74.3687,99
FRT19F,31.52938,74.3687,100
FRT19F,31.52949,74.36869,101
FRT19F,31.52978,74.36873,102
FRT19F,31.52998,74.36874,103
FRT19F,31.53017,74.36877,104
FRT19F,31.53025,74.36877,105
FRT19F,31.53027,74.36877,106
FRT19F,31.53046,74.36877,107
FRT19F,31.53064,74.36878,108
FRT19F,31.5308,74.36879,109
FRT19F,31.53097,74.3688,110
FRT19F,31.53113,74.36882,111
FRT19F,31.53129,74.36883,112
FRT19F,31.53134,74.36883,113
FRT19F,31.53145,74.36884,114
FRT19F,31.53215,74.36887,115
FRT19F,31.53279,74.3689,116
FRT19F,31.53285,74.3689,117
FRT19F,31.53297,74.36891,118
FRT19F,31.53316,74.36893,119
FRT19F,31.53334,74.36894,120
FRT19F,31.53352,74.36896,121
FRT19F,31.5337,74.36897,122
FRT19F,31.53384,74.36898,123
FRT19F,31.53412,74.36899,124
FRT19F,31.53415,74.369,125
FRT19F,31.5342,74.369,126
FRT19F,31.53426,74.36901,127
FRT19F,31.53432,74.36901,128
FRT19F,31.53447,74.36902,129
FRT19F,31.53465,74.36903,130
FRT19F,31.53466,74.36903,131
FRT19F,31.53485,74.36904,132
FRT19F,31.53504,74.36905,133
FRT19F,31.53517,74.36905,134
FRT19F,31.53537,74.36907,135
FRT19F,31.53553,74.36907,136
FRT19F,31.53564,74.36907,137
FRT19F,31.53711,74.36917,138
FRT19F,31.53724,74.36918,139
FRT19F,31.53784,74.36923,140
FRT19F,31.53792,74.36923,141
FRT19F,31.53859,74.36928,142
FRT19F,31.53874,74.3693,143
FRT19F,31.53898,74.36932,144
FRT19F,31.53931,74.36934,145
FRT19F,31.53959,74.36934,146
FRT19F,31.53978,74.36935,147
FRT19F,31.54004,74.36937,148
FRT19F,31.54008,74.36937,149
FRT19F,31.54023,74.36939,150
FRT19F,31.5403,74.3694,151
FRT19F,31.54032,74.3694,152
FRT19F,31.54041,74.36941,153
FRT19F,31.54049,74.36941,154
FRT19F,31.54056,74.3694,155
FRT19F,31.54065,74.3694,156
FRT19F,31.54083,74.36937,157
FRT19F,31.54095,74.36936,158
FRT19F,31.54105,74.36934,159
FRT19F,31.54111,74.36933,160
FRT19F,31.5413,74.3693,161
FRT19F,31.54158,74.36925,162
FRT19F,31.54207,74.36917,163
FRT19F,31.54225,74.36915,164
FRT19F,31.54232,74.36914,165
FRT19F,31.54244,74.36912,166
FRT19F,31.54252,74.3691,167
FRT19F,31.54266,74.36906,168
FRT19F,31.54287,74.369,169
FRT19F,31.54288,74.369,170
FRT19F,31.543,74.36897,171
FRT19F,31.5431,74.36893,172
FRT19F,31.54319,74.36889,173
FRT19F,31.54328,74.36885,174
FRT19F,31.54339,74.3688,175
FRT19F,31.5435,74.36874,176
FRT19F,31.54354,74.36872,177
FRT19F,31.54365,74.36866,178
FRT19F,31.54384,74.36859,179
FRT19F,31.54384,74.36858,180
FRT19F,31.54398,74.36851,181
FRT19F,31.54426,74.36836,182
FRT19F,31.54451,74.36821,183
FRT19F,31.54468,74.36811,184
FRT19F,31.54481,74.36803,185
FRT19F,31.54504,74.3679,186
FRT19F,31.54551,74.36763,187
FRT19F,31.54564,74.36755,188
FRT19F,31.54575,74.36747,189
FRT19F,31.54612,74.36712,190
FRT19F,31.54632,74.36691,191
FRT19F,31.54645,74.36676,192
FRT19F,31.54659,74.3666,193
FRT19F,31.54665,74.36652,194
FRT19F,31.54676,74.36636,195
FRT19F,31.54774063,74.36512193,196
FRT19F,31.54803427,74.36474184,197
FRT19F,31.54829202,74.36441557,198
FRT19F,31.54853019,74.36410888,199
FRT19F,31.54900001,74.36351835,200
FRT19F,31.54943,74.36295,201
FRT19F,31.55019,74.362,202
FRT19F,31.55029,74.36189,203
FRT19F,31.55047,74.36168,204
FRT19F,31.5508,74.36128,205
FRT19F,31.55098,74.36107,206
FRT19F,31.55113,74.36088,207
FRT19F,31.55124,74.36075,208
FRT19F,31.55158,74.36032,209
FRT19F,31.55176,74.36013,210
FRT19F,31.55179,74.3601,211
FRT19F,31.55186,74.36004,212
FRT19F,31.55205,74.35982,213
FRT19F,31.5522,74.35966,214
FRT19F,31.55226,74.35957,215
FRT19F,31.55251,74.3593,216
FRT19F,31.55259,74.35922,217
FRT19F,31.55288,74.35898,218
FRT19F,31.55309,74.35879,219
FRT19F,31.55313,74.35875,220
FRT19F,31.55322,74.35867,221
FRT19F,31.55326,74.35863,222
FRT19F,31.55343,74.35848,223
FRT19F,31.55353,74.3584,224
FRT19F,31.55355,74.35838,225
FRT19F,31.55364,74.35831,226
FRT19F,31.5538,74.35817,227
FRT19F,31.55383,74.35814,228
FRT19F,31.55403,74.35795,229
FRT19F,31.55422,74.35773,230
FRT19F,31.55433,74.3576,231
FRT19F,31.5544,74.3575,232
FRT19F,31.55458,74.35723,233
FRT19F,31.55474,74.35692,234
FRT19F,31.55475,74.35691,235
FRT19F,31.55489,74.35663,236
FRT19F,31.55493,74.35659,237
FRT19F,31.55499,74.35648,238
FRT19F,31.55511,74.35625,239
FRT19F,31.55521,74.35607,240
FRT19F,31.55535,74.35582,241
FRT19F,31.55553,74.35549,242
FRT19F,31.55565,74.35532,243
FRT19F,31.55585,74.35506,244
FRT19F,31.5562,74.3546,245
FRT19F,31.55649,74.35423,246
FRT19F,31.55684,74.35378,247
FRT19F,31.55712,74.35342,248
FRT19F,31.55739,74.3531,249
FRT19F,31.55752,74.35295,250
FRT19F,31.55814,74.3522,251
FRT19F,31.55843,74.35186,252
FRT19F,31.55864,74.35162,253
FRT19F,31.55907,74.35112,254
FRT19F,31.55948,74.35063,255
FRT19F,31.55949,74.35062,256
FRT19F,31.55998,74.34999,257
FRT19F,31.56004,74.34991,258
FRT19F,31.5605,74.34935,259
FRT19F,31.56064,74.3492,260
FRT19F,31.56101,74.34877,261
FRT19F,31.56127,74.34843,262
FRT19F,31.56139,74.34826,263
FRT19F,31.56145,74.3482,264
FRT19F,31.56158,74.34806,265
FRT19F,31.56207,74.34745,266
FRT19F,31.56216,74.34734,267
FRT19F,31.56234,74.3471,268
FRT19F,31.56245186,74.34692621,269
FRT19F,31.56259868,74.34675818,270
FRT19F,31.56281,74.34649,271
FRT19F,31.56289395,74.34640255,272
FRT19F,31.56297551,74.34630304,273
FRT19F,31.5632,74.34607,274
FRT19F,31.56341,74.3458,275
FRT19F,31.5636,74.34558,276
FRT19F,31.56372,74.34544,277
FRT19F,31.56389,74.34526,278
FRT19F,31.56405,74.3451,279
FRT19F,31.5642,74.34491,280
FRT19F,31.56438,74.34468,281
FRT19F,31.56459,74.34442,282
FRT19F,31.56464,74.34435,283
FRT19F,31.56476,74.34418,284
FRT19F,31.56523,74.34355,285
FRT19F,31.56536,74.34343,286
FRT19F,31.56633,74.34225,287
FRT19F,31.5665,74.34204,288
FRT19F,31.5667,74.34176,289
FRT19F,31.5669,74.3415,290
FRT19F,31.56706,74.34127,291
FRT19F,31.56732,74.34099,292
FRT19F,31.56738,74.34094,293
FRT19F,31.56777,74.34063,294
FRT19F,31.56787,74.34055,295
FRT19F,31.5681,74.34041,296
FRT19F,31.56828,74.34029,297
FRT19F,31.56854,74.34014,298
FRT19F,31.56867,74.34006,299
FRT19F,31.56881,74.33998,300
FRT19F,31.56913,74.33978,301
FRT19F,31.56953,74.33952,302
FRT19F,31.56969,74.33942,303
FRT19F,31.56992,74.33929,304
FRT19F,31.57034,74.33906,305
FRT19F,31.57052,74.33895,306
FRT19F,31.57073,74.33883,307
FRT19F,31.57116,74.33858,308
FRT19F,31.57153,74.33836,309
FRT19F,31.57165,74.3383,310
FRT19F,31.57236,74.33787,311
FRT19F,31.57269,74.33767,312
FRT19F,31.57276,74.33761,313
FRT19F,31.57283,74.33755,314
FRT19F,31.57292,74.33748,315
FRT19F,31.573,74.33742,316
FRT19F,31.57326913,74.33725086,317
FRT19F,31.57347957,74.33715298,318
FRT19F,31.57421,74.33672,319
FRT19F,31.57452597,74.33653577,320
FRT19F,31.57447726,74.33615767,321
FRT19B,31.57460682,74.33654776,1
FRT19B,31.57423977,74.33676146,2
FRT19B,31.57350568,74.33719865,3
FRT19B,31.57335559,74.33729816,4
FRT19B,31.57304564,74.33750371,5
FRT19B,31.5729184,74.33763258,6
FRT19B,31.5728401,74.33769457,7
FRT19B,31.57263945,74.33782834,8
FRT19B,31.57245,74.33797,9
FRT19B,31.57169,74.33841,10
FRT19B,31.57141922,74.33855265,11
FRT19B,31.57105,74.33877,12
FRT19B,31.5706786,74.33897353,13
FRT19B,31.57034255,74.33917581,14
FRT19B,31.56999671,74.33938462,15
FRT19B,31.56940943,74.33973209,16
FRT19B,31.56924467,74.3398365,17
FRT19B,31.5688972,74.34005835,18
FRT19B,31.56871612,74.34015623,19
FRT19B,31.56829,74.34044,20
FRT19B,31.56802,74.3406,21
FRT19B,31.56781,74.34074,22
FRT19B,31.56766,74.34085,23
FRT19B,31.56743,74.34103,24
FRT19B,31.56737,74.3411,25
FRT19B,31.56725773,74.34119212,26
FRT19B,31.56710112,74.34140745,27
FRT19B,31.56683032,74.34177613,28
FRT19B,31.56648774,74.34221006,29
FRT19B,31.56640291,74.34234383,30
FRT19B,31.56625936,74.34249391,31
FRT19B,31.56586784,74.34298331,32
FRT19B,31.56549264,74.34341398,33
FRT19B,31.56536866,74.34356406,34
FRT19B,31.56514,74.34386,35
FRT19B,31.56471,74.34442,36
FRT19B,31.56467,74.34448,37
FRT19B,31.56452,74.34465,38
FRT19B,31.56418,74.34509,39
FRT19B,31.56403,74.34528,40
FRT19B,31.56365,74.34567,41
FRT19B,31.56323,74.34616,42
FRT19B,31.56309,74.34634,43
FRT19B,31.56301,74.34646,44
FRT19B,31.56273,74.34681,45
FRT19B,31.56264,74.34692,46
FRT19B,31.56264,74.34693,47
FRT19B,31.56223,74.34743,48
FRT19B,31.56214,74.34753,49
FRT19B,31.56156,74.34825,50
FRT19B,31.56123,74.34868,51
FRT19B,31.56121,74.3487,52
FRT19B,31.56068,74.34932,53
FRT19B,31.56058,74.34943,54
FRT19B,31.56016,74.34996,55
FRT19B,31.56013,74.35,56
FRT19B,31.55954,74.35071,57
FRT19B,31.55915,74.3512,58
FRT19B,31.55873,74.35171,59
FRT19B,31.55836,74.35216,60
FRT19B,31.55835,74.35217,61
FRT19B,31.55822,74.3523,62
FRT19B,31.55797,74.35259,63
FRT19B,31.55729,74.35343,64
FRT19B,31.55725,74.35347,65
FRT19B,31.55689,74.35392,66
FRT19B,31.55656,74.35433,67
FRT19B,31.55653,74.35437,68
FRT19B,31.5564,74.35451,69
FRT19B,31.55628,74.35466,70
FRT19B,31.55614,74.35486,71
FRT19B,31.55583,74.35527,72
FRT19B,31.55567,74.3555,73
FRT19B,31.55554,74.35572,74
FRT19B,31.55548,74.35584,75
FRT19B,31.55541,74.35596,76
FRT19B,31.55501,74.35665,77
FRT19B,31.55498,74.35671,78
FRT19B,31.55448,74.3576,79
FRT19B,31.55419,74.35795,80
FRT19B,31.5539,74.35825,81
FRT19B,31.55385,74.35829,82
FRT19B,31.55371,74.35841,83
FRT19B,31.55364,74.35847,84
FRT19B,31.55359,74.35852,85
FRT19B,31.55354,74.35856,86
FRT19B,31.55332,74.35874,87
FRT19B,31.55326,74.3588,88
FRT19B,31.5532,74.35885,89
FRT19B,31.55317,74.35888,90
FRT19B,31.55293,74.35907,91
FRT19B,31.5528717,74.35913889,92
FRT19B,31.55264529,74.35933504,93
FRT19B,31.55248987,74.35950205,94
FRT19B,31.55234141,74.35967603,95
FRT19B,31.55212337,74.3599567,96
FRT19B,31.55205841,74.36007732,97
FRT19B,31.55193547,74.36014923,98
FRT19B,31.55183,74.36018,99
FRT19B,31.55139,74.36071,100
FRT19B,31.55119,74.36093,101
FRT19B,31.55069,74.36156,102
FRT19B,31.55054,74.36176,103
FRT19B,31.55037,74.36195,104
FRT19B,31.55011,74.36224,105
FRT19B,31.54978,74.36266,106
FRT19B,31.54949,74.36301,107
FRT19B,31.54899,74.36362,108
FRT19B,31.54839,74.36436,109
FRT19B,31.54834,74.36443,110
FRT19B,31.5481,74.36476,111
FRT19B,31.5479,74.36503,112
FRT19B,31.54721,74.36595,113
FRT19B,31.5472,74.36597,114
FRT19B,31.54672,74.3666,115
FRT19B,31.54667,74.36667,116
FRT19B,31.54648,74.36688,117
FRT19B,31.54628,74.3671,118
FRT19B,31.54605,74.36733,119
FRT19B,31.54579,74.36756,120
FRT19B,31.54562,74.36767,121
FRT19B,31.54501,74.36802,122
FRT19B,31.54485,74.36811,123
FRT19B,31.54476,74.36815,124
FRT19B,31.54462,74.36824,125
FRT19B,31.54446,74.36834,126
FRT19B,31.54414,74.36852,127
FRT19B,31.54395,74.36862,128
FRT19B,31.54386,74.36866,129
FRT19B,31.5437,74.36876,130
FRT19B,31.5434038,74.36885024,131
FRT19B,31.5432623,74.36890128,132
FRT19B,31.54315328,74.36894767,133
FRT19B,31.54307441,74.36898246,134
FRT19B,31.5428842,74.36904741,135
FRT19B,31.54262903,74.369117,136
FRT19B,31.54241563,74.36918195,137
FRT19B,31.54184,74.3693,138
FRT19B,31.54147,74.36936,139
FRT19B,31.54122,74.3694,140
FRT19B,31.54106,74.36942,141
FRT19B,31.54088,74.36945,142
FRT19B,31.54072,74.36946,143
FRT19B,31.54065,74.36947,144
FRT19B,31.54058,74.36948,145
FRT19B,31.54046,74.36948,146
FRT19B,31.54031,74.36947,147
FRT19B,31.54024,74.36947,148
FRT19B,31.54008,74.36946,149
FRT19B,31.54004,74.36945,150
FRT19B,31.53904,74.36942,151
FRT19B,31.53858,74.36938,152
FRT19B,31.53837,74.36936,153
FRT19B,31.53808,74.36933,154
FRT19B,31.53464,74.36917,155
FRT19B,31.53429,74.36915,156
FRT19B,31.5342,74.36915,157
FRT19B,31.53418,74.36915,158
FRT19B,31.53408,74.36914,159
FRT19B,31.53407,74.36914,160
FRT19B,31.53393,74.36913,161
FRT19B,31.53364,74.36911,162
FRT19B,31.53283,74.369,163
FRT19B,31.53174,74.36895,164
FRT19B,31.53063,74.36889,165
FRT19B,31.53025,74.36888,166
FRT19B,31.53017,74.36888,167
FRT19B,31.52990111,74.36883169,168
FRT19B,31.52962275,74.36878065,169
FRT19B,31.52949285,74.36878529,170
FRT19B,31.52934903,74.36877601,171
FRT19B,31.52914954,74.36875746,172
FRT19B,31.52901037,74.36875282,173
FRT19B,31.5289199,74.36875746,174
FRT19B,31.52873897,74.3687505,175
FRT19B,31.52858819,74.36874586,176
FRT19B,31.52829823,74.36874122,177
FRT19B,31.52798508,74.36874122,178
FRT19B,31.52745,74.36871,179
FRT19B,31.52695,74.3687,180
FRT19B,31.52664,74.3687,181
FRT19B,31.52654,74.3687,182
FRT19B,31.52638,74.36871,183
FRT19B,31.52634,74.36871,184
FRT19B,31.52617,74.36871,185
FRT19B,31.52611,74.36871,186
FRT19B,31.5259,74.3687,187
FRT19B,31.52558,74.36869,188
FRT19B,31.52543,74.36868,189
FRT19B,31.52532,74.36867,190
FRT19B,31.52524,74.36866,191
FRT19B,31.52519,74.36866,192
FRT19B,31.52506,74.36865,193
FRT19B,31.52485,74.36864,194
FRT19B,31.52436,74.36864,195
FRT19B,31.52411,74.36861,196
FRT19B,31.52396,74.36863,197
FRT19B,31.52381,74.36864,198
FRT19B,31.52367517,74.3686322,199
FRT19B,31.52334578,74.3686206,200
FRT19B,31.52319036,74.368609,201
FRT19B,31.52298159,74.36860668,202
FRT19B,31.52274963,74.36859972,203
FRT19B,31.52259653,74.368609,204
FRT19B,31.52242024,74.36861364,205
FRT19B,31.52228106,74.36858812,206
FRT19B,31.52210476,74.36858116,207
FRT19B,31.52199,74.36855,208
FRT19B,31.52149,74.36854,209
FRT19B,31.5211,74.36852,210
FRT19B,31.52091,74.36851,211
FRT19B,31.52079,74.3685,212
FRT19B,31.52061,74.36849,213
FRT19B,31.52037,74.36848,214
FRT19B,31.52033,74.36848,215
FRT19B,31.52014,74.36847,216
FRT19B,31.51994,74.36846,217
FRT19B,31.51982224,74.3684645,218
FRT19B,31.5196689,74.36846777,219
FRT19B,31.51946662,74.36847429,220
FRT19B,31.51893481,74.36844493,221
FRT19B,31.5184242,74.36844819,222
FRT19B,31.51835,74.36845,223
FRT19B,31.51826,74.36845,224
FRT19B,31.51804,74.36845,225
FRT19B,31.51792,74.36845,226
FRT19B,31.51776,74.36845,227
FRT19B,31.51763,74.36845,228
FRT19B,31.51743,74.36844,229
FRT19B,31.51731,74.36844,230
FRT19B,31.5149,74.36836,231
FRT19B,31.51313,74.3683,232
FRT19B,31.51283,74.36829,233
FRT19B,31.51166,74.36826,234
FRT19B,31.51125,74.36822,235
FRT19B,31.51081,74.3682,236
FRT19B,31.51046,74.36819,237
FRT19B,31.51023,74.36818,238
FRT19B,31.51008,74.36817,239
FRT19B,31.50976,74.36816,240
FRT19B,31.50962,74.36816,241
FRT19B,31.50908,74.36816,242
FRT19B,31.50853,74.36813,243
FRT19B,31.50807,74.36808,244
FRT19B,31.5078,74.36806,245
FRT19B,31.50725946,74.36807951,246
FRT19B,31.50709633,74.36825243,247
FRT19B,31.50700824,74.36836336,248
FRT19B,31.50692993,74.36846777,249
FRT19B,31.50682879,74.36862437,250
FRT19B,31.50682,74.36886,251
FRT19B,31.50674,74.37045,252
FRT19B,31.50674,74.37072,253
FRT19B,31.50672,74.37151,254
FRT19B,31.50669,74.37392,255
FRT19B,31.50665,74.37539,256
FRT19B,31.50661,74.37573,257
FRT19B,31.50659,74.37612,258
FRT19B,31.50656,74.37805,259
FRT19B,31.50656079,74.3781822,260
FRT19B,31.50654919,74.37844664,261
FRT19B,31.50653991,74.37875747,262
FRT19B,31.50651,74.37933,263
FRT19B,31.50649583,74.37980363,264
FRT19B,31.50647264,74.38059232,265
FRT19B,31.50645176,74.38099825,266
FRT19B,31.50644712,74.38126269,267
FRT19B,31.50642,74.38196,268
FRT19B,31.50642,74.3823,269
FRT19B,31.50641,74.38257,270
FRT19B,31.50638,74.38344,271
FRT19B,31.50637,74.38401,272
FRT19B,31.50636,74.38414,273
FRT19B,31.50636,74.38421,274
FRT19B,31.50636,74.38424,275
FRT19B,31.50636,74.38432,276
FRT19B,31.50632418,74.38540095,277
FRT19B,31.50622444,74.38540327,278
FRT19B,31.50608294,74.38536152,279
FRT19B,31.50599711,74.38524785,280
FRT19B,31.50598087,74.3849695,281
FRT20F,31.36493,74.23339,1
FRT20F,31.36506,74.23335,2
FRT20F,31.36524,74.2333,3
FRT20F,31.36542,74.23325,4
FRT20F,31.36558,74.23316,5
FRT20F,31.36585,74.233,6
FRT20F,31.36608,74.23283,7
FRT20F,31.36614,74.23276,8
FRT20F,31.36637,74.2325,9
FRT20F,31.36658,74.23221,10
FRT20F,31.36685,74.23184,11
FRT20F,31.36727,74.23129,12
FRT20F,31.36734,74.23119,13
FRT20F,31.36752,74.23095,14
FRT20F,31.3678,74.23061,15
FRT20F,31.36797,74.23044,16
FRT20F,31.36805,74.23037,17
FRT20F,31.36811,74.23032,18
FRT20F,31.36831,74.23014,19
FRT20F,31.36851,74.23002,20
FRT20F,31.36854,74.23001,21
FRT20F,31.36873,74.22992,22
FRT20F,31.3688,74.2299,23
FRT20F,31.3689,74.22988,24
FRT20F,31.36892,74.22987,25
FRT20F,31.36917,74.22982,26
FRT20F,31.36936,74.22979,27
FRT20F,31.36943,74.22979,28
FRT20F,31.36952,74.22979,29
FRT20F,31.36966,74.22979,30
FRT20F,31.36979,74.22981,31
FRT20F,31.36982,74.22982,32
FRT20F,31.37001,74.22986,33
FRT20F,31.37027,74.22995,34
FRT20F,31.37031,74.22997,35
FRT20F,31.3705,74.23004,36
FRT20F,31.37064,74.23012,37
FRT20F,31.37066,74.23014,38
FRT20F,31.37080787,74.23027199,39
FRT20F,31.3709,74.23034,40
FRT20F,31.37121,74.2306,41
FRT20F,31.37145,74.23082,42
FRT20F,31.37172,74.23102,43
FRT20F,31.37204,74.23118,44
FRT20F,31.37216,74.23122,45
FRT20F,31.37235,74.23129,46
FRT20F,31.37257,74.23134,47
FRT20F,31.37276,74.23136,48
FRT20F,31.37284,74.23136,49
FRT20F,31.3729,74.23135,50
FRT20F,31.37373,74.23115,51
FRT20F,31.37456,74.23094,52
FRT20F,31.3746,74.23094,53
FRT20F,31.37525,74.23075,54
FRT20F,31.3758,74.23059,55
FRT20F,31.37635,74.23045,56
FRT20F,31.37661,74.23038,57
FRT20F,31.37688,74.23032,58
FRT20F,31.37694,74.2303,59
FRT20F,31.37727,74.23023,60
FRT20F,31.37778,74.23013,61
FRT20F,31.37783,74.23012,62
FRT20F,31.3781,74.23007,63
FRT20F,31.37836,74.23004,64
FRT20F,31.37876,74.23,65
FRT20F,31.3789,74.22999,66
FRT20F,31.37914,74.22998,67
FRT20F,31.3798,74.22998,68
FRT20F,31.38103,74.22997,69
FRT20F,31.38181,74.22999,70
FRT20F,31.38245,74.22999,71
FRT20F,31.38325,74.22999,72
FRT20F,31.38348,74.23,73
FRT20F,31.38375,74.23001,74
FRT20F,31.38388,74.23001,75
FRT20F,31.38434,74.23002,76
FRT20F,31.38475,74.23001,77
FRT20F,31.38595,74.22999,78
FRT20F,31.38602,74.22999,79
FRT20F,31.38734,74.23001,80
FRT20F,31.38809,74.23003,81
FRT20F,31.38848,74.23003,82
FRT20F,31.38861,74.23003,83
FRT20F,31.38946,74.23004,84
FRT20F,31.38953,74.23005,85
FRT20F,31.38961,74.23005,86
FRT20F,31.38977,74.23004,87
FRT20F,31.38982,74.23004,88
FRT20F,31.39,74.23004,89
FRT20F,31.39034,74.23004,90
FRT20F,31.39054,74.23004,91
FRT20F,31.39075,74.23004,92
FRT20F,31.391,74.23003,93
FRT20F,31.39139,74.23001,94
FRT20F,31.39142,74.23001,95
FRT20F,31.39171,74.23,96
FRT20F,31.39196,74.22999,97
FRT20F,31.39304,74.22998,98
FRT20F,31.39322,74.22997,99
FRT20F,31.39427,74.22995,100
FRT20F,31.39621,74.2299,101
FRT20F,31.39664,74.22987,102
FRT20F,31.39673,74.22987,103
FRT20F,31.39693,74.22989,104
FRT20F,31.39696,74.22989,105
FRT20F,31.39786,74.22989,106
FRT20F,31.40006,74.22988,107
FRT20F,31.40041,74.22987,108
FRT20F,31.40076,74.22987,109
FRT20F,31.40182,74.22986,110
FRT20F,31.40211,74.22986,111
FRT20F,31.4041,74.22982,112
FRT20F,31.40471,74.22981,113
FRT20F,31.4053,74.2298,114
FRT20F,31.40583,74.22979,115
FRT20F,31.4067,74.22979,116
FRT20F,31.40749,74.22978,117
FRT20F,31.40758,74.22978,118
FRT20F,31.4081,74.22978,119
FRT20F,31.40865,74.22977,120
FRT20F,31.40912,74.22976,121
FRT20F,31.41025,74.22975,122
FRT20F,31.41115,74.22974,123
FRT20F,31.41172,74.22973,124
FRT20F,31.41201,74.22973,125
FRT20F,31.41278,74.22972,126
FRT20F,31.41292,74.22972,127
FRT20F,31.41401,74.22969,128
FRT20F,31.4142,74.22969,129
FRT20F,31.41429,74.22968,130
FRT20F,31.41579,74.22967,131
FRT20F,31.41762,74.22964,132
FRT20F,31.41763,74.22964,133
FRT20F,31.41765,74.22964,134
FRT20F,31.41766,74.22964,135
FRT20F,31.41767,74.22964,136
FRT20F,31.41768,74.22964,137
FRT20F,31.4177,74.22964,138
FRT20F,31.41771,74.22964,139
FRT20F,31.41772,74.22964,140
FRT20F,31.41773,74.22964,141
FRT20F,31.41774,74.22964,142
FRT20F,31.41776,74.22964,143
FRT20F,31.41777,74.22964,144
FRT20F,31.41778,74.22964,145
FRT20F,31.41779,74.22964,146
FRT20F,31.4178,74.22964,147
FRT20F,31.41782,74.22964,148
FRT20F,31.41783,74.22964,149
FRT20F,31.41784,74.22964,150
FRT20F,31.41785,74.22964,151
FRT20F,31.41787,74.22964,152
FRT20F,31.41788,74.22964,153
FRT20F,31.41789,74.22964,154
FRT20F,31.4179,74.22964,155
FRT20F,31.41792,74.22964,156
FRT20F,31.41793,74.22964,157
FRT20F,31.41794,74.22964,158
FRT20F,31.41796,74.22964,159
FRT20F,31.41797,74.22964,160
FRT20F,31.41798,74.22964,161
FRT20F,31.41799,74.22964,162
FRT20F,31.41801,74.22964,163
FRT20F,31.41802,74.22964,164
FRT20F,31.41803,74.22964,165
FRT20F,31.41804,74.22964,166
FRT20F,31.41805,74.22964,167
FRT20F,31.41807,74.22964,168
FRT20F,31.41808,74.22964,169
FRT20F,31.41809,74.22964,170
FRT20F,31.4181,74.22964,171
FRT20F,31.41811,74.22964,172
FRT20F,31.41813,74.22963,173
FRT20F,31.41814,74.22963,174
FRT20F,31.41815,74.22963,175
FRT20F,31.41816,74.22963,176
FRT20F,31.41818,74.22963,177
FRT20F,31.41819,74.22963,178
FRT20F,31.4182,74.22963,179
FRT20F,31.41821,74.22963,180
FRT20F,31.41822,74.22963,181
FRT20F,31.41824,74.22963,182
FRT20F,31.41825,74.22963,183
FRT20F,31.41826,74.22963,184
FRT20F,31.41827,74.22963,185
FRT20F,31.41828,74.22963,186
FRT20F,31.4183,74.22963,187
FRT20F,31.41831,74.22963,188
FRT20F,31.41832,74.22963,189
FRT20F,31.41833,74.22963,190
FRT20F,31.41835,74.22963,191
FRT20F,31.41836,74.22963,192
FRT20F,31.41837,74.22963,193
FRT20F,31.41838,74.22963,194
FRT20F,31.41839,74.22963,195
FRT20F,31.41841,74.22963,196
FRT20F,31.41842,74.22963,197
FRT20F,31.41843,74.22963,198
FRT20F,31.41844,74.22963,199
FRT20F,31.41846,74.22963,200
FRT20F,31.41847,74.22963,201
FRT20F,31.41848,74.22963,202
FRT20F,31.41849,74.22963,203
FRT20F,31.4185,74.22963,204
FRT20F,31.41852,74.22963,205
FRT20F,31.41853,74.22963,206
FRT20F,31.41854,74.22963,207
FRT20F,31.41855,74.22963,208
FRT20F,31.41856,74.22963,209
FRT20F,31.41858,74.22963,210
FRT20F,31.41859,74.22963,211
FRT20F,31.4186,74.22963,212
FRT20F,31.41861,74.22963,213
FRT20F,31.41863,74.22963,214
FRT20F,31.41864,74.22963,215
FRT20F,31.41865,74.22963,216
FRT20F,31.41866,74.22963,217
FRT20F,31.41867,74.22963,218
FRT20F,31.41869,74.22963,219
FRT20F,31.4187,74.22963,220
FRT20F,31.41871,74.22963,221
FRT20F,31.41872,74.22963,222
FRT20F,31.41873,74.22963,223
FRT20F,31.41875,74.22963,224
FRT20F,31.41876,74.22963,225
FRT20F,31.41877,74.22963,226
FRT20F,31.41878,74.22963,227
FRT20F,31.4188,74.22963,228
FRT20F,31.41881,74.22963,229
FRT20F,31.41882,74.22963,230
FRT20F,31.41883,74.22963,231
FRT20F,31.41884,74.22963,232
FRT20F,31.41956,74.22962,233
FRT20F,31.42117,74.22961,234
FRT20F,31.4216136,74.22961238,235
FRT20F,31.42188766,74.22960259,236
FRT20F,31.42217,74.22961,237
FRT20F,31.42231,74.22961,238
FRT20F,31.42258,74.22961,239
FRT20F,31.42298,74.22962,240
FRT20F,31.42306,74.22963,241
FRT20F,31.42316,74.22964,242
FRT20F,31.42329,74.22965,243
FRT20F,31.42344,74.22967,244
FRT20F,31.42356,74.22969,245
FRT20F,31.42389,74.22977,246
FRT20F,31.42409,74.22982,247
FRT20F,31.42419,74.22984,248
FRT20F,31.42463,74.22993,249
FRT20F,31.42473,74.22995,250
FRT20F,31.42516,74.23004,251
FRT20F,31.42522,74.23005,252
FRT20F,31.42554,74.23012,253
FRT20F,31.42589,74.23019,254
FRT20F,31.42623,74.23024,255
FRT20F,31.42663,74.23033,256
FRT20F,31.42721,74.23045,257
FRT20F,31.42776,74.23056,258
FRT20F,31.42791,74.23059,259
FRT20F,31.42892,74.23079,260
FRT20F,31.43057,74.23117,261
FRT20F,31.43067,74.23119,262
FRT20F,31.43118,74.23131,263
FRT20F,31.43128,74.23133,264
FRT20F,31.43175,74.23144,265
FRT20F,31.43306546,74.2317543,266
FRT20F,31.43342435,74.2318326,267
FRT20F,31.43406709,74.23199573,268
FRT20F,31.43420412,74.2320202,269
FRT20F,31.43437051,74.23204794,270
FRT20F,31.4344896,74.23207241,271
FRT20F,31.43459237,74.23208872,272
FRT20F,31.43468536,74.23209851,273
FRT20F,31.43480118,74.23209851,274
FRT20F,31.43491048,74.23211156,275
FRT20F,31.43511766,74.23210829,276
FRT20F,31.43540803,74.23208382,277
FRT20F,31.43585828,74.23204794,278
FRT20F,31.43655974,74.23202183,279
FRT20F,31.43677182,74.23201857,280
FRT20F,31.43701651,74.23199247,281
FRT20F,31.43714049,74.23198921,282
FRT20F,31.43727589,74.23198921,283
FRT20F,31.43739824,74.23197779,284
FRT20F,31.43779,74.23199,285
FRT20F,31.43788,74.23199,286
FRT20F,31.43826,74.23196,287
FRT20F,31.43866,74.23195,288
FRT20F,31.43923,74.23192,289
FRT20F,31.43959236,74.23189296,290
FRT20F,31.43999,74.23188,291
FRT20F,31.44041,74.23186,292
FRT20F,31.44071,74.23185,293
FRT20F,31.44091,74.23184,294
FRT20F,31.44095,74.23184,295
FRT20F,31.44126,74.23183,296
FRT20F,31.4417,74.23181,297
FRT20F,31.44198,74.23179,298
FRT20F,31.44218,74.23181,299
FRT20F,31.44231,74.23184,300
FRT20F,31.44244,74.23189,301
FRT20F,31.44255,74.23195,302
FRT20F,31.44266,74.23204,303
FRT20F,31.44275,74.23212,304
FRT20F,31.44288,74.23228,305
FRT20F,31.44297,74.2324,306
FRT20F,31.44305,74.2325,307
FRT20F,31.44315,74.23265,308
FRT20F,31.44316,74.23266,309
FRT20F,31.44343,74.23312,310
FRT20F,31.44362,74.23342,311
FRT20F,31.44374,74.23363,312
FRT20F,31.44398,74.23402,313
FRT20F,31.4445,74.23477,314
FRT20F,31.44461,74.23496,315
FRT20F,31.44557,74.23648,316
FRT20F,31.44578,74.23678,317
FRT20F,31.44587,74.23691,318
FRT20F,31.44616,74.23737,319
FRT20F,31.44715,74.23888,320
FRT20F,31.44829,74.24073,321
FRT20F,31.44853,74.24108,322
FRT20F,31.44939,74.24234,323
FRT20F,31.44946,74.24246,324
FRT20F,31.4496,74.24269,325
FRT20F,31.44968,74.2428,326
FRT20F,31.4498,74.24303,327
FRT20F,31.45018,74.24367,328
FRT20F,31.45034,74.24393,329
FRT20F,31.45037,74.24398,330
FRT20F,31.45073,74.24454,331
FRT20F,31.45085,74.24474,332
FRT20F,31.45089,74.2448,333
FRT20F,31.45102,74.24498,334
FRT20F,31.45114,74.24514,335
FRT20F,31.45122,74.24523,336
FRT20F,31.45133,74.24531,337
FRT20F,31.45139,74.24536,338
FRT20F,31.45143,74.24539,339
FRT20F,31.45147,74.24541,340
FRT20F,31.45156,74.24545,341
FRT20F,31.45167,74.24549,342
FRT20F,31.45178,74.2455,343
FRT20F,31.45218,74.24544,344
FRT20F,31.45351,74.24525,345
FRT20F,31.45448,74.24515,346
FRT20F,31.45565,74.24501,347
FRT20F,31.45623,74.24492,348
FRT20F,31.45676,74.24485,349
FRT20F,31.45771,74.24474,350
FRT20F,31.4579,74.24472,351
FRT20F,31.45845,74.24465,352
FRT20F,31.45862,74.24463,353
FRT20F,31.45912,74.24456,354
FRT20F,31.45927,74.24453,355
FRT20F,31.45929,74.24453,356
FRT20F,31.4596,74.2445,357
FRT20F,31.4599,74.24447,358
FRT20F,31.46055,74.24438,359
FRT20F,31.46146,74.24427,360
FRT20F,31.46305,74.24397,361
FRT20F,31.4636,74.24387,362
FRT20F,31.46418,74.24376,363
FRT20F,31.46482,74.24368,364
FRT20F,31.46507,74.24364,365
FRT20F,31.46558,74.24355,366
FRT20F,31.46596,74.24346,367
FRT20F,31.46641,74.24335,368
FRT20F,31.46644,74.24352,369
FRT20F,31.46623,74.24356,370
FRT20F,31.46573,74.24368,371
FRT20B,31.4648,74.24382,1
FRT20B,31.4642,74.24393,2
FRT20B,31.4637,74.244,3
FRT20B,31.4636,74.24402,4
FRT20B,31.46349,74.24404,5
FRT20B,31.46334,74.24407,6
FRT20B,31.46274404,74.24415721,7
FRT20B,31.46247324,74.24420615,8
FRT20B,31.46157,74.24435,9
FRT20B,31.46148,74.24436,10
FRT20B,31.46114,74.24441,11
FRT20B,31.46083,74.24445,12
FRT20B,31.46036,74.24451,13
FRT20B,31.46016,74.24454,14
FRT20B,31.45933,74.24463,15
FRT20B,31.45887,74.24469,16
FRT20B,31.45792,74.24482,17
FRT20B,31.45704,74.24493,18
FRT20B,31.45622203,74.24501447,19
FRT20B,31.45566085,74.24507972,20
FRT20B,31.45501159,74.24515476,21
FRT20B,31.45446347,74.24522817,22
FRT20B,31.45431338,74.24524938,23
FRT20B,31.45362823,74.245344,24
FRT20B,31.45345857,74.24535868,25
FRT20B,31.45279789,74.24544677,26
FRT20B,31.45192187,74.24556259,27
FRT20B,31.45181747,74.24556749,28
FRT20B,31.45174079,74.24556749,29
FRT20B,31.45163965,74.24557075,30
FRT20B,31.4515589,74.24556667,31
FRT20B,31.45148549,74.24554954,32
FRT20B,31.45142,74.24552,33
FRT20B,31.45138,74.2455,34
FRT20B,31.4513,74.24542,35
FRT20B,31.45123,74.24535,36
FRT20B,31.45119,74.24532,37
FRT20B,31.4511,74.2452,38
FRT20B,31.45091,74.24493,39
FRT20B,31.45081,74.2448,40
FRT20B,31.45072,74.24467,41
FRT20B,31.45048,74.2443,42
FRT20B,31.45034,74.24406,43
FRT20B,31.4498,74.24324,44
FRT20B,31.44963802,74.24301855,45
FRT20B,31.44947163,74.24273797,46
FRT20B,31.4493,74.24245,47
FRT20B,31.44843,74.24108,48
FRT20B,31.44803,74.24044,49
FRT20B,31.44769,74.23992,50
FRT20B,31.44709,74.23898,51
FRT20B,31.44611,74.23747,52
FRT20B,31.44551,74.23653,53
FRT20B,31.44493,74.2356,54
FRT20B,31.44477,74.23538,55
FRT20B,31.44442,74.23482,56
FRT20B,31.44404,74.23424,57
FRT20B,31.44379,74.23384,58
FRT20B,31.44322,74.23294,59
FRT20B,31.44307,74.23272,60
FRT20B,31.44288,74.23244,61
FRT20B,31.44279,74.23234,62
FRT20B,31.44268,74.23223,63
FRT20B,31.44255,74.23211,64
FRT20B,31.44245,74.23204,65
FRT20B,31.44231,74.23198,66
FRT20B,31.44215,74.23192,67
FRT20B,31.44199,74.23191,68
FRT20B,31.44171,74.23191,69
FRT20B,31.44104098,74.23191906,70
FRT20B,31.4404798,74.23195169,71
FRT20B,31.43992515,74.23197453,72
FRT20B,31.43928894,74.23200389,73
FRT20B,31.43901162,74.23201042,74
FRT20B,31.43862662,74.23202999,75
FRT20B,31.43812418,74.23205283,76
FRT20B,31.43788,74.23208,77
FRT20B,31.4375108,74.23208219,78
FRT20B,31.43720411,74.23210177,79
FRT20B,31.43628405,74.2321344,80
FRT20B,31.43590395,74.23214092,81
FRT20B,31.43564294,74.2321556,82
FRT20B,31.43531668,74.23218497,83
FRT20B,31.43506382,74.23220454,84
FRT20B,31.43493332,74.23220291,85
FRT20B,31.43484849,74.2322078,86
FRT20B,31.43473593,74.23219965,87
FRT20B,31.43464131,74.23219149,88
FRT20B,31.43446024,74.23216376,89
FRT20B,31.43374,74.23204,90
FRT20B,31.43339,74.23196,91
FRT20B,31.43332,74.23194,92
FRT20B,31.43316,74.2319,93
FRT20B,31.43242,74.23172,94
FRT20B,31.43207,74.23163,95
FRT20B,31.43151,74.23149,96
FRT20B,31.43143,74.23147,97
FRT20B,31.43137,74.23146,98
FRT20B,31.43126,74.23143,99
FRT20B,31.43055,74.23127,100
FRT20B,31.43018,74.23118,101
FRT20B,31.42927,74.23098,102
FRT20B,31.42892,74.23091,103
FRT20B,31.42852,74.23083,104
FRT20B,31.4279,74.2307,105
FRT20B,31.42723,74.23056,106
FRT20B,31.42701,74.23051,107
FRT20B,31.4267,74.23045,108
FRT20B,31.42528,74.23015,109
FRT20B,31.4251,74.23012,110
FRT20B,31.42492,74.23009,111
FRT20B,31.42474,74.23006,112
FRT20B,31.4247,74.23005,113
FRT20B,31.42452,74.23002,114
FRT20B,31.42434,74.22998,115
FRT20B,31.42416,74.22994,116
FRT20B,31.42392,74.22988,117
FRT20B,31.42375,74.22984,118
FRT20B,31.42362,74.2298,119
FRT20B,31.42359,74.2298,120
FRT20B,31.42355,74.22979,121
FRT20B,31.42343,74.22977,122
FRT20B,31.42327,74.22976,123
FRT20B,31.42312,74.22974,124
FRT20B,31.42267,74.22972,125
FRT20B,31.42249,74.22972,126
FRT20B,31.42232,74.22972,127
FRT20B,31.42231,74.22972,128
FRT20B,31.42218,74.22972,129
FRT20B,31.42188,74.22972,130
FRT20B,31.42171,74.22972,131
FRT20B,31.42044,74.22974,132
FRT20B,31.42021,74.22974,133
FRT20B,31.41964,74.22974,134
FRT20B,31.41874,74.22975,135
FRT20B,31.41802,74.22976,136
FRT20B,31.41726,74.22976,137
FRT20B,31.41528,74.22978,138
FRT20B,31.41428,74.22979,139
FRT20B,31.41419,74.2298,140
FRT20B,31.41358,74.22983,141
FRT20B,31.412,74.22985,142
FRT20B,31.41172,74.22985,143
FRT20B,31.41118,74.22985,144
FRT20B,31.41025,74.22984,145
FRT20B,31.40758,74.22989,146
FRT20B,31.40749,74.22989,147
FRT20B,31.4067,74.22989,148
FRT20B,31.40641,74.2299,149
FRT20B,31.40571,74.22991,150
FRT20B,31.40472,74.2299,151
FRT20B,31.40226,74.22995,152
FRT20B,31.40182,74.22996,153
FRT20B,31.40161,74.22995,154
FRT20B,31.40082,74.22996,155
FRT20B,31.4003,74.22997,156
FRT20B,31.40008,74.22998,157
FRT20B,31.3992,74.22999,158
FRT20B,31.39802,74.22999,159
FRT20B,31.39792,74.22999,160
FRT20B,31.39768,74.23,161
FRT20B,31.39698,74.23,162
FRT20B,31.39671,74.23,163
FRT20B,31.39662,74.23001,164
FRT20B,31.39634,74.23002,165
FRT20B,31.39427,74.23004,166
FRT20B,31.39372,74.23005,167
FRT20B,31.39226,74.23007,168
FRT20B,31.39189,74.23008,169
FRT20B,31.39116,74.2301,170
FRT20B,31.39052,74.23012,171
FRT20B,31.39021,74.23013,172
FRT20B,31.38993,74.23014,173
FRT20B,31.38939,74.23015,174
FRT20B,31.38861,74.23013,175
FRT20B,31.38848,74.23012,176
FRT20B,31.38837,74.23012,177
FRT20B,31.38773,74.2301,178
FRT20B,31.38767,74.2301,179
FRT20B,31.3872,74.2301,180
FRT20B,31.38714,74.2301,181
FRT20B,31.38582,74.23012,182
FRT20B,31.3849,74.23012,183
FRT20B,31.38455,74.23012,184
FRT20B,31.38388,74.23011,185
FRT20B,31.38192,74.23011,186
FRT20B,31.38103,74.23008,187
FRT20B,31.38052,74.23007,188
FRT20B,31.3798,74.23006,189
FRT20B,31.37934,74.23006,190
FRT20B,31.3791,74.23007,191
FRT20B,31.37894,74.23008,192
FRT20B,31.37872,74.23009,193
FRT20B,31.37871,74.2301,194
FRT20B,31.37847,74.23012,195
FRT20B,31.37811,74.23016,196
FRT20B,31.3778,74.23022,197
FRT20B,31.37765242,74.23024247,198
FRT20B,31.37760104,74.23026205,199
FRT20B,31.37756,74.23027,200
FRT20B,31.37742,74.2303,201
FRT20B,31.37723,74.23034,202
FRT20B,31.37696,74.23043,203
FRT20B,31.37689,74.23044,204
FRT20B,31.37584,74.2307,205
FRT20B,31.37552,74.23078,206
FRT20B,31.37461,74.23102,207
FRT20B,31.37452,74.23104,208
FRT20B,31.37373,74.23125,209
FRT20B,31.37204,74.23169,210
FRT20B,31.37191,74.23172,211
FRT20B,31.37155,74.23182,212
FRT20B,31.37078,74.23202,213
FRT20B,31.37026,74.23215,214
FRT20B,31.36984,74.23225,215
FRT20B,31.36955,74.23233,216
FRT20B,31.36903,74.23247,217
FRT20B,31.3689,74.23251,218
FRT20B,31.3688,74.23254,219
FRT20B,31.36857,74.2326,220
FRT20B,31.36705,74.23298,221
FRT20B,31.36691,74.23301,222
FRT20B,31.36663,74.23309,223
FRT20B,31.36577,74.23331,224
FRT20B,31.36549,74.23339,225
FRT20B,31.3651,74.23348,226
FRT20B,31.36479,74.23356,227
FRT20B,31.36474,74.23358,228
FRT20B,31.36458,74.23366,229
FRT20B,31.36443,74.23374,230
FRT20B,31.36426,74.23384,231
FRT20B,31.36425,74.23393,232
FRT20B,31.36421,74.23405,233
FRT20B,31.36415,74.23415,234
FRT20B,31.36415,74.23416,235
FRT20B,31.36408,74.23424,236
FRT20B,31.36399,74.23431,237
FRT20B,31.3639,74.23434,238
FRT20B,31.36389,74.23435,239
FRT20B,31.36378,74.23434,240
FRT20B,31.3637,74.23432,241
FRT20B,31.36367,74.23432,242
FRT20B,31.36358,74.23427,243
FRT20B,31.3635,74.23421,244
FRT20B,31.36345,74.23415,245
FRT20B,31.36343,74.23412,246
FRT20B,31.36337,74.23402,247
FRT20B,31.36335,74.23391,248
FRT20B,31.36333,74.23379,249
FRT20B,31.36333,74.23373,250
FRT20B,31.36333,74.23369,251
FRT20B,31.36335,74.23364,252
FRT20B,31.36336,74.23359,253
FRT20B,31.36342,74.23348,254
FRT20B,31.36348,74.23341,255
FRT20B,31.36355,74.23334,256
FRT20B,31.36363,74.2333,257
FRT20B,31.3637,74.23328,258
FRT20B,31.36373,74.23328,259
FRT20B,31.36381,74.23327,260
FRT20B,31.36383,74.23327,261
FRT20B,31.36392,74.23328,262
FRT20B,31.364,74.23331,263
FRT20B,31.36409,74.23337,264
FRT20B,31.36445,74.2334,265
FRT20B,31.36461,74.23341,266
FRT20B,31.36477,74.23341,267
FRT20B,31.36493,74.23339,268
FRT20B,31.36506,74.23335,269
MTRT1F,31.46389583,74.24391714,1
MTRT1F,31.46396996,74.24390403,2
MTRT1F,31.46614862,74.24351878,3
MTRT1F,31.46654569,74.24342319,4
MTRT1F,31.46688761,74.24330187,5
MTRT1F,31.46755674,74.24298201,6
MTRT1F,31.47002001,74.24172463,7
MTRT1F,31.47073326,74.24137168,8
MTRT1F,31.4712443,74.24125036,9
MTRT1F,31.47157887,74.24120992,10
MTRT1F,31.47182887,74.24121359,11
MTRT1F,31.47217446,74.241243,12
MTRT1F,31.47267447,74.24137536,13
MTRT1F,31.47461568,74.24227243,14
MTRT1F,31.47507893,74.24253347,15
MTRT1F,31.47569659,74.24298568,16
MTRT1F,31.47630689,74.24351878,17
MTRT1F,31.47673705,74.24398202,18
MTRT1F,31.47706426,74.24438644,19
MTRT1F,31.47750177,74.24500042,20
MTRT1F,31.47849811,74.24633501,21
MTRT1F,31.47900547,74.24704826,22
MTRT1F,31.47942459,74.24758871,23
MTRT1F,31.48031799,74.2487027,24
MTRT1F,31.48173714,74.25047111,25
MTRT1F,31.48231067,74.25121745,26
MTRT1F,31.4827298,74.25180202,27
MTRT1F,31.48320407,74.25259615,28
MTRT1F,31.48380335,74.2535594,29
MTRT1F,31.48443571,74.25459986,30
MTRT1F,31.48531808,74.25607783,31
MTRT1F,31.48558647,74.25652637,32
MTRT1F,31.48589897,74.25716976,33
MTRT1F,31.48610486,74.25768448,34
MTRT1F,31.48668208,74.25940509,35
MTRT1F,31.4868034,74.25968451,36
MTRT1F,31.48702032,74.26004481,37
MTRT1F,31.48721885,74.26026908,38
MTRT1F,31.4873843,74.26044188,39
MTRT1F,31.48763062,74.26063306,40
MTRT1F,31.48793578,74.26080218,41
MTRT1F,31.48830711,74.26093821,42
MTRT1F,31.48930712,74.26128748,43
MTRT1F,31.4912373,74.26200073,44
MTRT1F,31.49324837,74.26273604,45
MTRT1F,31.49554988,74.26374341,46
MTRT1F,31.49658666,74.26423606,47
MTRT1F,31.49826684,74.26511475,48
MTRT1F,31.49931,74.26565487,49
MTRT1F,31.4999507,74.26602286,50
MTRT1F,31.50128895,74.26691258,51
MTRT1F,31.50378165,74.26859276,52
MTRT1F,31.50641772,74.2703722,53
MTRT1F,31.50852438,74.27176561,54
MTRT1F,31.51060897,74.27317004,55
MTRT1F,31.51156855,74.27380241,56
MTRT1F,31.51219356,74.27422153,57
MTRT1F,31.51295828,74.27466639,58
MTRT1F,31.51403551,74.27526935,59
MTRT1F,31.51446862,74.27552731,60
MTRT1F,31.51525979,74.27606716,61
MTRT1F,31.51787749,74.27794219,62
MTRT1F,31.51891427,74.27870691,63
MTRT1F,31.51938854,74.27908927,64
MTRT1F,31.52015694,74.27985766,65
MTRT1F,31.5211349,74.2807915,66
MTRT1F,31.52254301,74.28215918,67
MTRT1F,31.52302464,74.28262242,68
MTRT1F,31.52326729,74.28280992,69
MTRT1F,31.52350259,74.28296801,70
MTRT1F,31.52376362,74.28308934,71
MTRT1F,31.52409818,74.28320331,72
MTRT1F,31.52613499,74.28376582,73
MTRT1F,31.52676082,74.28396585,74
MTRT1F,31.52716809,74.28418495,75
MTRT1F,31.52823429,74.2849129,76
MTRT1F,31.52908724,74.28549012,77
MTRT1F,31.52954313,74.28579527,78
MTRT1F,31.53036668,74.28636513,79
MTRT1F,31.53122699,74.286935,80
MTRT1F,31.53256525,74.28787251,81
MTRT1F,31.53470867,74.28936886,82
MTRT1F,31.53546236,74.28989093,83
MTRT1F,31.53671973,74.29084315,84
MTRT1F,31.53744033,74.29140934,85
MTRT1F,31.53818299,74.29200862,86
MTRT1F,31.53853962,74.29224759,87
MTRT1F,31.53922345,74.29253068,88
MTRT1F,31.5405948,74.29315569,89
MTRT1F,31.54114996,74.29340938,90
MTRT1F,31.54191836,74.29367776,91
MTRT1F,31.54280808,74.29392409,92
MTRT1F,31.54315367,74.29405645,93
MTRT1F,31.54344412,74.29421454,94
MTRT1F,31.54396986,74.2946116,95
MTRT1F,31.54542945,74.2956153,96
MTRT1F,31.54601769,74.2960381,97
MTRT1F,31.54659407,74.29651826,98
MTRT1F,31.54732286,74.29719253,99
MTRT1F,31.54802141,74.29786534,100
MTRT1F,31.54887436,74.29856388,101
MTRT1F,31.54966849,74.29918889,102
MTRT1F,31.55061704,74.29992787,103
MTRT1F,31.55091852,74.30024773,104
MTRT1F,31.5512494,74.30075509,105
MTRT1F,31.55175309,74.30163746,106
MTRT1F,31.55190383,74.30191688,107
MTRT1F,31.55252884,74.30329191,108
MTRT1F,31.55271634,74.30375147,109
MTRT1F,31.55295899,74.30411913,110
MTRT1F,31.55326047,74.30449413,111
MTRT1F,31.55351415,74.30472575,112
MTRT1F,31.55378621,74.30492429,113
MTRT1F,31.5540546,74.30508605,114
MTRT1F,31.55428255,74.30517797,115
MTRT1F,31.55463917,74.30525885,116
MTRT1F,31.55555463,74.30536915,117
MTRT1F,31.55602522,74.30546841,118
MTRT1F,31.55644803,74.30558974,119
MTRT1F,31.55697745,74.30582871,120
MTRT1F,31.56049222,74.30748316,121
MTRT1F,31.56181945,74.30858244,122
MTRT1F,31.5640364,74.31085086,123
MTRT1F,31.5641375,74.3110016,124
MTRT1F,31.56414853,74.31102734,125
MTRT1F,31.56414853,74.31105123,126
MTRT1F,31.56414761,74.31107513,127
MTRT1F,31.56412555,74.31112293,128
MTRT1F,31.56428732,74.3111744,129
MTRT1F,31.56452262,74.31122219,130
MTRT1F,31.56476895,74.31127734,131
MTRT1F,31.56496748,74.31146852,132
MTRT1F,31.56561455,74.31431784,133
MTRT1F,31.56609985,74.31655685,134
MTRT1F,31.56626897,74.3176929,135
MTRT1F,31.56635353,74.31846129,136
MTRT1F,31.56654104,74.32050545,137
MTRT1F,31.56661089,74.32089516,138
MTRT1F,31.56672119,74.32156797,139
MTRT1F,31.5672359,74.32443199,140
MTRT1F,31.56732046,74.32478126,141
MTRT1F,31.56746385,74.32512685,142
MTRT1F,31.56755209,74.32534745,143
MTRT1F,31.56780944,74.32576657,144
MTRT1F,31.56811827,74.32629232,145
MTRT1F,31.56898593,74.32770411,146
MTRT1F,31.56926167,74.32819676,147
MTRT1F,31.56949697,74.32856442,148
MTRT1F,31.56976168,74.32906442,149
MTRT1F,31.56989404,74.32935855,150
MTRT1F,31.57006684,74.32986959,151
MTRT1F,31.57021022,74.3303843,152
MTRT1F,31.57041978,74.33101667,153
MTRT1F,31.57073229,74.33189168,154
MTRT1F,31.57094553,74.3324211,155
MTRT1F,31.57130951,74.333377,156
MTRT1F,31.57157054,74.33410128,157
MTRT1F,31.57174701,74.33457923,158
MTRT1F,31.57200437,74.33523733,159
MTRT1F,31.5725632,74.33662338,160
MTRT1F,31.57284262,74.3373881,161
MTRT1F,31.57330219,74.33853518,162
MTRT1F,31.57368822,74.33944696,163
MTRT1F,31.57408161,74.34038816,164
MTRT1F,31.57425809,74.34083669,165
MTRT1F,31.57445294,74.3412595,166
MTRT1F,31.57468457,74.34171906,167
MTRT1F,31.57485369,74.3420426,168
MTRT1F,31.57503751,74.34236246,169
MTRT1F,31.57558532,74.34334777,170
MTRT1F,31.57575811,74.34381469,171
MTRT1F,31.57584268,74.34407572,172
MTRT1F,31.57589047,74.34436249,173
MTRT1F,31.57605591,74.34584414,174
MTRT1F,31.57610739,74.34655371,175
MTRT1F,31.57610371,74.34687724,176
MTRT1F,31.57608165,74.3471971,177
MTRT1F,31.57603018,74.34754637,178
MTRT1F,31.57593827,74.3479655,179
MTRT1F,31.57584268,74.34834786,180
MTRT1F,31.57575444,74.34877066,181
MTRT1F,31.57570664,74.34909052,182
MTRT1F,31.57568458,74.34924861,183
MTRT1F,31.57568458,74.34942876,184
MTRT1F,31.57569194,74.34963832,185
MTRT1F,31.57569194,74.3497523,186
MTRT1F,31.57570297,74.3498773,187
MTRT1F,31.5757287,74.35002804,188
MTRT1F,31.57589782,74.35134791,189
MTRT1F,31.57611474,74.35298765,190
MTRT1F,31.57628754,74.35419723,191
MTRT1F,31.57646033,74.35528916,192
MTRT1F,31.57702284,74.35904658,193
MTRT1F,31.57752285,74.36175251,194
MTRT1F,31.57764786,74.36244002,195
MTRT1F,31.57790154,74.36383343,196
MTRT1F,31.57805227,74.36478565,197
MTRT1F,31.57843096,74.36674525,198
MTRT1F,31.57860376,74.36782615,199
MTRT1F,31.57871037,74.36834454,200
MTRT1F,31.57882802,74.36885558,201
MTRT1F,31.57896773,74.36936662,202
MTRT1F,31.57921038,74.37005413,203
MTRT1F,31.57971407,74.3714218,204
MTRT1F,31.57991628,74.37195122,205
MTRT1F,31.58016996,74.37263138,206
MTRT1F,31.58042364,74.37317183,207
MTRT1F,31.580681,74.37363875,208
MTRT1F,31.58094203,74.37413876,209
MTRT1F,31.58160749,74.3753557,210
MTRT1F,31.58243471,74.37686308,211
MTRT1F,31.58279133,74.37761309,212
MTRT1F,31.58309648,74.37842193,213
MTRT1F,31.58364796,74.38033005,214
MTRT1F,31.58379502,74.38083741,215
MTRT1F,31.58384282,74.38117565,216
MTRT1F,31.58387223,74.38145875,217
MTRT1F,31.58386856,74.38217567,218
MTRT1F,31.58387223,74.38252862,219
MTRT1F,31.58388694,74.38284112,220
MTRT1F,31.58392738,74.38310583,221
MTRT1F,31.5839862,74.38332643,222
MTRT1F,31.58404135,74.38351025,223
MTRT1F,31.5841443,74.38385217,224
MTRT1F,31.58446048,74.38467572,225
MTRT1F,31.58465166,74.3851647,226
MTRT1F,31.58475092,74.38555808,227
MTRT1F,31.58485387,74.38604706,228
MTRT1F,31.58504872,74.38726032,229
MTRT1F,31.58520314,74.38833755,230
MTRT1F,31.58543476,74.38991478,231
MTRT1F,31.5857583,74.39221997,232
MTRT1F,31.58609654,74.39507296,233
MTRT1F,31.58632448,74.39723476,234
MTRT1F,31.58673626,74.40109145,235
MTRT1F,31.58698258,74.40333046,236
MTRT1F,31.58705979,74.40424224,237
MTRT1F,31.58742009,74.40771657,238
MTRT1F,31.58748259,74.40846291,239
MTRT1F,31.58776936,74.4110181,240
MTRT1F,31.58801569,74.41353285,241
MTRT1F,31.58820319,74.41538583,242
MTRT1F,31.58831717,74.41655496,243
MTRT1F,31.58846055,74.41801087,244
MTRT1F,31.58865541,74.4199962,245
MTRT1F,31.58885026,74.42196315,246
MTRT1F,31.58917012,74.42503306,247
MTRT1F,31.5892841,74.42594484,248
MTRT1F,31.58944219,74.42759193,249
MTRT1F,31.58955984,74.42876842,250
MTRT1F,31.58969954,74.43012138,251
MTRT1F,31.58987234,74.43187509,252
MTRT1B,31.58983594,74.43188278,1
MTRT1B,31.58966189,74.43011303,2
MTRT1B,31.58952218,74.42876006,3
MTRT1B,31.58940453,74.42758357,4
MTRT1B,31.58924644,74.42593649,5
MTRT1B,31.58913247,74.4250247,6
MTRT1B,31.58881261,74.4219548,7
MTRT1B,31.58861775,74.41998785,8
MTRT1B,31.58842289,74.41800252,9
MTRT1B,31.58827951,74.41654661,10
MTRT1B,31.58816554,74.41537748,11
MTRT1B,31.58797803,74.4135245,12
MTRT1B,31.5877317,74.41100975,13
MTRT1B,31.58744493,74.40845456,14
MTRT1B,31.58738243,74.40770822,15
MTRT1B,31.58702213,74.4042339,16
MTRT1B,31.58694493,74.40332212,17
MTRT1B,31.5866986,74.40108311,18
MTRT1B,31.58628682,74.39722642,19
MTRT1B,31.58605888,74.39506462,20
MTRT1B,31.58572064,74.39221163,21
MTRT1B,31.5853971,74.38990645,22
MTRT1B,31.58516548,74.38832921,23
MTRT1B,31.58501107,74.38725199,24
MTRT1B,31.58481621,74.38603874,25
MTRT1B,31.58471327,74.38554976,26
MTRT1B,31.584614,74.38515638,27
MTRT1B,31.58442283,74.38466741,28
MTRT1B,31.58410664,74.38384386,29
MTRT1B,31.5840037,74.38350194,30
MTRT1B,31.58394855,74.38331811,31
MTRT1B,31.58388972,74.38309751,32
MTRT1B,31.58384928,74.38283279,33
MTRT1B,31.58383457,74.38252027,34
MTRT1B,31.5838309,74.38216732,35
MTRT1B,31.58383457,74.3814504,36
MTRT1B,31.58380516,74.38116732,37
MTRT1B,31.58375737,74.38082909,38
MTRT1B,31.58361031,74.38032174,39
MTRT1B,31.58305883,74.37841362,40
MTRT1B,31.58275368,74.37760479,41
MTRT1B,31.58239706,74.37685478,42
MTRT1B,31.58156984,74.37534741,43
MTRT1B,31.58090439,74.37413047,44
MTRT1B,31.58064335,74.37363046,45
MTRT1B,31.58038599,74.37316354,46
MTRT1B,31.58013231,74.37262308,47
MTRT1B,31.57987863,74.37194292,48
MTRT1B,31.57967642,74.3714135,49
MTRT1B,31.57917273,74.37004583,50
MTRT1B,31.57893008,74.36935831,51
MTRT1B,31.57879037,74.36884727,52
MTRT1B,31.57867272,74.36833622,53
MTRT1B,31.5785661,74.36781783,54
MTRT1B,31.5783933,74.36673693,55
MTRT1B,31.57801462,74.36477733,56
MTRT1B,31.57786388,74.36382511,57
MTRT1B,31.5776102,74.3624317,58
MTRT1B,31.57748519,74.36174419,59
MTRT1B,31.57698518,74.35903826,60
MTRT1B,31.57642267,74.35528084,61
MTRT1B,31.57624988,74.35418891,62
MTRT1B,31.57607708,74.35297933,63
MTRT1B,31.57586016,74.35133959,64
MTRT1B,31.57569104,74.35001972,65
MTRT1B,31.57566531,74.34986898,66
MTRT1B,31.57565428,74.34974397,67
MTRT1B,31.57565428,74.34962999,68
MTRT1B,31.57564692,74.34942043,69
MTRT1B,31.57564692,74.34924027,70
MTRT1B,31.57566898,74.34908217,71
MTRT1B,31.57571678,74.3487623,72
MTRT1B,31.57580502,74.3483395,73
MTRT1B,31.57590061,74.34795714,74
MTRT1B,31.57599252,74.34753802,75
MTRT1B,31.57604399,74.34718876,76
MTRT1B,31.57606605,74.34686891,77
MTRT1B,31.57606972,74.34654538,78
MTRT1B,31.57601825,74.34583582,79
MTRT1B,31.57585281,74.34435418,80
MTRT1B,31.57580502,74.34406742,81
MTRT1B,31.57572046,74.3438064,82
MTRT1B,31.57554767,74.34333949,83
MTRT1B,31.57499987,74.34235418,84
MTRT1B,31.57481604,74.34203432,85
MTRT1B,31.57464692,74.34171079,86
MTRT1B,31.57441529,74.34125122,87
MTRT1B,31.57422044,74.34082841,88
MTRT1B,31.57404396,74.34037987,89
MTRT1B,31.57365057,74.33943868,90
MTRT1B,31.57326453,74.3385269,91
MTRT1B,31.57280497,74.33737982,92
MTRT1B,31.57252555,74.3366151,93
MTRT1B,31.57196672,74.33522905,94
MTRT1B,31.57170936,74.33457094,95
MTRT1B,31.57153288,74.33409299,96
MTRT1B,31.57127185,74.33336872,97
MTRT1B,31.57090787,74.33241282,98
MTRT1B,31.57069463,74.3318834,99
MTRT1B,31.57038213,74.33100838,100
MTRT1B,31.57017256,74.33037601,101
MTRT1B,31.57002918,74.3298613,102
MTRT1B,31.56985638,74.32935027,103
MTRT1B,31.56972403,74.32905615,104
MTRT1B,31.56945933,74.32855615,105
MTRT1B,31.56922403,74.3281885,106
MTRT1B,31.56894829,74.32769584,107
MTRT1B,31.56808063,74.32628405,108
MTRT1B,31.5677718,74.32575831,109
MTRT1B,31.56751443,74.32533918,110
MTRT1B,31.56742619,74.32511858,111
MTRT1B,31.56728281,74.32477297,112
MTRT1B,31.56719824,74.32442369,113
MTRT1B,31.56668353,74.32155966,114
MTRT1B,31.56657323,74.32088686,115
MTRT1B,31.56650338,74.32049714,116
MTRT1B,31.56631587,74.31845298,117
MTRT1B,31.56623131,74.31768459,118
MTRT1B,31.56606219,74.31654855,119
MTRT1B,31.56557689,74.31430954,120
MTRT1B,31.56492983,74.31146026,121
MTRT1B,31.56475617,74.3112984,122
MTRT1B,31.56447509,74.31123231,123
MTRT1B,31.56428098,74.31119544,124
MTRT1B,31.5641147,74.31114534,125
MTRT1B,31.56409174,74.31113212,126
MTRT1B,31.56410775,74.31110708,127
MTRT1B,31.56411749,74.31107368,128
MTRT1B,31.56412305,74.31104516,129
MTRT1B,31.56411086,74.31101902,130
MTRT1B,31.56409985,74.31099334,131
MTRT1B,31.56399876,74.31084262,132
MTRT1B,31.56178182,74.30857421,133
MTRT1B,31.5604546,74.30747493,134
MTRT1B,31.55693984,74.3058205,135
MTRT1B,31.55643799,74.30560662,136
MTRT1B,31.55602194,74.30548486,137
MTRT1B,31.55555371,74.30538607,138
MTRT1B,31.55462004,74.30527058,139
MTRT1B,31.55428321,74.30519202,140
MTRT1B,31.55405526,74.3051001,141
MTRT1B,31.5537486,74.30491606,142
MTRT1B,31.55347652,74.30471753,143
MTRT1B,31.55322283,74.3044859,144
MTRT1B,31.55292135,74.30411088,145
MTRT1B,31.55269982,74.30376223,146
MTRT1B,31.55249118,74.30328364,147
MTRT1B,31.55186618,74.30190862,148
MTRT1B,31.55171544,74.30162921,149
MTRT1B,31.55121176,74.30074684,150
MTRT1B,31.55088087,74.30023949,151
MTRT1B,31.55057941,74.29991964,152
MTRT1B,31.54963087,74.29918067,153
MTRT1B,31.54883674,74.29855565,154
MTRT1B,31.54798378,74.29785711,155
MTRT1B,31.54728523,74.2971843,156
MTRT1B,31.54658711,74.29653218,157
MTRT1B,31.54598007,74.29602988,158
MTRT1B,31.54539183,74.29560708,159
MTRT1B,31.54393224,74.29460338,160
MTRT1B,31.54343266,74.29422861,161
MTRT1B,31.54314602,74.29407067,162
MTRT1B,31.54279815,74.29393988,163
MTRT1B,31.54191457,74.29369011,164
MTRT1B,31.5411444,74.29342364,165
MTRT1B,31.54056416,74.29315648,166
MTRT1B,31.53921096,74.29254354,167
MTRT1B,31.53853331,74.29226316,168
MTRT1B,31.53814537,74.2920004,169
MTRT1B,31.53740271,74.29140112,170
MTRT1B,31.53668211,74.29083493,171
MTRT1B,31.53542473,74.28988271,172
MTRT1B,31.53467105,74.28936065,173
MTRT1B,31.53252763,74.2878643,174
MTRT1B,31.53118937,74.28692678,175
MTRT1B,31.53032906,74.28635692,176
MTRT1B,31.52950551,74.28578706,177
MTRT1B,31.52904962,74.2854819,178
MTRT1B,31.52819667,74.28490469,179
MTRT1B,31.52713047,74.28417673,180
MTRT1B,31.52675038,74.28398533,181
MTRT1B,31.52610753,74.28377244,182
MTRT1B,31.52452613,74.28333761,183
MTRT1B,31.52406347,74.28320959,184
MTRT1B,31.52375943,74.2831108,185
MTRT1B,31.52349296,74.28298139,186
MTRT1B,31.52322966,74.28280171,187
MTRT1B,31.52298701,74.2826142,188
MTRT1B,31.52250538,74.28215095,189
MTRT1B,31.52109726,74.28078328,190
MTRT1B,31.5201193,74.27984944,191
MTRT1B,31.51935091,74.27908105,192
MTRT1B,31.51887664,74.27869869,193
MTRT1B,31.51783986,74.27793398,194
MTRT1B,31.51522217,74.27605895,195
MTRT1B,31.51445888,74.27554679,196
MTRT1B,31.51399789,74.27526114,197
MTRT1B,31.51286843,74.27464234,198
MTRT1B,31.51219635,74.27423882,199
MTRT1B,31.51153093,74.2737942,200
MTRT1B,31.51057135,74.27316184,201
MTRT1B,31.50848676,74.2717574,202
MTRT1B,31.5063801,74.27036399,203
MTRT1B,31.50374402,74.26858455,204
MTRT1B,31.50125133,74.26690438,205
MTRT1B,31.49992711,74.26602848,206
MTRT1B,31.49930443,74.26567713,207
MTRT1B,31.49823509,74.26511567,208
MTRT1B,31.49656185,74.26423766,209
MTRT1B,31.49552104,74.26375482,210
MTRT1B,31.4932599,74.26275853,211
MTRT1B,31.49121028,74.26200714,212
MTRT1B,31.49004145,74.26157857,213
MTRT1B,31.48929005,74.26130723,214
MTRT1B,31.48830351,74.26095798,215
MTRT1B,31.48794033,74.2608244,216
MTRT1B,31.48760499,74.26064907,217
MTRT1B,31.48734666,74.26043367,218
MTRT1B,31.48718121,74.26026087,219
MTRT1B,31.48698267,74.26003659,220
MTRT1B,31.48676575,74.25967627,221
MTRT1B,31.48664442,74.25939685,222
MTRT1B,31.4860672,74.25767623,223
MTRT1B,31.48586132,74.25716152,224
MTRT1B,31.48554882,74.25651813,225
MTRT1B,31.48528043,74.2560696,226
MTRT1B,31.48439806,74.25459163,227
MTRT1B,31.4837657,74.25355117,228
MTRT1B,31.48316642,74.25258792,229
MTRT1B,31.48269215,74.25179379,230
MTRT1B,31.48227303,74.25120923,231
MTRT1B,31.48169949,74.25046289,232
MTRT1B,31.48028035,74.24869448,233
MTRT1B,31.47938695,74.24758049,234
MTRT1B,31.47896782,74.24704004,235
MTRT1B,31.47846046,74.24632679,236
MTRT1B,31.47746412,74.24499221,237
MTRT1B,31.47702661,74.24437823,238
MTRT1B,31.4766994,74.24397381,239
MTRT1B,31.47626926,74.24351058,240
MTRT1B,31.47565896,74.24297749,241
MTRT1B,31.47506093,74.24256002,242
MTRT1B,31.47461079,74.2422866,243
MTRT1B,31.47266761,74.24139189,244
MTRT1B,31.47217434,74.24126179,245
MTRT1B,31.47184386,74.24123117,246
MTRT1B,31.47158644,74.2412277,247
MTRT1B,31.47124553,74.24126666,248
MTRT1B,31.47073765,74.24139189,249
MTRT1B,31.47000852,74.24174671,250
MTRT1B,31.46752406,74.24301434,251
MTRT1B,31.46687738,74.24331837,252
MTRT1B,31.46655386,74.24343108,253
MTRT1B,31.46614894,74.24353196,254
MTRT1B,31.46540173,74.24366485,255
MTRT1B,31.46443953,74.24384574,256
MTRT1B,31.46405409,74.24390557,257
MTRT1B,31.46390034,74.24392923,258